these 12 derivations will be built:
  /nix/store/6p3189h6f6gybvx2nd6ni2k16m748yld-device-test-0.1.0.drv
  /nix/store/983b8vn279ai4nlr5zs49p5b02qi64bz-fs-test-0.1.0.drv
  /nix/store/9rps3krp9ci0vgkj57r6jzy5hhf0g2l9-hello_world-test-0.1.0.drv
  /nix/store/b3ywqh0i4dxa7044k3ascnv2mlchfs4r-ipc-test-0.1.0.drv
  /nix/store/kcjwgc9yxr9n2fqp7dgdl2bs9qrxaap0-memory-test-0.1.0.drv
  /nix/store/ljxgshamg00ia4rvmh2ai05w06g5p7js-process-test-0.1.0.drv
  /nix/store/zlr8sk6ifpkciiqk5mll6gkxygyjdzmv-security-test-0.1.0.drv
  /nix/store/zwb8mlrxv6mqs02x0ph30vrw5n7fqza0-network-test-0.1.0.drv
  /nix/store/4jyfazvgcajrq7crk3jkb1dplwv6q16m-regression-0.1.0.drv
  /nix/store/4x9ll9mhpxd0n3xq535nara1srxsh05h-resolv-conf.drv
  /nix/store/gl61q1150gnpfwpi8grib4asqkx8zn6k-runtime-deps.drv
  /nix/store/la77dhql91p9sczyhf7yb6ikxwxcl66r-initramfs.drv
these 2 paths will be fetched (95.2 KiB download, 1.1 MiB unpacked):
  /nix/store/yc9d4s9z52ky0rfgwjbwvg8y83ix83x5-libnl-3.11.0-bin
  /nix/store/9whp1z0jcw0bad01w4mdzhl2r4nmb3p2-libnl-3.11.0-dev
building '/nix/store/4x9ll9mhpxd0n3xq535nara1srxsh05h-resolv-conf.drv'...
copying path '/nix/store/yc9d4s9z52ky0rfgwjbwvg8y83ix83x5-libnl-3.11.0-bin' from 'https://cache.nixos.org'...
Warning: the host's /etc/resolv.conf is not valid for the guest VM (containing lookback addresses).
Fall back to Cloudflare's public DNS servers (1.1.1.1).
Consider using the DNS_SERVER Makefile variable to specify DNS server explicitly.
For example: make DNS_SERVER="192.168.1.1"
building '/nix/store/6p3189h6f6gybvx2nd6ni2k16m748yld-device-test-0.1.0.drv'...
CC <= /nix/store/fbq9jiy1w71wwf7ryj98pwrgl19a65i1-device-test-0.1.0/device/devtmpfs_mode
CC <= /nix/store/fbq9jiy1w71wwf7ryj98pwrgl19a65i1-device-test-0.1.0/device/evdev
CC <= /nix/store/fbq9jiy1w71wwf7ryj98pwrgl19a65i1-device-test-0.1.0/device/framebuffer
CC <= /nix/store/fbq9jiy1w71wwf7ryj98pwrgl19a65i1-device-test-0.1.0/device/full
copying path '/nix/store/9whp1z0jcw0bad01w4mdzhl2r4nmb3p2-libnl-3.11.0-dev' from 'https://cache.nixos.org'...
CC <= /nix/store/fbq9jiy1w71wwf7ryj98pwrgl19a65i1-device-test-0.1.0/device/hwrng
CC <= /nix/store/fbq9jiy1w71wwf7ryj98pwrgl19a65i1-device-test-0.1.0/device/random
CC <= /nix/store/fbq9jiy1w71wwf7ryj98pwrgl19a65i1-device-test-0.1.0/device/pty/close_pty
CC <= /nix/store/fbq9jiy1w71wwf7ryj98pwrgl19a65i1-device-test-0.1.0/device/pty/open_ptmx
CC <= /nix/store/fbq9jiy1w71wwf7ryj98pwrgl19a65i1-device-test-0.1.0/device/pty/open_pty
CC <= /nix/store/fbq9jiy1w71wwf7ryj98pwrgl19a65i1-device-test-0.1.0/device/pty/pty_blocking
CC <= /nix/store/fbq9jiy1w71wwf7ryj98pwrgl19a65i1-device-test-0.1.0/device/pty/pty_packet_mode
building '/nix/store/983b8vn279ai4nlr5zs49p5b02qi64bz-fs-test-0.1.0.drv'...
CC <= /nix/store/fn7mxddisyp8c9vb538ayy51nwv7q7xz-fs-test-0.1.0/fs/ext2/mknod
CC <= /nix/store/fn7mxddisyp8c9vb538ayy51nwv7q7xz-fs-test-0.1.0/fs/ext2/open_dir
CC <= /nix/store/fn7mxddisyp8c9vb538ayy51nwv7q7xz-fs-test-0.1.0/fs/ext2/rename
CC <= /nix/store/fn7mxddisyp8c9vb538ayy51nwv7q7xz-fs-test-0.1.0/fs/ext2/rmdir
CC <= /nix/store/fn7mxddisyp8c9vb538ayy51nwv7q7xz-fs-test-0.1.0/fs/ext2/unix_socket
CC <= /nix/store/fn7mxddisyp8c9vb538ayy51nwv7q7xz-fs-test-0.1.0/fs/fdatasync/fdatasync
CC <= /nix/store/fn7mxddisyp8c9vb538ayy51nwv7q7xz-fs-test-0.1.0/fs/inotify/inotify_align
CC <= /nix/store/fn7mxddisyp8c9vb538ayy51nwv7q7xz-fs-test-0.1.0/fs/inotify/inotify_poll
CC <= /nix/store/fn7mxddisyp8c9vb538ayy51nwv7q7xz-fs-test-0.1.0/fs/inotify/inotify_unlink
CC <= /nix/store/fn7mxddisyp8c9vb538ayy51nwv7q7xz-fs-test-0.1.0/fs/isolation/chroot
CC <= /nix/store/fn7mxddisyp8c9vb538ayy51nwv7q7xz-fs-test-0.1.0/fs/isolation/pivot_root
CC <= /nix/store/fn7mxddisyp8c9vb538ayy51nwv7q7xz-fs-test-0.1.0/fs/mount/mount_move
CC <= /nix/store/fn7mxddisyp8c9vb538ayy51nwv7q7xz-fs-test-0.1.0/fs/overlayfs/ovl_test
CC <= /nix/store/fn7mxddisyp8c9vb538ayy51nwv7q7xz-fs-test-0.1.0/fs/overlayfs/readdir_small_buffer
CC <= /nix/store/fn7mxddisyp8c9vb538ayy51nwv7q7xz-fs-test-0.1.0/fs/procfs/dentry_cache
CC <= /nix/store/fn7mxddisyp8c9vb538ayy51nwv7q7xz-fs-test-0.1.0/fs/procfs/mountstats
CC <= /nix/store/fn7mxddisyp8c9vb538ayy51nwv7q7xz-fs-test-0.1.0/fs/procfs/pid_mem
CC <= /nix/store/fn7mxddisyp8c9vb538ayy51nwv7q7xz-fs-test-0.1.0/fs/procfs/tid
CC <= /nix/store/fn7mxddisyp8c9vb538ayy51nwv7q7xz-fs-test-0.1.0/fs/pseudofs/memfd_access_err
CC <= /nix/store/fn7mxddisyp8c9vb538ayy51nwv7q7xz-fs-test-0.1.0/fs/pseudofs/pseudo_dentry
CC <= /nix/store/fn7mxddisyp8c9vb538ayy51nwv7q7xz-fs-test-0.1.0/fs/pseudofs/pseudo_dev_id
CC <= /nix/store/fn7mxddisyp8c9vb538ayy51nwv7q7xz-fs-test-0.1.0/fs/pseudofs/pseudo_inode
CC <= /nix/store/fn7mxddisyp8c9vb538ayy51nwv7q7xz-fs-test-0.1.0/fs/pseudofs/pseudo_mount
CC <= /nix/store/fn7mxddisyp8c9vb538ayy51nwv7q7xz-fs-test-0.1.0/fs/symlink/symlink
building '/nix/store/9rps3krp9ci0vgkj57r6jzy5hhf0g2l9-hello_world-test-0.1.0.drv'...
CC <= /nix/store/kc7z47hd3wyl30da053wvli6s8wygbrc-hello_world-test-0.1.0/hello_world/in_c/hello
CC <= /nix/store/kc7z47hd3wyl30da053wvli6s8wygbrc-hello_world-test-0.1.0/hello_world/in_c_pie/hello
CC <= /nix/store/kc7z47hd3wyl30da053wvli6s8wygbrc-hello_world-test-0.1.0/hello_world/in_assembly/hello
building '/nix/store/b3ywqh0i4dxa7044k3ascnv2mlchfs4r-ipc-test-0.1.0.drv'...
CC <= /nix/store/xzwpa4k5cn81qqh7kkvn24rlyi13sjs1-ipc-test-0.1.0/ipc/pipe/pipe_err
CC <= /nix/store/xzwpa4k5cn81qqh7kkvn24rlyi13sjs1-ipc-test-0.1.0/ipc/pipe/process_pipe_available
CC <= /nix/store/xzwpa4k5cn81qqh7kkvn24rlyi13sjs1-ipc-test-0.1.0/ipc/pipe/short_rw
CC <= /nix/store/xzwpa4k5cn81qqh7kkvn24rlyi13sjs1-ipc-test-0.1.0/ipc/shm/posix_shm
building '/nix/store/kcjwgc9yxr9n2fqp7dgdl2bs9qrxaap0-memory-test-0.1.0.drv'...
CC <= /nix/store/23arl6hqs0fw2cy5b8ysfy978mhnl8n4-memory-test-0.1.0/memory/mmap/mmap_and_fork
CC <= /nix/store/23arl6hqs0fw2cy5b8ysfy978mhnl8n4-memory-test-0.1.0/memory/mmap/mmap_and_mprotect
CC <= /nix/store/23arl6hqs0fw2cy5b8ysfy978mhnl8n4-memory-test-0.1.0/memory/mmap/mmap_and_mremap
CC <= /nix/store/23arl6hqs0fw2cy5b8ysfy978mhnl8n4-memory-test-0.1.0/memory/mmap/mmap_beyond_the_file
CC <= /nix/store/23arl6hqs0fw2cy5b8ysfy978mhnl8n4-memory-test-0.1.0/memory/mmap/mmap_err
CC <= /nix/store/23arl6hqs0fw2cy5b8ysfy978mhnl8n4-memory-test-0.1.0/memory/mmap/mmap_holes
CC <= /nix/store/23arl6hqs0fw2cy5b8ysfy978mhnl8n4-memory-test-0.1.0/memory/mmap/mmap_readahead
CC <= /nix/store/23arl6hqs0fw2cy5b8ysfy978mhnl8n4-memory-test-0.1.0/memory/mmap/mmap_shared_filebacked
CC <= /nix/store/23arl6hqs0fw2cy5b8ysfy978mhnl8n4-memory-test-0.1.0/memory/mmap/mmap_vmrss
building '/nix/store/zwb8mlrxv6mqs02x0ph30vrw5n7fqza0-network-test-0.1.0.drv'...
CC <= /nix/store/h8xs9ydji5p3547h8jy3l3rgx2kg6fk5-network-test-0.1.0/network/getsockname_any
CC <= /nix/store/h8xs9ydji5p3547h8jy3l3rgx2kg6fk5-network-test-0.1.0/network/icmp_raw_socket
CC <= /nix/store/h8xs9ydji5p3547h8jy3l3rgx2kg6fk5-network-test-0.1.0/network/inaddr_any
CC <= /nix/store/h8xs9ydji5p3547h8jy3l3rgx2kg6fk5-network-test-0.1.0/network/iptables
CC <= /nix/store/h8xs9ydji5p3547h8jy3l3rgx2kg6fk5-network-test-0.1.0/network/ipv6_any
CC <= /nix/store/h8xs9ydji5p3547h8jy3l3rgx2kg6fk5-network-test-0.1.0/network/linux_socket_compat
CC <= /nix/store/h8xs9ydji5p3547h8jy3l3rgx2kg6fk5-network-test-0.1.0/network/linux_socket_compat_common
CC <= /nix/store/h8xs9ydji5p3547h8jy3l3rgx2kg6fk5-network-test-0.1.0/network/listen_autobind
CC <= /nix/store/h8xs9ydji5p3547h8jy3l3rgx2kg6fk5-network-test-0.1.0/network/listen_backlog
CC <= /nix/store/h8xs9ydji5p3547h8jy3l3rgx2kg6fk5-network-test-0.1.0/network/localhost_loopback
CC <= /nix/store/h8xs9ydji5p3547h8jy3l3rgx2kg6fk5-network-test-0.1.0/network/netfilter_rules
CC <= /nix/store/h8xs9ydji5p3547h8jy3l3rgx2kg6fk5-network-test-0.1.0/network/netlink_route
CC <= /nix/store/h8xs9ydji5p3547h8jy3l3rgx2kg6fk5-network-test-0.1.0/network/privileged_ports
CC <= /nix/store/h8xs9ydji5p3547h8jy3l3rgx2kg6fk5-network-test-0.1.0/network/rtnl_err
CC <= /nix/store/h8xs9ydji5p3547h8jy3l3rgx2kg6fk5-network-test-0.1.0/network/send_buf_full
CC <= /nix/store/h8xs9ydji5p3547h8jy3l3rgx2kg6fk5-network-test-0.1.0/network/sendmmsg
CC <= /nix/store/h8xs9ydji5p3547h8jy3l3rgx2kg6fk5-network-test-0.1.0/network/socket_buffer_defaults
CC <= /nix/store/h8xs9ydji5p3547h8jy3l3rgx2kg6fk5-network-test-0.1.0/network/socket_readiness
CC <= /nix/store/h8xs9ydji5p3547h8jy3l3rgx2kg6fk5-network-test-0.1.0/network/socketpair
CC <= /nix/store/h8xs9ydji5p3547h8jy3l3rgx2kg6fk5-network-test-0.1.0/network/sockoption
CC <= /nix/store/h8xs9ydji5p3547h8jy3l3rgx2kg6fk5-network-test-0.1.0/network/sockoption_unix
CC <= /nix/store/h8xs9ydji5p3547h8jy3l3rgx2kg6fk5-network-test-0.1.0/network/tcp_accept_model
CC <= /nix/store/h8xs9ydji5p3547h8jy3l3rgx2kg6fk5-network-test-0.1.0/network/tcp_client
CC <= /nix/store/h8xs9ydji5p3547h8jy3l3rgx2kg6fk5-network-test-0.1.0/network/tcp_err
CC <= /nix/store/h8xs9ydji5p3547h8jy3l3rgx2kg6fk5-network-test-0.1.0/network/tcp_poll
CC <= /nix/store/h8xs9ydji5p3547h8jy3l3rgx2kg6fk5-network-test-0.1.0/network/tcp_reuseaddr
CC <= /nix/store/h8xs9ydji5p3547h8jy3l3rgx2kg6fk5-network-test-0.1.0/network/tcp_server
CC <= /nix/store/h8xs9ydji5p3547h8jy3l3rgx2kg6fk5-network-test-0.1.0/network/tcp_wrapped_buffer_io
CC <= /nix/store/h8xs9ydji5p3547h8jy3l3rgx2kg6fk5-network-test-0.1.0/network/udp_broadcast
CC <= /nix/store/h8xs9ydji5p3547h8jy3l3rgx2kg6fk5-network-test-0.1.0/network/udp_client
CC <= /nix/store/h8xs9ydji5p3547h8jy3l3rgx2kg6fk5-network-test-0.1.0/network/udp_err
CC <= /nix/store/h8xs9ydji5p3547h8jy3l3rgx2kg6fk5-network-test-0.1.0/network/udp_server
CC <= /nix/store/h8xs9ydji5p3547h8jy3l3rgx2kg6fk5-network-test-0.1.0/network/uevent_err
CC <= /nix/store/h8xs9ydji5p3547h8jy3l3rgx2kg6fk5-network-test-0.1.0/network/unix_client
CC <= /nix/store/h8xs9ydji5p3547h8jy3l3rgx2kg6fk5-network-test-0.1.0/network/unix_datagram_err
CC <= /nix/store/h8xs9ydji5p3547h8jy3l3rgx2kg6fk5-network-test-0.1.0/network/unix_seqpacket_err
CC <= /nix/store/h8xs9ydji5p3547h8jy3l3rgx2kg6fk5-network-test-0.1.0/network/unix_server
CC <= /nix/store/h8xs9ydji5p3547h8jy3l3rgx2kg6fk5-network-test-0.1.0/network/unix_stream_err
CC <= /nix/store/h8xs9ydji5p3547h8jy3l3rgx2kg6fk5-network-test-0.1.0/network/vsock/vsock_client
CC <= /nix/store/h8xs9ydji5p3547h8jy3l3rgx2kg6fk5-network-test-0.1.0/network/vsock/vsock_server
building '/nix/store/ljxgshamg00ia4rvmh2ai05w06g5p7js-process-test-0.1.0.drv'...
CC <= /nix/store/8g7j4hlqq4hinl37s0msas0s3dg81gdc-process-test-0.1.0/process/group_session
CC <= /nix/store/8g7j4hlqq4hinl37s0msas0s3dg81gdc-process-test-0.1.0/process/job_control
CC <= /nix/store/8g7j4hlqq4hinl37s0msas0s3dg81gdc-process-test-0.1.0/process/pidfd
CC <= /nix/store/8g7j4hlqq4hinl37s0msas0s3dg81gdc-process-test-0.1.0/process/pidfd_getfd
CC <= /nix/store/8g7j4hlqq4hinl37s0msas0s3dg81gdc-process-test-0.1.0/process/wait4
CC <= /nix/store/8g7j4hlqq4hinl37s0msas0s3dg81gdc-process-test-0.1.0/process/alarm/alarm
CC <= /nix/store/8g7j4hlqq4hinl37s0msas0s3dg81gdc-process-test-0.1.0/process/clone3/clone_exit_signal
CC <= /nix/store/8g7j4hlqq4hinl37s0msas0s3dg81gdc-process-test-0.1.0/process/clone3/clone_files
CC <= /nix/store/8g7j4hlqq4hinl37s0msas0s3dg81gdc-process-test-0.1.0/process/clone3/clone_invalid_exit_signal
CC <= /nix/store/8g7j4hlqq4hinl37s0msas0s3dg81gdc-process-test-0.1.0/process/clone3/clone_no_exit_signal
CC <= /nix/store/8g7j4hlqq4hinl37s0msas0s3dg81gdc-process-test-0.1.0/process/clone3/clone_parent
CC <= /nix/store/8g7j4hlqq4hinl37s0msas0s3dg81gdc-process-test-0.1.0/process/clone3/clone_process
CC <= /nix/store/8g7j4hlqq4hinl37s0msas0s3dg81gdc-process-test-0.1.0/process/cpu_affinity/cpu_affinity
CC <= /nix/store/8g7j4hlqq4hinl37s0msas0s3dg81gdc-process-test-0.1.0/process/execve/execve
CC <= /nix/store/8g7j4hlqq4hinl37s0msas0s3dg81gdc-process-test-0.1.0/process/execve/execve_err
CC <= /nix/store/8g7j4hlqq4hinl37s0msas0s3dg81gdc-process-test-0.1.0/process/execve/execve_memfd
CC <= /nix/store/8g7j4hlqq4hinl37s0msas0s3dg81gdc-process-test-0.1.0/process/execve/execve_mt_child
CC <= /nix/store/8g7j4hlqq4hinl37s0msas0s3dg81gdc-process-test-0.1.0/process/execve/execve_mt_parent
CC <= /nix/store/8g7j4hlqq4hinl37s0msas0s3dg81gdc-process-test-0.1.0/process/execve/hello
CC <= /nix/store/8g7j4hlqq4hinl37s0msas0s3dg81gdc-process-test-0.1.0/process/exit/exit_code
CC <= /nix/store/8g7j4hlqq4hinl37s0msas0s3dg81gdc-process-test-0.1.0/process/exit/exit_procfs
CC <= /nix/store/8g7j4hlqq4hinl37s0msas0s3dg81gdc-process-test-0.1.0/process/fork_c/fork
CC <= /nix/store/8g7j4hlqq4hinl37s0msas0s3dg81gdc-process-test-0.1.0/process/getcpu/getcpu
CC <= /nix/store/8g7j4hlqq4hinl37s0msas0s3dg81gdc-process-test-0.1.0/process/getpid/getpid
CC <= /nix/store/8g7j4hlqq4hinl37s0msas0s3dg81gdc-process-test-0.1.0/process/itimer/setitimer
CC <= /nix/store/8g7j4hlqq4hinl37s0msas0s3dg81gdc-process-test-0.1.0/process/itimer/timer_create
CC <= /nix/store/8g7j4hlqq4hinl37s0msas0s3dg81gdc-process-test-0.1.0/process/prctl/capbset
CC <= /nix/store/8g7j4hlqq4hinl37s0msas0s3dg81gdc-process-test-0.1.0/process/prctl/secure_bits
CC <= /nix/store/8g7j4hlqq4hinl37s0msas0s3dg81gdc-process-test-0.1.0/process/prctl/subreaper
CC <= /nix/store/8g7j4hlqq4hinl37s0msas0s3dg81gdc-process-test-0.1.0/process/pthread/pthread_signal_test
CC <= /nix/store/8g7j4hlqq4hinl37s0msas0s3dg81gdc-process-test-0.1.0/process/pthread/pthread_test
CC <= /nix/store/8g7j4hlqq4hinl37s0msas0s3dg81gdc-process-test-0.1.0/process/ptrace/ptrace
CC <= /nix/store/8g7j4hlqq4hinl37s0msas0s3dg81gdc-process-test-0.1.0/process/sched/sched_attr_getset
CC <= /nix/store/8g7j4hlqq4hinl37s0msas0s3dg81gdc-process-test-0.1.0/process/sched/sched_param_getset
CC <= /nix/store/8g7j4hlqq4hinl37s0msas0s3dg81gdc-process-test-0.1.0/process/sched/sched_param_idle
CC <= /nix/store/8g7j4hlqq4hinl37s0msas0s3dg81gdc-process-test-0.1.0/process/signal/fault_signals
CC <= /nix/store/8g7j4hlqq4hinl37s0msas0s3dg81gdc-process-test-0.1.0/process/signal/kill
CC <= /nix/store/8g7j4hlqq4hinl37s0msas0s3dg81gdc-process-test-0.1.0/process/signal/parent_death_signal
CC <= /nix/store/8g7j4hlqq4hinl37s0msas0s3dg81gdc-process-test-0.1.0/process/signal/pidfd_send_signal
CC <= /nix/store/8g7j4hlqq4hinl37s0msas0s3dg81gdc-process-test-0.1.0/process/signal/sigaltstack
CC <= /nix/store/8g7j4hlqq4hinl37s0msas0s3dg81gdc-process-test-0.1.0/process/signal/signal_fd
CC <= /nix/store/8g7j4hlqq4hinl37s0msas0s3dg81gdc-process-test-0.1.0/process/signal/signal_fpu
CC <= /nix/store/8g7j4hlqq4hinl37s0msas0s3dg81gdc-process-test-0.1.0/process/signal/signal_rflags_df
CC <= /nix/store/8g7j4hlqq4hinl37s0msas0s3dg81gdc-process-test-0.1.0/process/signal/signal_test
CC <= /nix/store/8g7j4hlqq4hinl37s0msas0s3dg81gdc-process-test-0.1.0/process/signal/signal_test2
CC <= /nix/store/8g7j4hlqq4hinl37s0msas0s3dg81gdc-process-test-0.1.0/process/signal/sigtrap
CC <= /nix/store/8g7j4hlqq4hinl37s0msas0s3dg81gdc-process-test-0.1.0/process/fork/fork
building '/nix/store/zlr8sk6ifpkciiqk5mll6gkxygyjdzmv-security-test-0.1.0.drv'...
CC <= /nix/store/z2gqkr42j2pl9n9fzphaa6j0hy9rpn4w-security-test-0.1.0/security/capability/capabilities
CC <= /nix/store/z2gqkr42j2pl9n9fzphaa6j0hy9rpn4w-security-test-0.1.0/security/capability/capset
CC <= /nix/store/z2gqkr42j2pl9n9fzphaa6j0hy9rpn4w-security-test-0.1.0/security/capability/execve
CC <= /nix/store/z2gqkr42j2pl9n9fzphaa6j0hy9rpn4w-security-test-0.1.0/security/capability/execve_child
CC <= /nix/store/z2gqkr42j2pl9n9fzphaa6j0hy9rpn4w-security-test-0.1.0/security/namespace/cgroup_ns
CC <= /nix/store/z2gqkr42j2pl9n9fzphaa6j0hy9rpn4w-security-test-0.1.0/security/namespace/ipc_ns_sem
CC <= /nix/store/z2gqkr42j2pl9n9fzphaa6j0hy9rpn4w-security-test-0.1.0/security/namespace/mnt_ns
CC <= /nix/store/z2gqkr42j2pl9n9fzphaa6j0hy9rpn4w-security-test-0.1.0/security/namespace/proc_nsfs
CC <= /nix/store/z2gqkr42j2pl9n9fzphaa6j0hy9rpn4w-security-test-0.1.0/security/namespace/setns
CC <= /nix/store/z2gqkr42j2pl9n9fzphaa6j0hy9rpn4w-security-test-0.1.0/security/namespace/unshare
building '/nix/store/4jyfazvgcajrq7crk3jkb1dplwv6q16m-regression-0.1.0.drv'...
building '/nix/store/gl61q1150gnpfwpi8grib4asqkx8zn6k-runtime-deps.drv'...
structuredAttrs is enabled
building '/nix/store/la77dhql91p9sczyhf7yb6ikxwxcl66r-initramfs.drv'...
/nix/store/7prhkdhl41hgkn5gvx83gwqnvmlj00ad-initramfs
this derivation will be built:
  /nix/store/fcypiak2yx5w6cybkwvlc5vksva0p7gy-initramfs-image.drv
building '/nix/store/fcypiak2yx5w6cybkwvlc5vksva0p7gy-initramfs-image.drv'...
/build/tmp.gCfAdOLN5l /build
113116 blocks
/build
/nix/store/3vfyl3fikx4n1j5i3z0xmp2vbfp846qf-initramfs-image
info: syncing channel updates for nightly-2025-12-06-x86_64-unknown-linux-gnu
info: latest update on 2025-12-06 for version 1.94.0-nightly (1aa9bab4e 2025-12-05)
info: downloading 12 components
  Installing cargo-osdk v0.17.1 (/root/asterinas/osdk)
    Updating crates.io index
     Locking 164 packages to latest Rust 1.94.0-nightly compatible versions
      Adding indicatif v0.17.11 (available: v0.18.6)
      Adding inferno v0.11.21 (available: v0.12.8)
      Adding shlex v1.3.0 (available: v2.0.1)
      Adding syn v2.0.119 (available: v3.0.3)
      Adding toml v0.8.23 (available: v1.1.4+spec-1.1.0)
      Adding whoami v1.6.1 (available: v2.1.2)
 Downloading crates ...
  Downloaded autocfg v1.5.1
  Downloaded libflate_lz77 v2.3.0
  Downloaded zero v0.1.3
  Downloaded number_prefix v0.4.0
  Downloaded str_stack v0.1.1
  Downloaded toml_datetime v0.6.11
  Downloaded adler32 v1.2.0
  Downloaded is-terminal v0.4.17
  Downloaded defmt-parser v1.0.0
  Downloaded serde_spanned v0.6.9
  Downloaded env_filter v2.0.0
  Downloaded xmas-elf v0.10.0
  Downloaded toml_write v0.1.2
  Downloaded rev_buf_reader v0.3.0
  Downloaded iana-time-zone v0.1.65
  Downloaded fastrand v2.5.0
  Downloaded thiserror-impl v2.0.19
  Downloaded bitflags v1.3.2
  Downloaded whoami v1.6.1
  Downloaded dashmap v6.2.1
  Downloaded dary_heap v0.3.9
  Downloaded quote v1.0.47
  Downloaded env_logger v0.11.11
  Downloaded zmij v1.0.23
  Downloaded clap_derive v4.6.4
  Downloaded thiserror v2.0.19
  Downloaded which v8.0.5
  Downloaded arrayvec v0.7.8
  Downloaded defmt-macros v1.1.1
  Downloaded toml v0.8.23
  Downloaded no_std_io2 v0.9.4
  Downloaded smallvec v1.15.2
  Downloaded defmt v1.1.1
  Downloaded console v0.15.11
  Downloaded libflate v2.3.1
  Downloaded crossbeam-utils v0.8.22
  Downloaded num-traits v0.2.19
  Downloaded getrandom v0.4.3
  Downloaded bitflags v2.13.1
  Downloaded log v0.4.33
  Downloaded bytemuck v1.25.2
  Downloaded serde_derive v1.0.229
  Downloaded serde_core v1.0.229
  Downloaded num-format v0.4.4
  Downloaded proc-macro2 v1.0.107
  Downloaded allocator-api2 v0.2.21
  Downloaded clap v4.6.4
  Downloaded rle-decode-fast v1.0.3
  Downloaded indicatif v0.17.11
  Downloaded toml_edit v0.22.27
  Downloaded serde v1.0.229
  Downloaded inferno v0.11.21
  Downloaded crossbeam-channel v0.5.16
  Downloaded memchr v2.8.3
  Downloaded zerocopy-derive v0.8.55
  Downloaded jiff-core v0.1.0
  Downloaded quick-xml v0.26.0
  Downloaded hashbrown v0.14.5
  Downloaded regex v1.13.1
  Downloaded clap_builder v4.6.2
  Downloaded serde_json v1.0.151
  Downloaded portable-atomic v1.14.0
  Downloaded chrono v0.4.45
  Downloaded zerocopy v0.8.55
  Downloaded syn v2.0.119
  Downloaded syn v3.0.3
  Downloaded regex-syntax v0.8.11
  Downloaded regex-automata v0.4.16
  Downloaded jiff v0.2.35
  Downloaded libc v0.2.189
    Finished `release` profile [optimized] target(s) in 39.47s
  Installing /root/.cargo/bin/cargo-osdk
   Installed package `cargo-osdk v0.17.1 (/root/asterinas/osdk)` (executable `cargo-osdk`)
[Info] [normal] Forwarded QEMU guest port: 60253->22; 46037->8080 23098->6379 50356->5201 58870->31234 6997->31236 52383->11211
[Info] [test] Forwarded QEMU guest port: 20886->22; 48441->8080 50532->6379 44504->5201 38977->31234 3384->31236 61533->11211
    Updating crates.io index
    Updating git repository `https://github.com/asterinas/inherit-methods-macro`
    Updating git repository `https://github.com/asterinas/smoltcp`
    Updating git repository `https://github.com/asterinas/inventory`
    Updating git repository `https://github.com/asterinas/rust-ctor`
 Downloading crates ...
  Downloaded funty v2.0.0
  Downloaded ptr_meta v0.3.1
  Downloaded extension-traits v1.0.1
  Downloaded subtle v2.4.1
  Downloaded ghash v0.4.4
  Downloaded getset v0.1.7
  Downloaded aead v0.4.3
  Downloaded ext-trait v1.0.1
  Downloaded nougat v0.2.4
  Downloaded hash32 v0.3.1
  Downloaded cobs v0.3.0
  Downloaded never-say-never v6.6.666
  Downloaded volatile v0.4.6
  Downloaded radium v0.7.0
  Downloaded hash32 v0.2.1
  Downloaded powerfmt v0.2.0
  Downloaded time-core v0.1.9
  Downloaded darling_macro v0.13.4
  Downloaded tap v1.0.1
  Downloaded nougat-proc_macros v0.2.4
  Downloaded macro_rules_attribute-proc_macro v0.1.3
  Downloaded ptr_meta_derive v0.3.1
  Downloaded lending-iterator-proc_macros v0.1.7
  Downloaded ext-trait-proc_macros v1.0.1
  Downloaded bit_field v0.10.3
  Downloaded universal-hash v0.4.1
  Downloaded num-conv v0.2.2
  Downloaded macro_rules_attribute v0.1.3
  Downloaded takeable v0.2.2
  Downloaded managed v0.8.0
  Downloaded cipher v0.3.0
  Downloaded opaque-debug v0.3.1
  Downloaded memoffset v0.9.1
  Downloaded konst_macro_rules v0.2.19
  Downloaded wyz v0.5.1
  Downloaded unwinding v0.2.8
  Downloaded rand_core v0.9.5
  Downloaded tdx-guest v0.2.4
  Downloaded polyval v0.5.3
  Downloaded paste v1.0.15
  Downloaded darling v0.13.4
  Downloaded polonius-the-crab v0.2.1
  Downloaded const_format_proc_macros v0.2.34
  Downloaded byteorder v1.5.0
  Downloaded rustversion v1.0.23
  Downloaded generic-array v0.14.9
  Downloaded either v1.17.0
  Downloaded defmt v0.3.100
  Downloaded ctr v0.8.0
  Downloaded lru v0.16.4
  Downloaded deranged v0.5.8
  Downloaded uguid v2.2.1
  Downloaded postcard v1.1.3
  Downloaded bittle v0.5.7
  Downloaded ghost v0.1.23
  Downloaded spin v0.9.9
  Downloaded volatile v0.6.1
  Downloaded owo-colors v4.3.0
  Downloaded lending-iterator v0.1.7
  Downloaded toml v0.7.8
  Downloaded font8x8 v0.2.7
  Downloaded multiboot2 v0.24.1
  Downloaded acpi v5.2.0
  Downloaded konst v0.2.20
  Downloaded intrusive-collections v0.9.7
  Downloaded heapless v0.7.17
  Downloaded uefi-raw v0.12.0
  Downloaded x86_64 v0.14.13
  Downloaded heapless v0.8.0
  Downloaded darling_core v0.13.4
  Downloaded const_format v0.2.36
  Downloaded rand v0.9.5
  Downloaded typenum v1.20.1
  Downloaded raw-cpuid v10.7.0
  Downloaded toml_edit v0.19.15
  Downloaded json v0.12.4
  Downloaded aes v0.7.5
  Downloaded winnow v0.5.40
  Downloaded aes-gcm v0.9.4
  Downloaded bitvec v1.1.1
  Downloaded time v0.3.54
  Downloaded gimli v0.32.3
  Downloaded gimli v0.28.1
  Downloaded multiboot2-common v0.3.0
  Downloaded x86 v0.52.0
    Updating crates.io index
 Downloading crates ...
  Downloaded getopts v0.2.24
  Downloaded rustc-literal-escaper v0.0.5
   Compiling compiler_builtins v0.1.160 (/root/.rustup/toolchains/nightly-2025-12-06-x86_64-unknown-linux-gnu/lib/rustlib/src/rust/library/compiler-builtins/compiler-builtins)
   Compiling core v0.0.0 (/root/.rustup/toolchains/nightly-2025-12-06-x86_64-unknown-linux-gnu/lib/rustlib/src/rust/library/core)
   Compiling zerocopy v0.8.55
   Compiling thiserror v2.0.19
   Compiling radium v0.7.0
   Compiling memoffset v0.9.1
   Compiling num-traits v0.2.19
   Compiling x86 v0.52.0
   Compiling generic-array v0.14.9
   Compiling serde_core v1.0.229
   Compiling serde v1.0.229
   Compiling heapless v0.8.0
   Compiling smoltcp v0.11.0 (https://github.com/asterinas/smoltcp?tag=r_2024-11-08_f07e5b5#b10671de)
   Compiling ahash v0.8.12
   Compiling heapless v0.7.17
   Compiling crc32fast v1.5.0
   Compiling owo-colors v4.3.0
   Compiling alloc v0.0.0 (/root/.rustup/toolchains/nightly-2025-12-06-x86_64-unknown-linux-gnu/lib/rustlib/src/rust/library/alloc)
   Compiling cfg-if v1.0.4
   Compiling scopeguard v1.2.0
   Compiling bitflags v2.13.1
   Compiling log v0.4.33
   Compiling bitflags v1.3.2
   Compiling bit_field v0.10.3
   Compiling lock_api v0.4.14
   Compiling tap v1.0.1
   Compiling raw-cpuid v10.7.0
   Compiling wyz v0.5.1
   Compiling ptr_meta v0.3.1
   Compiling spin v0.9.9
   Compiling funty v2.0.0
   Compiling uguid v2.2.1
   Compiling volatile v0.4.6
   Compiling x86_64 v0.14.13
   Compiling lazy_static v1.5.0
   Compiling uefi-raw v0.12.0
   Compiling iced-x86 v1.21.0
   Compiling multiboot2-common v0.3.0
   Compiling int-to-c-enum v0.1.0 (/root/asterinas/ostd/libs/int-to-c-enum)
warning: unstable feature specified for `-Ctarget-feature`: `ermsb`
  |
  = note: this feature is not stably supported; its behavior can change in the future

warning: `int-to-c-enum` (lib) generated 1 warning
   Compiling gimli v0.32.3
   Compiling intrusive-collections v0.9.7
   Compiling bitvec v1.1.1
   Compiling acpi v5.2.0
   Compiling ostd-test v0.17.1 (/root/asterinas/ostd/libs/ostd-test)
warning: `ostd-test` (lib) generated 1 warning (1 duplicate)
   Compiling smallvec v1.15.2
   Compiling unwinding v0.2.8
   Compiling align_ext v0.1.0 (/root/asterinas/ostd/libs/align_ext)
   Compiling volatile v0.6.1
warning: `align_ext` (lib) generated 1 warning (1 duplicate)
   Compiling linux-boot-params v0.17.1 (/root/asterinas/ostd/libs/linux-bzimage/boot-params)
   Compiling gimli v0.28.1
warning: `linux-boot-params` (lib) generated 1 warning (1 duplicate)
   Compiling inventory v0.3.3 (https://github.com/asterinas/inventory?rev=9dce587#9dce5871)
   Compiling component v0.1.0 (/root/asterinas/kernel/libs/comp-sys/component)
   Compiling typeflags-util v0.1.0 (/root/asterinas/kernel/libs/typeflags-util)
warning: `typeflags-util` (lib) generated 1 warning (1 duplicate)
   Compiling aster-rights v0.1.0 (/root/asterinas/kernel/libs/aster-rights)
   Compiling multiboot2 v0.24.1
warning: `aster-rights` (lib) generated 1 warning (1 duplicate)
   Compiling byteorder v1.5.0
warning: `component` (lib) generated 1 warning (1 duplicate)
   Compiling typenum v1.20.1
   Compiling stable_deref_trait v1.2.1
   Compiling allocator-api2 v0.2.21
   Compiling id-alloc v0.1.0 (/root/asterinas/ostd/libs/id-alloc)
   Compiling hash32 v0.3.1
   Compiling opaque-debug v0.3.1
   Compiling foldhash v0.2.0
warning: `id-alloc` (lib) generated 1 warning (1 duplicate)
   Compiling subtle v2.4.1
   Compiling cpufeatures v0.2.17
   Compiling equivalent v1.0.2
   Compiling font8x8 v0.2.7
   Compiling hashbrown v0.16.1
   Compiling managed v0.8.0
   Compiling tdx-guest v0.2.4
   Compiling ostd-pod v0.4.0 (/root/asterinas/ostd/libs/ostd-pod)
   Compiling universal-hash v0.4.1
   Compiling cipher v0.3.0
warning: `ostd-pod` (lib) generated 1 warning (1 duplicate)
   Compiling ext-trait v1.0.1
   Compiling macro_rules_attribute v0.1.3
   Compiling memchr v2.8.3
   Compiling nougat v0.2.4
   Compiling extension-traits v1.0.1
   Compiling polyval v0.5.3
   Compiling hash32 v0.2.1
   Compiling ostd v0.17.1 (/root/asterinas/ostd)
   Compiling jhash v0.1.0 (/root/asterinas/kernel/libs/jhash)
   Compiling never-say-never v6.6.666
   Compiling polonius-the-crab v0.2.1
warning: `jhash` (lib) generated 1 warning (1 duplicate)
   Compiling takeable v0.2.2
   Compiling once_cell v1.21.4
   Compiling lending-iterator v0.1.7
   Compiling ghash v0.4.4
   Compiling no_std_io2 v0.9.4
   Compiling ctr v0.8.0
   Compiling aes v0.7.5
   Compiling aead v0.4.3
   Compiling ppv-lite86 v0.2.21
   Compiling cobs v0.3.0
   Compiling rand_core v0.9.5
   Compiling konst_macro_rules v0.2.19
   Compiling rle-decode-fast v1.0.3
   Compiling rand_chacha v0.9.0
   Compiling libflate_lz77 v2.3.0
   Compiling aes-gcm v0.9.4
   Compiling konst v0.2.20
   Compiling lru v0.16.4
   Compiling deranged v0.5.8
   Compiling bittle v0.5.7
   Compiling powerfmt v0.2.0
   Compiling time-core v0.1.9
   Compiling zero v0.1.3
   Compiling adler32 v1.2.0
   Compiling dary_heap v0.3.9
   Compiling num-conv v0.2.2
   Compiling xmas-elf v0.10.0
   Compiling libflate v2.3.1
   Compiling const_format v0.2.36
   Compiling hashbrown v0.14.5
   Compiling rand v0.9.5
   Compiling cpio-decoder v0.1.0 (/root/asterinas/kernel/libs/cpio-decoder)
   Compiling time v0.3.54
warning: `cpio-decoder` (lib) generated 1 warning (1 duplicate)
   Compiling logo-ascii-art v0.1.0 (/root/asterinas/kernel/libs/logo-ascii-art)
warning: `logo-ascii-art` (lib) generated 1 warning (1 duplicate)
   Compiling keyable-arc v0.1.0 (/root/asterinas/kernel/libs/keyable-arc)
warning: `keyable-arc` (lib) generated 1 warning (1 duplicate)
   Compiling postcard v1.1.3
   Compiling osdk-heap-allocator v0.17.1 (/root/asterinas/osdk/deps/heap-allocator)
   Compiling aster-console v0.1.0 (/root/asterinas/kernel/comps/console)
   Compiling aster-input v0.1.0 (/root/asterinas/kernel/comps/input)
   Compiling aster-cmdline v0.1.0 (/root/asterinas/kernel/comps/cmdline)
   Compiling aster-pci v0.1.0 (/root/asterinas/kernel/comps/pci)
   Compiling osdk-frame-allocator v0.17.1 (/root/asterinas/osdk/deps/frame-allocator)
   Compiling ring-buffer v0.1.0 (/root/asterinas/kernel/libs/ring-buffer)
warning: `ring-buffer` (lib) generated 1 warning (1 duplicate)
   Compiling xarray v0.1.0 (/root/asterinas/kernel/libs/xarray)
warning: `osdk-frame-allocator` (lib) generated 1 warning (1 duplicate)
   Compiling aster-util v0.1.0 (/root/asterinas/kernel/libs/aster-util)
warning: `xarray` (lib) generated 1 warning (1 duplicate)
   Compiling aster-framebuffer v0.1.0 (/root/asterinas/kernel/comps/framebuffer)
warning: `aster-console` (lib) generated 1 warning (1 duplicate)
   Compiling aster-i8042 v0.1.0 (/root/asterinas/kernel/comps/i8042)
warning: `aster-input` (lib) generated 1 warning (1 duplicate)
   Compiling aster-uart v0.1.0 (/root/asterinas/kernel/comps/uart)
warning: `osdk-heap-allocator` (lib) generated 1 warning (1 duplicate)
   Compiling aster-softirq v0.1.0 (/root/asterinas/kernel/comps/softirq)
warning: `aster-cmdline` (lib) generated 1 warning (1 duplicate)
   Compiling device-id v0.1.0 (/root/asterinas/kernel/libs/device-id)
warning: `aster-pci` (lib) generated 1 warning (1 duplicate)
   Compiling aster-block v0.1.0 (/root/asterinas/kernel/comps/block)
warning: `aster-util` (lib) generated 1 warning (1 duplicate)
   Compiling aster-systree v0.1.0 (/root/asterinas/kernel/comps/systree)
warning: `device-id` (lib) generated 1 warning (1 duplicate)
   Compiling aster-time v0.1.0 (/root/asterinas/kernel/comps/time)
warning: `aster-uart` (lib) generated 1 warning (1 duplicate)
   Compiling aster-bigtcp v0.1.0 (/root/asterinas/kernel/libs/aster-bigtcp)
warning: `aster-framebuffer` (lib) generated 1 warning (1 duplicate)
   Compiling aster-logger v0.1.0 (/root/asterinas/kernel/comps/logger)
warning: `aster-softirq` (lib) generated 1 warning (1 duplicate)
warning: `aster-logger` (lib) generated 1 warning (1 duplicate)
warning: `aster-time` (lib) generated 1 warning (1 duplicate)
warning: `aster-i8042` (lib) generated 1 warning (1 duplicate)
   Compiling aster-mlsdisk v0.1.0 (/root/asterinas/kernel/comps/mlsdisk)
warning: `aster-systree` (lib) generated 1 warning (1 duplicate)
   Compiling aster-network v0.1.0 (/root/asterinas/kernel/comps/network)
warning: `aster-block` (lib) generated 1 warning (1 duplicate)
warning: `ostd` (lib) generated 1 warning (1 duplicate)
warning: `aster-bigtcp` (lib) generated 1 warning (1 duplicate)
   Compiling aster-virtio v0.1.0 (/root/asterinas/kernel/comps/virtio)
warning: `aster-network` (lib) generated 1 warning (1 duplicate)
   Compiling aster-kernel v0.1.0 (/root/asterinas/kernel)
warning: `aster-virtio` (lib) generated 1 warning (1 duplicate)
warning: `aster-mlsdisk` (lib) generated 1 warning (1 duplicate)
warning: `aster-kernel` (lib) generated 1 warning (1 duplicate)
   Compiling aster-kernel-osdk-bin v0.1.0 (/root/asterinas/target/osdk/aster-kernel-run-base)
warning: `aster-kernel-osdk-bin` (bin "aster-kernel-osdk-bin") generated 1 warning (1 duplicate)
    Finished `release` profile [optimized] target(s) in 1m 13s
grub-mkrescue: warning: cannot open directory `/usr/local/grub/share/locale': No such file or directory.
xorriso 1.5.6 : RockRidge filesystem manipulator, libburnia project.

Drive current: -outdev 'stdio:/root/asterinas/target/osdk/aster-kernel-osdk-bin.iso'
Media current: stdio file, overwriteable
Media status : is blank
Media summary: 0 sessions, 0 data blocks, 0 data,  127g free
Added to ISO image: directory '/'='/tmp/grub.WdkAnb'
xorriso : UPDATE :     298 files added in 1 seconds
Added to ISO image: directory '/'='/root/asterinas/target/osdk/iso_root'
xorriso : UPDATE :     303 files added in 1 seconds
ISO image produced: 18032 sectors
Written to medium : 18032 sectors at LBA 0
Writing to 'stdio:/root/asterinas/target/osdk/aster-kernel-osdk-bin.iso' completed successfully.

qemu-system-x86_64: warning: host doesn't support requested feature: CPUID[eax=01h].ECX.pcid [bit 17]
qemu-system-x86_64: warning: host doesn't support requested feature: CPUID[eax=07h,ecx=00h].EBX.hle [bit 4]
qemu-system-x86_64: warning: host doesn't support requested feature: CPUID[eax=07h,ecx=00h].EBX.rtm [bit 11]
qemu-system-x86_64: warning: host doesn't support requested feature: CPUID[eax=07h,ecx=00h].ECX.la57 [bit 16]
qemu-system-x86_64: warning: host doesn't support requested feature: CPUID[eax=07h,ecx=00h].EDX.spec-ctrl [bit 26]
qemu-system-x86_64: warning: host doesn't support requested feature: CPUID[eax=80000001h].ECX.cmp-legacy [bit 1]
qemu-system-x86_64: warning: host doesn't support requested feature: CPUID[eax=01h].ECX.pcid [bit 17]
qemu-system-x86_64: warning: host doesn't support requested feature: CPUID[eax=07h,ecx=00h].EBX.hle [bit 4]
qemu-system-x86_64: warning: host doesn't support requested feature: CPUID[eax=07h,ecx=00h].EBX.rtm [bit 11]
qemu-system-x86_64: warning: host doesn't support requested feature: CPUID[eax=07h,ecx=00h].ECX.la57 [bit 16]
qemu-system-x86_64: warning: host doesn't support requested feature: CPUID[eax=07h,ecx=00h].EDX.spec-ctrl [bit 26]
qemu-system-x86_64: warning: host doesn't support requested feature: CPUID[eax=80000001h].ECX.cmp-legacy [bit 1]
qemu-system-x86_64: warning: host doesn't support requested feature: CPUID[eax=01h].ECX.pcid [bit 17]
qemu-system-x86_64: warning: host doesn't support requested feature: CPUID[eax=07h,ecx=00h].EBX.hle [bit 4]
qemu-system-x86_64: warning: host doesn't support requested feature: CPUID[eax=07h,ecx=00h].EBX.rtm [bit 11]
qemu-system-x86_64: warning: host doesn't support requested feature: CPUID[eax=07h,ecx=00h].ECX.la57 [bit 16]
qemu-system-x86_64: warning: host doesn't support requested feature: CPUID[eax=07h,ecx=00h].EDX.spec-ctrl [bit 26]
qemu-system-x86_64: warning: host doesn't support requested feature: CPUID[eax=80000001h].ECX.cmp-legacy [bit 1]
qemu-system-x86_64: warning: host doesn't support requested feature: CPUID[eax=01h].ECX.pcid [bit 17]
qemu-system-x86_64: warning: host doesn't support requested feature: CPUID[eax=07h,ecx=00h].EBX.hle [bit 4]
qemu-system-x86_64: warning: host doesn't support requested feature: CPUID[eax=07h,ecx=00h].EBX.rtm [bit 11]
qemu-system-x86_64: warning: host doesn't support requested feature: CPUID[eax=07h,ecx=00h].ECX.la57 [bit 16]
qemu-system-x86_64: warning: host doesn't support requested feature: CPUID[eax=07h,ecx=00h].EDX.spec-ctrl [bit 26]
qemu-system-x86_64: warning: host doesn't support requested feature: CPUID[eax=80000001h].ECX.cmp-legacy [bit 1]
[2J[01;01H[=3h[2J[01;01H[2J[01;01H[8;042;160t0[2J[01;01H[2J[01;01H[8;056;240t0[2J[01;01HBdsDxe: loading Boot0002 "UEFI QEMU DVD-ROM QM00005 " from PciRoot(0x0)/Pci(0x1F,0x2)/Sata(0x2,0xFFFF,0x0)
BdsDxe: starting Boot0002 "UEFI QEMU DVD-ROM QM00005 " from PciRoot(0x0)/Pci(0x1F,0x2)/Sata(0x2,0xFFFF,0x0)
WARNING: no console will be available to OS

error: no suitable video mode found.

OSTD initialized. Preparing components.
Spawn the first kernel thread
[kernel] unpacking initramfs.cpio.gz to rootfs ...
[kernel] rootfs is ready

                                  [38;2;87;180;249m.[39m[38;2;89;185;249m.[39m[38;2;91;189;250m.[39m[38;2;93;193;250m.[39m[38;2;94;197;250m.[39m[38;2;96;201;250m.[39m
                                [38;2;83;172;249m.[39m[38;2;85;176;249m-[39m[38;2;87;180;249m+[39m[38;2;89;185;249m+[39m[38;2;91;189;250m+[39m[38;2;93;193;250m+[39m[38;2;94;197;250m=[39m[38;2;96;201;250m:[39m
                               [38;2;82;168;249m.[39m[38;2;83;172;249m=[39m[38;2;85;176;249m+[39m[38;2;87;180;249m+[39m[38;2;89;185;249m+[39m[38;2;91;189;250m+[39m[38;2;93;193;250m+[39m[38;2;94;197;250m=[39m[38;2;96;201;250m:[39m
                              [38;2;80;163;249m:[39m[38;2;82;168;249m+[39m[38;2;83;172;249m+[39m[38;2;85;176;249m+[39m[38;2;87;180;249m+[39m[38;2;89;185;249m+[39m[38;2;91;189;250m+[39m[38;2;93;193;250m+[39m[38;2;94;197;250m=[39m[38;2;96;201;250m:[39m
                            [38;2;76;155;248m.[39m[38;2;78;159;248m-[39m[38;2;80;163;249m+[39m[38;2;82;168;249m+[39m[38;2;83;172;249m+[39m[38;2;85;176;249m+[39m[38;2;87;180;249m+[39m[38;2;89;185;249m+[39m[38;2;91;189;250m+[39m[38;2;93;193;250m+[39m[38;2;94;197;250m=[39m[38;2;96;201;250m.[39m
                           [38;2;74;151;248m.[39m[38;2;76;155;248m=[39m[38;2;78;159;248m*[39m[38;2;80;163;249m*[39m[38;2;82;168;249m+[39m[38;2;83;172;249m+[39m[38;2;85;176;249m=[39m[38;2;87;180;249m=[39m[38;2;89;185;249m+[39m[38;2;91;189;250m+[39m[38;2;93;193;250m+[39m[38;2;94;197;250m=[39m[38;2;96;201;250m.[39m
                          [38;2;73;147;248m:[39m[38;2;74;151;248m*[39m[38;2;76;155;248m*[39m[38;2;78;159;248m*[39m[38;2;80;163;249m*[39m[38;2;82;168;249m+[39m[38;2;83;172;249m-[39m[38;2;85;176;249m.[39m[38;2;87;180;249m=[39m[38;2;89;185;249m+[39m[38;2;91;189;250m+[39m[38;2;93;193;250m+[39m[38;2;94;197;250m=[39m[38;2;96;201;250m.[39m
                        [38;2;69;138;248m.[39m[38;2;71;142;248m=[39m[38;2;73;147;248m*[39m[38;2;74;151;248m*[39m[38;2;76;155;248m*[39m[38;2;78;159;248m*[39m[38;2;80;163;249m+[39m[38;2;82;168;249m:[39m [38;2;85;176;249m.[39m[38;2;87;180;249m+[39m[38;2;89;185;249m+[39m[38;2;91;189;250m+[39m[38;2;93;193;250m+[39m[38;2;94;197;250m=[39m[38;2;96;201;250m.[39m
                       [38;2;67;134;248m.[39m[38;2;69;138;248m+[39m[38;2;71;142;248m*[39m[38;2;73;147;248m*[39m[38;2;74;151;248m*[39m[38;2;76;155;248m*[39m[38;2;78;159;248m=[39m[38;2;80;163;249m.[39m  [38;2;85;176;249m.[39m[38;2;87;180;249m+[39m[38;2;89;185;249m+[39m[38;2;91;189;250m+[39m[38;2;93;193;250m+[39m[38;2;94;197;250m-[39m
                     [38;2;63;125;247m.[39m[38;2;65;130;247m-[39m[38;2;67;134;248m*[39m[38;2;69;138;248m*[39m[38;2;71;142;248m*[39m[38;2;73;147;248m*[39m[38;2;74;151;248m*[39m[38;2;76;155;248m=[39m[38;2;78;159;248m.[39m   [38;2;85;176;249m:[39m[38;2;87;180;249m+[39m[38;2;89;185;249m+[39m[38;2;91;189;250m+[39m[38;2;93;193;250m+[39m[38;2;94;197;250m-[39m
    [38;2;33;54;245m.[39m[38;2;34;58;245m:[39m[38;2;36;62;245m:[39m[38;2;38;66;245m-[39m[38;2;40;70;245m=[39m[38;2;42;75;245m=[39m[38;2;43;79;245m=[39m[38;2;45;83;246m=[39m[38;2;47;87;246m=[39m[38;2;49;92;246m=[39m[38;2;51;96;246m=[39m[38;2;53;100;246m=[39m[38;2;54;104;246m=[39m[38;2;56;108;247m=[39m[38;2;58;113;247m=[39m[38;2;60;117;247m=[39m[38;2;62;121;247m=[39m[38;2;63;125;247m+[39m[38;2;65;130;247m*[39m[38;2;67;134;248m*[39m[38;2;69;138;248m*[39m[38;2;71;142;248m*[39m[38;2;73;147;248m*[39m[38;2;74;151;248m+[39m[38;2;76;155;248m-[39m[38;2;78;159;248m-[39m[38;2;80;163;249m-[39m[38;2;82;168;249m-[39m[38;2;83;172;249m-[39m[38;2;85;176;249m=[39m[38;2;87;180;249m+[39m[38;2;89;185;249m+[39m[38;2;91;189;250m+[39m[38;2;93;193;250m+[39m[38;2;94;197;250m=[39m[38;2;96;201;250m-[39m[38;2;98;206;250m:[39m[38;2;100;210;250m:[39m[38;2;102;214;251m:[39m[38;2;103;218;251m:[39m[38;2;105;223;251m:[39m[38;2;107;227;251m:[39m[38;2;109;231;251m:[39m[38;2;111;235;251m.[39m
        [38;2;40;70;245m.[39m[38;2;42;75;245m.[39m[38;2;43;79;245m:[39m[38;2;45;83;246m-[39m[38;2;47;87;246m*[39m[38;2;49;92;246m#[39m[38;2;51;96;246m#[39m[38;2;53;100;246m#[39m[38;2;54;104;246m#[39m[38;2;56;108;247m#[39m[38;2;58;113;247m#[39m[38;2;60;117;247m#[39m[38;2;62;121;247m#[39m[38;2;63;125;247m#[39m[38;2;65;130;247m*[39m[38;2;67;134;248m*[39m[38;2;69;138;248m*[39m[38;2;71;142;248m*[39m[38;2;73;147;248m*[39m[38;2;74;151;248m*[39m[38;2;76;155;248m*[39m[38;2;78;159;248m*[39m[38;2;80;163;249m*[39m[38;2;82;168;249m+[39m[38;2;83;172;249m+[39m[38;2;85;176;249m+[39m[38;2;87;180;249m+[39m[38;2;89;185;249m+[39m[38;2;91;189;250m+[39m[38;2;93;193;250m+[39m[38;2;94;197;250m=[39m[38;2;96;201;250m=[39m[38;2;98;206;250m=[39m[38;2;100;210;250m=[39m[38;2;102;214;251m=[39m[38;2;103;218;251m=[39m[38;2;105;223;251m=[39m[38;2;107;227;251m:[39m[38;2;109;231;251m.[39m
              [38;2;51;96;246m.[39m[38;2;53;100;246m:[39m[38;2;54;104;246m+[39m[38;2;56;108;247m*[39m[38;2;58;113;247m#[39m[38;2;60;117;247m#[39m[38;2;62;121;247m#[39m[38;2;63;125;247m#[39m[38;2;65;130;247m#[39m[38;2;67;134;248m*[39m[38;2;69;138;248m*[39m[38;2;71;142;248m*[39m[38;2;73;147;248m*[39m[38;2;74;151;248m+[39m[38;2;76;155;248m+[39m[38;2;78;159;248m+[39m[38;2;80;163;249m+[39m[38;2;82;168;249m+[39m[38;2;83;172;249m+[39m[38;2;85;176;249m+[39m[38;2;87;180;249m+[39m[38;2;89;185;249m+[39m[38;2;91;189;250m+[39m[38;2;93;193;250m+[39m[38;2;94;197;250m=[39m[38;2;96;201;250m=[39m[38;2;98;206;250m=[39m[38;2;100;210;250m=[39m[38;2;102;214;251m=[39m[38;2;103;218;251m-[39m[38;2;105;223;251m.[39m[38;2;107;227;251m.[39m
                 [38;2;56;108;247m.[39m[38;2;58;113;247m.[39m[38;2;60;117;247m-[39m[38;2;62;121;247m+[39m[38;2;63;125;247m#[39m[38;2;65;130;247m*[39m[38;2;67;134;248m*[39m[38;2;69;138;248m*[39m[38;2;71;142;248m*[39m[38;2;73;147;248m*[39m[38;2;74;151;248m*[39m[38;2;76;155;248m=[39m[38;2;78;159;248m.[39m[38;2;80;163;249m.[39m  [38;2;85;176;249m-[39m[38;2;87;180;249m+[39m[38;2;89;185;249m+[39m[38;2;91;189;250m+[39m[38;2;93;193;250m+[39m[38;2;94;197;250m.[39m
                [38;2;54;104;246m-[39m[38;2;56;108;247m+[39m[38;2;58;113;247m=[39m[38;2;60;117;247m.[39m[38;2;62;121;247m.[39m[38;2;63;125;247m.[39m[38;2;65;130;247m:[39m[38;2;67;134;248m*[39m[38;2;69;138;248m*[39m[38;2;71;142;248m*[39m[38;2;73;147;248m*[39m[38;2;74;151;248m*[39m[38;2;76;155;248m*[39m[38;2;78;159;248m*[39m[38;2;80;163;249m=[39m[38;2;82;168;249m.[39m[38;2;83;172;249m.[39m[38;2;85;176;249m=[39m[38;2;87;180;249m+[39m[38;2;89;185;249m+[39m[38;2;91;189;250m+[39m[38;2;93;193;250m+[39m[38;2;94;197;250m.[39m
              [38;2;51;96;246m.[39m[38;2;53;100;246m+[39m[38;2;54;104;246m*[39m[38;2;56;108;247m+[39m[38;2;58;113;247m+[39m[38;2;60;117;247m+[39m[38;2;62;121;247m=[39m[38;2;63;125;247m.[39m [38;2;67;134;248m.[39m[38;2;69;138;248m.[39m[38;2;71;142;248m=[39m[38;2;73;147;248m*[39m[38;2;74;151;248m*[39m[38;2;76;155;248m*[39m[38;2;78;159;248m*[39m[38;2;80;163;249m*[39m[38;2;82;168;249m+[39m[38;2;83;172;249m-[39m[38;2;85;176;249m=[39m[38;2;87;180;249m+[39m[38;2;89;185;249m+[39m[38;2;91;189;250m+[39m[38;2;93;193;250m+[39m[38;2;94;197;250m.[39m
            [38;2;47;87;246m.[39m[38;2;49;92;246m:[39m[38;2;51;96;246m*[39m[38;2;53;100;246m*[39m[38;2;54;104;246m*[39m[38;2;56;108;247m+[39m[38;2;58;113;247m=[39m[38;2;60;117;247m.[39m[38;2;62;121;247m.[39m     [38;2;73;147;248m.[39m[38;2;74;151;248m-[39m[38;2;76;155;248m+[39m[38;2;78;159;248m*[39m[38;2;80;163;249m*[39m[38;2;82;168;249m+[39m[38;2;83;172;249m+[39m[38;2;85;176;249m+[39m[38;2;87;180;249m+[39m[38;2;89;185;249m+[39m[38;2;91;189;250m+[39m[38;2;93;193;250m=[39m[38;2;94;197;250m.[39m
           [38;2;45;83;246m.[39m[38;2;47;87;246m-[39m[38;2;49;92;246m*[39m[38;2;51;96;246m*[39m[38;2;53;100;246m*[39m[38;2;54;104;246m+[39m[38;2;56;108;247m:[39m          [38;2;76;155;248m.[39m[38;2;78;159;248m-[39m[38;2;80;163;249m+[39m[38;2;82;168;249m+[39m[38;2;83;172;249m+[39m[38;2;85;176;249m+[39m[38;2;87;180;249m+[39m[38;2;89;185;249m+[39m[38;2;91;189;250m+[39m[38;2;93;193;250m=[39m
          [38;2;43;79;245m.[39m[38;2;45;83;246m*[39m[38;2;47;87;246m#[39m[38;2;49;92;246m*[39m[38;2;51;96;246m=[39m[38;2;53;100;246m.[39m              [38;2;80;163;249m.[39m[38;2;82;168;249m=[39m[38;2;83;172;249m+[39m[38;2;85;176;249m+[39m[38;2;87;180;249m+[39m[38;2;89;185;249m+[39m[38;2;91;189;250m+[39m[38;2;93;193;250m=[39m
        [38;2;40;70;245m.[39m[38;2;42;75;245m-[39m[38;2;43;79;245m*[39m[38;2;45;83;246m#[39m[38;2;47;87;246m+[39m[38;2;49;92;246m.[39m[38;2;51;96;246m.[39m                [38;2;82;168;249m.[39m[38;2;83;172;249m:[39m[38;2;85;176;249m=[39m[38;2;87;180;249m+[39m[38;2;89;185;249m+[39m[38;2;91;189;250m+[39m[38;2;93;193;250m-[39m
       [38;2;38;66;245m.[39m[38;2;40;70;245m=[39m[38;2;42;75;245m#[39m[38;2;43;79;245m=[39m[38;2;45;83;246m.[39m                     [38;2;85;176;249m.[39m[38;2;87;180;249m=[39m[38;2;89;185;249m+[39m[38;2;91;189;250m+[39m[38;2;93;193;250m-[39m
      [38;2;36;62;245m:[39m[38;2;38;66;245m*[39m[38;2;40;70;245m=[39m[38;2;42;75;245m.[39m                         [38;2;89;185;249m.[39m[38;2;91;189;250m.[39m[38;2;93;193;250m.[39m
    [38;2;33;54;245m.[39m[38;2;34;58;245m:[39m[38;2;36;62;245m-[39m[38;2;38;66;245m.[39m [38;2;42;75;245mP[39m[38;2;43;79;245mr[39m[38;2;45;83;246me[39m[38;2;47;87;246ms[39m[38;2;49;92;246me[39m[38;2;51;96;246mn[39m[38;2;53;100;246mt[39m[38;2;54;104;246me[39m[38;2;56;108;247md[39m [38;2;60;117;247mb[39m[38;2;62;121;247my[39m [38;2;65;130;247mt[39m[38;2;67;134;248mh[39m[38;2;69;138;248me[39m [38;2;73;147;248mA[39m[38;2;74;151;248ms[39m[38;2;76;155;248mt[39m[38;2;78;159;248me[39m[38;2;80;163;249mr[39m[38;2;82;168;249mi[39m[38;2;83;172;249mn[39m[38;2;85;176;249ma[39m[38;2;87;180;249ms[39m [38;2;91;189;250md[39m[38;2;93;193;250me[39m[38;2;94;197;250mv[39m[38;2;96;201;250me[39m[38;2;98;206;250ml[39m[38;2;100;210;250mo[39m[38;2;102;214;251mp[39m[38;2;103;218;251me[39m[38;2;105;223;251mr[39m[38;2;107;227;251ms[39m
    [38;2;33;54;245m.[39m[38;2;34;58;245m.[39m [38;2;38;66;245mR[39m[38;2;40;70;245me[39m[38;2;42;75;245ml[39m[38;2;43;79;245me[39m[38;2;45;83;246ma[39m[38;2;47;87;246ms[39m[38;2;49;92;246me[39m[38;2;51;96;246md[39m [38;2;54;104;246mu[39m[38;2;56;108;247mn[39m[38;2;58;113;247md[39m[38;2;60;117;247me[39m[38;2;62;121;247mr[39m [38;2;65;130;247mM[39m[38;2;67;134;248mo[39m[38;2;69;138;248mz[39m[38;2;71;142;248mi[39m[38;2;73;147;248ml[39m[38;2;74;151;248ml[39m[38;2;76;155;248ma[39m [38;2;80;163;249mP[39m[38;2;82;168;249mu[39m[38;2;83;172;249mb[39m[38;2;85;176;249ml[39m[38;2;87;180;249mi[39m[38;2;89;185;249mc[39m [38;2;93;193;250mL[39m[38;2;94;197;250mi[39m[38;2;96;201;250mc[39m[38;2;98;206;250me[39m[38;2;100;210;250mn[39m[38;2;102;214;251ms[39m[38;2;103;218;251me[39m [38;2;107;227;251mv[39m[38;2;109;231;251m2[39m[38;2;111;235;251m.[39m[38;2;113;240;252m0[39m

Running test in /test/network


Hello message sent


Client: Hello from client


Hello message sent


Server: Hello from server


Received Hello world from udp client! from 127.0.0.1:32768


Received Hello world from udp server! from 127.0.0.1:1234


Server is listening...


server path = /tmp/test.sock


accepted client path = \B89


Server is connected to client


Client Received: Hello from unix socket server


Client is connected to server


test_tcp_inaddr_any_getsockname_and_connect: `socket(2, SOCK_STREAM | SOCK_NONBLOCK, 0)` passed [got Success]


test_tcp_inaddr_any_getsockname_and_connect: `bind(listen_fd, (struct sockaddr *)&bind_addr, sizeof(bind_addr))` passed [got Success]


test_tcp_inaddr_any_getsockname_and_connect: `getsockname(listen_fd, (struct sockaddr *)&bind_addr, &bind_addrlen)` passed [got Success]


test_tcp_inaddr_any_getsockname_and_connect: `bind_addr.sin_family` passed [got Success]


test_tcp_inaddr_any_getsockname_and_connect: `bind_addr.sin_addr.s_addr` passed [got Success]


test_tcp_inaddr_any_getsockname_and_connect: `bind_addr.sin_port` passed [got Success]


test_tcp_inaddr_any_getsockname_and_connect: `listen(listen_fd, 1)` passed [got Success]


test_tcp_inaddr_any_getsockname_and_connect: `socket(2, SOCK_STREAM | SOCK_NONBLOCK, 0)` passed [got Success]


test_tcp_inaddr_any_getsockname_and_connect: `connect(connect_fd, (struct sockaddr *)&connect_addr, sizeof(connect_addr))` passed [got Operation now in progress]


test_tcp_inaddr_any_getsockname_and_connect: `poll(&poll_fd, 1, 1000)` passed [got Success]


test_tcp_inaddr_any_getsockname_and_connect: `accept(listen_fd, ((void *)0), ((void *)0))` passed [got Success]


test_tcp_inaddr_any_getsockname_and_connect: `tcp_exchange_succeeds(connect_fd, accepted_fd, 'a')` passed [got Success]


test_tcp_inaddr_any_getsockname_and_connect: `close(accepted_fd)` passed [got Success]


test_tcp_inaddr_any_getsockname_and_connect: `close(connect_fd)` passed [got Success]


test_tcp_inaddr_any_getsockname_and_connect: `close(listen_fd)` passed [got Success]


test_tcp_inaddr_any_getsockname_and_connect summary: 15 tests passed, 0 tests failed


test_udp_inaddr_any_receives_datagram: `socket(2, SOCK_DGRAM | SOCK_NONBLOCK, 0)` passed [got Success]


test_udp_inaddr_any_receives_datagram: `bind(recv_fd, (struct sockaddr *)&bind_addr, sizeof(bind_addr))` passed [got Success]


test_udp_inaddr_any_receives_datagram: `getsockname(recv_fd, (struct sockaddr *)&bind_addr, &bind_addrlen)` passed [got Success]


test_udp_inaddr_any_receives_datagram: `bind_addr.sin_addr.s_addr` passed [got Success]


test_udp_inaddr_any_receives_datagram: `socket(2, SOCK_DGRAM, 0)` passed [got Success]


test_udp_inaddr_any_receives_datagram: `sendto(send_fd, &send_byte, sizeof(send_byte), 0, (struct sockaddr *)&send_addr, sizeof(send_addr))` passed [got Success]


test_udp_inaddr_any_receives_datagram: `poll(&poll_fd, 1, 1000)` passed [got Success]


test_udp_inaddr_any_receives_datagram: `read(recv_fd, &recv_byte, sizeof(recv_byte))` passed [got Success]


test_udp_inaddr_any_receives_datagram: `close(send_fd)` passed [got Success]


test_udp_inaddr_any_receives_datagram: `close(recv_fd)` passed [got Success]


test_udp_inaddr_any_receives_datagram summary: 10 tests passed, 0 tests failed


test_tcp_listen_autobinds_inaddr_any: `socket(2, SOCK_STREAM | SOCK_NONBLOCK, 0)` passed [got Success]


test_tcp_listen_autobinds_inaddr_any: `listen(listen_fd, 1)` passed [got Success]


test_tcp_listen_autobinds_inaddr_any: `getsockname(listen_fd, (struct sockaddr *)&listen_addr, &listen_addrlen)` passed [got Success]


test_tcp_listen_autobinds_inaddr_any: `listen_addr.sin_family` passed [got Success]


test_tcp_listen_autobinds_inaddr_any: `listen_addr.sin_addr.s_addr` passed [got Success]


test_tcp_listen_autobinds_inaddr_any: `listen_addr.sin_port` passed [got Success]


test_tcp_listen_autobinds_inaddr_any: `socket(2, SOCK_STREAM | SOCK_NONBLOCK, 0)` passed [got Success]


test_tcp_listen_autobinds_inaddr_any: `connect(connect_fd, (struct sockaddr *)&connect_addr, sizeof(connect_addr))` passed [got Operation now in progress]


test_tcp_listen_autobinds_inaddr_any: `poll(&poll_fd, 1, 1000)` passed [got Success]


test_tcp_listen_autobinds_inaddr_any: `accept(listen_fd, ((void *)0), ((void *)0))` passed [got Success]


test_tcp_listen_autobinds_inaddr_any: `tcp_exchange_succeeds(connect_fd, accepted_fd, 'l')` passed [got Success]


test_tcp_listen_autobinds_inaddr_any: `close(accepted_fd)` passed [got Success]


test_tcp_listen_autobinds_inaddr_any: `close(connect_fd)` passed [got Success]


test_tcp_listen_autobinds_inaddr_any: `close(listen_fd)` passed [got Success]


test_tcp_listen_autobinds_inaddr_any summary: 14 tests passed, 0 tests failed


test_loopback_tcp_and_udp_work: `accept(listen_fd, ((void *)0), ((void *)0))` passed [got Success]


test_loopback_tcp_and_udp_work: `tcp_exchange_succeeds(connect_fd, accepted_fd, 't')` passed [got Success]


test_loopback_tcp_and_udp_work: `close(accepted_fd)` passed [got Success]


test_loopback_tcp_and_udp_work: `close(connect_fd)` passed [got Success]


test_loopback_tcp_and_udp_work: `close(listen_fd)` passed [got Success]


test_loopback_tcp_and_udp_work: `socket(2, SOCK_DGRAM, 0)` passed [got Success]


test_loopback_tcp_and_udp_work: `socket(2, SOCK_DGRAM, 0)` passed [got Success]


test_loopback_tcp_and_udp_work: `bind(recv_fd, (struct sockaddr *)&recv_addr, sizeof(recv_addr))` passed [got Success]


test_loopback_tcp_and_udp_work: `getsockname(recv_fd, (struct sockaddr *)&recv_addr, &recv_addrlen)` passed [got Success]


test_loopback_tcp_and_udp_work: `sendto(send_fd, &send_byte, sizeof(send_byte), 0, (struct sockaddr *)&recv_addr, sizeof(recv_addr))` passed [got Success]


test_loopback_tcp_and_udp_work: `read(recv_fd, &recv_byte, sizeof(recv_byte))` passed [got Success]


test_loopback_tcp_and_udp_work: `close(send_fd)` passed [got Success]


test_loopback_tcp_and_udp_work: `close(recv_fd)` passed [got Success]


test_loopback_tcp_and_udp_work summary: 13 tests passed, 0 tests failed


test_listener_accepts_sequential_connections: `socket(2, SOCK_STREAM, 0)` passed [got Success]


test_listener_accepts_sequential_connections: `connect(connect_fd, (struct sockaddr *)&listen_addr, sizeof(listen_addr))` passed [got Success]


test_listener_accepts_sequential_connections: `poll(&poll_fd, 1, 1000)` passed [got Success]


test_listener_accepts_sequential_connections: `accept(listen_fd, ((void *)0), ((void *)0))` passed [got Success]


test_listener_accepts_sequential_connections: `tcp_exchange_succeeds(connect_fd, accepted_fd, expected)` passed [got Success]


test_listener_accepts_sequential_connections: `close(accepted_fd)` passed [got Success]


test_listener_accepts_sequential_connections: `close(connect_fd)` passed [got Success]


test_listener_accepts_sequential_connections: `socket(2, SOCK_STREAM, 0)` passed [got Success]


test_listener_accepts_sequential_connections: `connect(connect_fd, (struct sockaddr *)&listen_addr, sizeof(listen_addr))` passed [got Success]


test_listener_accepts_sequential_connections: `poll(&poll_fd, 1, 1000)` passed [got Success]


test_listener_accepts_sequential_connections: `accept(listen_fd, ((void *)0), ((void *)0))` passed [got Success]


test_listener_accepts_sequential_connections: `tcp_exchange_succeeds(connect_fd, accepted_fd, expected)` passed [got Success]


test_listener_accepts_sequential_connections: `close(accepted_fd)` passed [got Success]


test_listener_accepts_sequential_connections: `close(connect_fd)` passed [got Success]


test_listener_accepts_sequential_connections: `socket(2, SOCK_STREAM, 0)` passed [got Success]


test_listener_accepts_sequential_connections: `connect(connect_fd, (struct sockaddr *)&listen_addr, sizeof(listen_addr))` passed [got Success]


test_listener_accepts_sequential_connections: `poll(&poll_fd, 1, 1000)` passed [got Success]


test_listener_accepts_sequential_connections: `accept(listen_fd, ((void *)0), ((void *)0))` passed [got Success]


test_listener_accepts_sequential_connections: `tcp_exchange_succeeds(connect_fd, accepted_fd, expected)` passed [got Success]


test_listener_accepts_sequential_connections: `close(accepted_fd)` passed [got Success]


test_listener_accepts_sequential_connections: `close(connect_fd)` passed [got Success]


test_listener_accepts_sequential_connections: `close(listen_fd)` passed [got Success]


test_listener_accepts_sequential_connections summary: 22 tests passed, 0 tests failed


test_socket_readiness_matches_common_service_states: `poll_has_no_read(listen_fd)` passed [got Success]


test_socket_readiness_matches_common_service_states: `select_has_read(listen_fd, 0)` passed [got Success]


test_socket_readiness_matches_common_service_states: `epoll_has_no_read(listen_fd)` passed [got Success]


test_socket_readiness_matches_common_service_states: `poll_has_events(listen_fd, 0x001, 0x001)` passed [got Success]


test_socket_readiness_matches_common_service_states: `select_has_read(listen_fd, 1)` passed [got Success]


test_socket_readiness_matches_common_service_states: `epoll_has_events(listen_fd, EPOLLIN, EPOLLIN)` passed [got Success]


test_socket_readiness_matches_common_service_states: `accept(listen_fd, ((void *)0), ((void *)0))` passed [got Success]


test_socket_readiness_matches_common_service_states: `poll_has_events(accepted_fd, 0x001 | 0x004, 0x004)` passed [got Success]


test_socket_readiness_matches_common_service_states: `select_has_write(accepted_fd)` passed [got Success]


test_socket_readiness_matches_common_service_states: `epoll_has_events(accepted_fd, EPOLLIN | EPOLLOUT, EPOLLOUT)` passed [got Success]


test_socket_readiness_matches_common_service_states: `write(connect_fd, &byte, sizeof(byte))` passed [got Success]


test_socket_readiness_matches_common_service_states: `poll_has_events(accepted_fd, 0x001 | 0x004, 0x001 | 0x004)` passed [got Success]


test_socket_readiness_matches_common_service_states: `select_has_read(accepted_fd, 1)` passed [got Success]


test_socket_readiness_matches_common_service_states: `epoll_has_events(accepted_fd, EPOLLIN | EPOLLOUT, EPOLLIN | EPOLLOUT)` passed [got Success]


test_socket_readiness_matches_common_service_states: `read(accepted_fd, &byte, sizeof(byte))` passed [got Success]


test_socket_readiness_matches_common_service_states: `close(accepted_fd)` passed [got Success]


test_socket_readiness_matches_common_service_states: `close(connect_fd)` passed [got Success]


test_socket_readiness_matches_common_service_states: `close(listen_fd)` passed [got Success]


test_socket_readiness_matches_common_service_states summary: 18 tests passed, 0 tests failed


test_udp_readiness_matches_common_service_states: `socket(2, SOCK_DGRAM, 0)` passed [got Success]


test_udp_readiness_matches_common_service_states: `socket(2, SOCK_DGRAM, 0)` passed [got Success]


test_udp_readiness_matches_common_service_states: `bind(recv_fd, (struct sockaddr *)&recv_addr, sizeof(recv_addr))` passed [got Success]


test_udp_readiness_matches_common_service_states: `getsockname(recv_fd, (struct sockaddr *)&recv_addr, &recv_addrlen)` passed [got Success]


test_udp_readiness_matches_common_service_states: `poll_has_events(recv_fd, 0x001 | 0x004, 0x004)` passed [got Success]


test_udp_readiness_matches_common_service_states: `select_has_read(recv_fd, 0)` passed [got Success]


test_udp_readiness_matches_common_service_states: `select_has_write(recv_fd)` passed [got Success]


test_udp_readiness_matches_common_service_states: `epoll_has_events(recv_fd, EPOLLIN | EPOLLOUT, EPOLLOUT)` passed [got Success]


test_udp_readiness_matches_common_service_states: `sendto(send_fd, &send_byte, sizeof(send_byte), 0, (struct sockaddr *)&recv_addr, sizeof(recv_addr))` passed [got Success]


test_udp_readiness_matches_common_service_states: `poll_has_events(recv_fd, 0x001 | 0x004, 0x001 | 0x004)` passed [got Success]


test_udp_readiness_matches_common_service_states: `select_has_read(recv_fd, 1)` passed [got Success]


test_udp_readiness_matches_common_service_states: `epoll_has_events(recv_fd, EPOLLIN | EPOLLOUT, EPOLLIN | EPOLLOUT)` passed [got Success]


test_udp_readiness_matches_common_service_states: `read(recv_fd, &recv_byte, sizeof(recv_byte))` passed [got Success]


test_udp_readiness_matches_common_service_states: `close(send_fd)` passed [got Success]


test_udp_readiness_matches_common_service_states: `close(recv_fd)` passed [got Success]


test_udp_readiness_matches_common_service_states summary: 15 tests passed, 0 tests failed


test_reuseaddr_allows_service_restart: `socket(2, SOCK_STREAM, 0)` passed [got Success]


test_reuseaddr_allows_service_restart: `setsockopt(first_listener, 1, 2, &option, sizeof(option))` passed [got Success]


test_reuseaddr_allows_service_restart: `bind(first_listener, (struct sockaddr *)&restart_addr, restart_addrlen)` passed [got Success]


test_reuseaddr_allows_service_restart: `getsockname(first_listener, (struct sockaddr *)&restart_addr, &restart_addrlen)` passed [got Success]


test_reuseaddr_allows_service_restart: `listen(first_listener, 1)` passed [got Success]


test_reuseaddr_allows_service_restart: `socket(2, SOCK_STREAM, 0)` passed [got Success]


test_reuseaddr_allows_service_restart: `connect(client, (struct sockaddr *)&restart_addr, restart_addrlen)` passed [got Success]


test_reuseaddr_allows_service_restart: `accept(first_listener, ((void *)0), ((void *)0))` passed [got Success]


test_reuseaddr_allows_service_restart: `tcp_exchange_succeeds(client, accepted, 's')` passed [got Success]


test_reuseaddr_allows_service_restart: `close(accepted)` passed [got Success]


test_reuseaddr_allows_service_restart: `close(client)` passed [got Success]


test_reuseaddr_allows_service_restart: `close(first_listener)` passed [got Success]


test_reuseaddr_allows_service_restart: `socket(2, SOCK_STREAM, 0)` passed [got Success]


test_reuseaddr_allows_service_restart: `setsockopt(second_listener, 1, 2, &option, sizeof(option))` passed [got Success]


test_reuseaddr_allows_service_restart: `bind(second_listener, (struct sockaddr *)&restart_addr, restart_addrlen)` passed [got Success]


test_reuseaddr_allows_service_restart: `listen(second_listener, 1)` passed [got Success]


test_reuseaddr_allows_service_restart: `close(second_listener)` passed [got Success]


test_reuseaddr_allows_service_restart summary: 17 tests passed, 0 tests failed


test_common_service_response_transfer: `accept(listen_fd, ((void *)0), ((void *)0))` passed [got Success]


test_common_service_response_transfer: `write(accepted_fd, send_buf, sizeof(send_buf))` passed [got Success]


Server Received: Hello from unix socket client


test_common_service_response_transfer: `read_exact(client_fd, recv_buf, sizeof(recv_buf))` passed [got Success]


test_common_service_response_transfer: `memcmp(send_buf, recv_buf, sizeof(send_buf))` passed [got Success]


test_common_service_response_transfer: `close(accepted_fd)` passed [got Success]


test_common_service_response_transfer: `close(client_fd)` passed [got Success]


test_common_service_response_transfer: `close(listen_fd)` passed [got Success]


test_common_service_response_transfer summary: 7 tests passed, 0 tests failed


test_tcp_inaddr_any_getsockname_and_connect: `socket(2, SOCK_STREAM | SOCK_NONBLOCK, 0)` passed [got Success]


test_tcp_inaddr_any_getsockname_and_connect: `bind(listen_fd, (struct sockaddr *)&bind_addr, sizeof(bind_addr))` passed [got Success]


test_tcp_inaddr_any_getsockname_and_connect: `getsockname(listen_fd, (struct sockaddr *)&bind_addr, &bind_addrlen)` passed [got Success]


test_tcp_inaddr_any_getsockname_and_connect: `bind_addr.sin_family` passed [got Success]


test_tcp_inaddr_any_getsockname_and_connect: `bind_addr.sin_addr.s_addr` passed [got Success]


test_tcp_inaddr_any_getsockname_and_connect: `bind_addr.sin_port` passed [got Success]


test_tcp_inaddr_any_getsockname_and_connect: `listen(listen_fd, 1)` passed [got Success]


test_tcp_inaddr_any_getsockname_and_connect: `socket(2, SOCK_STREAM | SOCK_NONBLOCK, 0)` passed [got Success]


test_tcp_inaddr_any_getsockname_and_connect: `connect(connect_fd, (struct sockaddr *)&connect_addr, sizeof(connect_addr))` passed [got Operation now in progress]


test_tcp_inaddr_any_getsockname_and_connect: `poll(&poll_fd, 1, 1000)` passed [got Success]


test_tcp_inaddr_any_getsockname_and_connect: `accept(listen_fd, ((void *)0), ((void *)0))` passed [got Success]


test_tcp_inaddr_any_getsockname_and_connect: `tcp_exchange_succeeds(connect_fd, accepted_fd, 'a')` passed [got Success]


test_tcp_inaddr_any_getsockname_and_connect: `close(accepted_fd)` passed [got Success]


test_tcp_inaddr_any_getsockname_and_connect: `close(connect_fd)` passed [got Success]


test_tcp_inaddr_any_getsockname_and_connect: `close(listen_fd)` passed [got Success]


test_tcp_inaddr_any_getsockname_and_connect summary: 15 tests passed, 0 tests failed


test_udp_inaddr_any_receives_datagram: `socket(2, SOCK_DGRAM | SOCK_NONBLOCK, 0)` passed [got Success]


test_udp_inaddr_any_receives_datagram: `bind(recv_fd, (struct sockaddr *)&bind_addr, sizeof(bind_addr))` passed [got Success]


test_udp_inaddr_any_receives_datagram: `getsockname(recv_fd, (struct sockaddr *)&bind_addr, &bind_addrlen)` passed [got Success]


test_udp_inaddr_any_receives_datagram: `bind_addr.sin_addr.s_addr` passed [got Success]


test_udp_inaddr_any_receives_datagram: `socket(2, SOCK_DGRAM, 0)` passed [got Success]


test_udp_inaddr_any_receives_datagram: `sendto(send_fd, &send_byte, sizeof(send_byte), 0, (struct sockaddr *)&send_addr, sizeof(send_addr))` passed [got Success]


test_udp_inaddr_any_receives_datagram: `poll(&poll_fd, 1, 1000)` passed [got Success]


test_udp_inaddr_any_receives_datagram: `read(recv_fd, &recv_byte, sizeof(recv_byte))` passed [got Success]


test_udp_inaddr_any_receives_datagram: `close(send_fd)` passed [got Success]


test_udp_inaddr_any_receives_datagram: `close(recv_fd)` passed [got Success]


test_udp_inaddr_any_receives_datagram summary: 10 tests passed, 0 tests failed


test_tcp_listen_autobinds_inaddr_any: `socket(2, SOCK_STREAM | SOCK_NONBLOCK, 0)` passed [got Success]


test_tcp_listen_autobinds_inaddr_any: `listen(listen_fd, 1)` passed [got Success]


test_tcp_listen_autobinds_inaddr_any: `getsockname(listen_fd, (struct sockaddr *)&listen_addr, &listen_addrlen)` passed [got Success]


test_tcp_listen_autobinds_inaddr_any: `listen_addr.sin_family` passed [got Success]


test_tcp_listen_autobinds_inaddr_any: `listen_addr.sin_addr.s_addr` passed [got Success]


test_tcp_listen_autobinds_inaddr_any: `listen_addr.sin_port` passed [got Success]


test_tcp_listen_autobinds_inaddr_any: `socket(2, SOCK_STREAM | SOCK_NONBLOCK, 0)` passed [got Success]


test_tcp_listen_autobinds_inaddr_any: `connect(connect_fd, (struct sockaddr *)&connect_addr, sizeof(connect_addr))` passed [got Operation now in progress]


test_tcp_listen_autobinds_inaddr_any: `poll(&poll_fd, 1, 1000)` passed [got Success]


test_tcp_listen_autobinds_inaddr_any: `accept(listen_fd, ((void *)0), ((void *)0))` passed [got Success]


test_tcp_listen_autobinds_inaddr_any: `tcp_exchange_succeeds(connect_fd, accepted_fd, 'l')` passed [got Success]


test_tcp_listen_autobinds_inaddr_any: `close(accepted_fd)` passed [got Success]


test_tcp_listen_autobinds_inaddr_any: `close(connect_fd)` passed [got Success]


test_tcp_listen_autobinds_inaddr_any: `close(listen_fd)` passed [got Success]


test_tcp_listen_autobinds_inaddr_any summary: 14 tests passed, 0 tests failed


test_loopback_tcp_and_udp_work: `accept(listen_fd, ((void *)0), ((void *)0))` passed [got Success]


test_loopback_tcp_and_udp_work: `tcp_exchange_succeeds(connect_fd, accepted_fd, 't')` passed [got Success]


test_loopback_tcp_and_udp_work: `close(accepted_fd)` passed [got Success]


test_loopback_tcp_and_udp_work: `close(connect_fd)` passed [got Success]


test_loopback_tcp_and_udp_work: `close(listen_fd)` passed [got Success]


test_loopback_tcp_and_udp_work: `socket(2, SOCK_DGRAM, 0)` passed [got Success]


test_loopback_tcp_and_udp_work: `socket(2, SOCK_DGRAM, 0)` passed [got Success]


test_loopback_tcp_and_udp_work: `bind(recv_fd, (struct sockaddr *)&recv_addr, sizeof(recv_addr))` passed [got Success]


test_loopback_tcp_and_udp_work: `getsockname(recv_fd, (struct sockaddr *)&recv_addr, &recv_addrlen)` passed [got Success]


test_loopback_tcp_and_udp_work: `sendto(send_fd, &send_byte, sizeof(send_byte), 0, (struct sockaddr *)&recv_addr, sizeof(recv_addr))` passed [got Success]


test_loopback_tcp_and_udp_work: `read(recv_fd, &recv_byte, sizeof(recv_byte))` passed [got Success]


test_loopback_tcp_and_udp_work: `close(send_fd)` passed [got Success]


test_loopback_tcp_and_udp_work: `close(recv_fd)` passed [got Success]


test_loopback_tcp_and_udp_work summary: 13 tests passed, 0 tests failed


test_listener_accepts_sequential_connections: `socket(2, SOCK_STREAM, 0)` passed [got Success]


test_listener_accepts_sequential_connections: `connect(connect_fd, (struct sockaddr *)&listen_addr, sizeof(listen_addr))` passed [got Success]


test_listener_accepts_sequential_connections: `poll(&poll_fd, 1, 1000)` passed [got Success]


test_listener_accepts_sequential_connections: `accept(listen_fd, ((void *)0), ((void *)0))` passed [got Success]


test_listener_accepts_sequential_connections: `tcp_exchange_succeeds(connect_fd, accepted_fd, expected)` passed [got Success]


test_listener_accepts_sequential_connections: `close(accepted_fd)` passed [got Success]


test_listener_accepts_sequential_connections: `close(connect_fd)` passed [got Success]


test_listener_accepts_sequential_connections: `socket(2, SOCK_STREAM, 0)` passed [got Success]


test_listener_accepts_sequential_connections: `connect(connect_fd, (struct sockaddr *)&listen_addr, sizeof(listen_addr))` passed [got Success]


test_listener_accepts_sequential_connections: `poll(&poll_fd, 1, 1000)` passed [got Success]


test_listener_accepts_sequential_connections: `accept(listen_fd, ((void *)0), ((void *)0))` passed [got Success]


test_listener_accepts_sequential_connections: `tcp_exchange_succeeds(connect_fd, accepted_fd, expected)` passed [got Success]


test_listener_accepts_sequential_connections: `close(accepted_fd)` passed [got Success]


test_listener_accepts_sequential_connections: `close(connect_fd)` passed [got Success]


test_listener_accepts_sequential_connections: `socket(2, SOCK_STREAM, 0)` passed [got Success]


test_listener_accepts_sequential_connections: `connect(connect_fd, (struct sockaddr *)&listen_addr, sizeof(listen_addr))` passed [got Success]


test_listener_accepts_sequential_connections: `poll(&poll_fd, 1, 1000)` passed [got Success]


test_listener_accepts_sequential_connections: `accept(listen_fd, ((void *)0), ((void *)0))` passed [got Success]


test_listener_accepts_sequential_connections: `tcp_exchange_succeeds(connect_fd, accepted_fd, expected)` passed [got Success]


test_listener_accepts_sequential_connections: `close(accepted_fd)` passed [got Success]


test_listener_accepts_sequential_connections: `close(connect_fd)` passed [got Success]


test_listener_accepts_sequential_connections: `close(listen_fd)` passed [got Success]


test_listener_accepts_sequential_connections summary: 22 tests passed, 0 tests failed


test_socket_readiness_matches_common_service_states: `poll_has_no_read(listen_fd)` passed [got Success]


test_socket_readiness_matches_common_service_states: `select_has_read(listen_fd, 0)` passed [got Success]


test_socket_readiness_matches_common_service_states: `epoll_has_no_read(listen_fd)` passed [got Success]


test_socket_readiness_matches_common_service_states: `poll_has_events(listen_fd, 0x001, 0x001)` passed [got Success]


test_socket_readiness_matches_common_service_states: `select_has_read(listen_fd, 1)` passed [got Success]


test_socket_readiness_matches_common_service_states: `epoll_has_events(listen_fd, EPOLLIN, EPOLLIN)` passed [got Success]


test_socket_readiness_matches_common_service_states: `accept(listen_fd, ((void *)0), ((void *)0))` passed [got Success]


test_socket_readiness_matches_common_service_states: `poll_has_events(accepted_fd, 0x001 | 0x004, 0x004)` passed [got Success]


test_socket_readiness_matches_common_service_states: `select_has_write(accepted_fd)` passed [got Success]


test_socket_readiness_matches_common_service_states: `epoll_has_events(accepted_fd, EPOLLIN | EPOLLOUT, EPOLLOUT)` passed [got Success]


test_socket_readiness_matches_common_service_states: `write(connect_fd, &byte, sizeof(byte))` passed [got Success]


test_socket_readiness_matches_common_service_states: `poll_has_events(accepted_fd, 0x001 | 0x004, 0x001 | 0x004)` passed [got Success]


test_socket_readiness_matches_common_service_states: `select_has_read(accepted_fd, 1)` passed [got Success]


test_socket_readiness_matches_common_service_states: `epoll_has_events(accepted_fd, EPOLLIN | EPOLLOUT, EPOLLIN | EPOLLOUT)` passed [got Success]


test_socket_readiness_matches_common_service_states: `read(accepted_fd, &byte, sizeof(byte))` passed [got Success]


test_socket_readiness_matches_common_service_states: `close(accepted_fd)` passed [got Success]


test_socket_readiness_matches_common_service_states: `close(connect_fd)` passed [got Success]


test_socket_readiness_matches_common_service_states: `close(listen_fd)` passed [got Success]


test_socket_readiness_matches_common_service_states summary: 18 tests passed, 0 tests failed


test_udp_readiness_matches_common_service_states: `socket(2, SOCK_DGRAM, 0)` passed [got Success]


test_udp_readiness_matches_common_service_states: `socket(2, SOCK_DGRAM, 0)` passed [got Success]


test_udp_readiness_matches_common_service_states: `bind(recv_fd, (struct sockaddr *)&recv_addr, sizeof(recv_addr))` passed [got Success]


test_udp_readiness_matches_common_service_states: `getsockname(recv_fd, (struct sockaddr *)&recv_addr, &recv_addrlen)` passed [got Success]


test_udp_readiness_matches_common_service_states: `poll_has_events(recv_fd, 0x001 | 0x004, 0x004)` passed [got Success]


test_udp_readiness_matches_common_service_states: `select_has_read(recv_fd, 0)` passed [got Success]


test_udp_readiness_matches_common_service_states: `select_has_write(recv_fd)` passed [got Success]


test_udp_readiness_matches_common_service_states: `epoll_has_events(recv_fd, EPOLLIN | EPOLLOUT, EPOLLOUT)` passed [got Success]


test_udp_readiness_matches_common_service_states: `sendto(send_fd, &send_byte, sizeof(send_byte), 0, (struct sockaddr *)&recv_addr, sizeof(recv_addr))` passed [got Success]


test_udp_readiness_matches_common_service_states: `poll_has_events(recv_fd, 0x001 | 0x004, 0x001 | 0x004)` passed [got Success]


test_udp_readiness_matches_common_service_states: `select_has_read(recv_fd, 1)` passed [got Success]


test_udp_readiness_matches_common_service_states: `epoll_has_events(recv_fd, EPOLLIN | EPOLLOUT, EPOLLIN | EPOLLOUT)` passed [got Success]


test_udp_readiness_matches_common_service_states: `read(recv_fd, &recv_byte, sizeof(recv_byte))` passed [got Success]


test_udp_readiness_matches_common_service_states: `close(send_fd)` passed [got Success]


test_udp_readiness_matches_common_service_states: `close(recv_fd)` passed [got Success]


test_udp_readiness_matches_common_service_states summary: 15 tests passed, 0 tests failed


test_reuseaddr_allows_service_restart: `socket(2, SOCK_STREAM, 0)` passed [got Success]


test_reuseaddr_allows_service_restart: `setsockopt(first_listener, 1, 2, &option, sizeof(option))` passed [got Success]


test_reuseaddr_allows_service_restart: `bind(first_listener, (struct sockaddr *)&restart_addr, restart_addrlen)` passed [got Success]


test_reuseaddr_allows_service_restart: `getsockname(first_listener, (struct sockaddr *)&restart_addr, &restart_addrlen)` passed [got Success]


test_reuseaddr_allows_service_restart: `listen(first_listener, 1)` passed [got Success]


test_reuseaddr_allows_service_restart: `socket(2, SOCK_STREAM, 0)` passed [got Success]


test_reuseaddr_allows_service_restart: `connect(client, (struct sockaddr *)&restart_addr, restart_addrlen)` passed [got Success]


test_reuseaddr_allows_service_restart: `accept(first_listener, ((void *)0), ((void *)0))` passed [got Success]


test_reuseaddr_allows_service_restart: `tcp_exchange_succeeds(client, accepted, 's')` passed [got Success]


test_reuseaddr_allows_service_restart: `close(accepted)` passed [got Success]


test_reuseaddr_allows_service_restart: `close(client)` passed [got Success]


test_reuseaddr_allows_service_restart: `close(first_listener)` passed [got Success]


test_reuseaddr_allows_service_restart: `socket(2, SOCK_STREAM, 0)` passed [got Success]


test_reuseaddr_allows_service_restart: `setsockopt(second_listener, 1, 2, &option, sizeof(option))` passed [got Success]


test_reuseaddr_allows_service_restart: `bind(second_listener, (struct sockaddr *)&restart_addr, restart_addrlen)` passed [got Success]


test_reuseaddr_allows_service_restart: `listen(second_listener, 1)` passed [got Success]


test_reuseaddr_allows_service_restart: `close(second_listener)` passed [got Success]


test_reuseaddr_allows_service_restart summary: 17 tests passed, 0 tests failed


test_default_socket_buffers_cover_common_services: `socket(2, SOCK_STREAM, 0)` passed [got Success]


test_default_socket_buffers_cover_common_services: `socket(2, SOCK_DGRAM, 0)` passed [got Success]


test_default_socket_buffers_cover_common_services: `getsockopt(tcp_fd, 1, 7, &optval, &optlen)` passed [got Success]


test_default_socket_buffers_cover_common_services: `getsockopt(tcp_fd, 1, 8, &optval, &optlen)` passed [got Success]


test_default_socket_buffers_cover_common_services: `getsockopt(udp_fd, 1, 7, &optval, &optlen)` passed [got Success]


test_default_socket_buffers_cover_common_services: `getsockopt(udp_fd, 1, 8, &optval, &optlen)` passed [got Success]


test_default_socket_buffers_cover_common_services: `close(udp_fd)` passed [got Success]


test_default_socket_buffers_cover_common_services: `close(tcp_fd)` passed [got Success]


test_default_socket_buffers_cover_common_services summary: 8 tests passed, 0 tests failed


test_ipv6_boundary_is_explicit: `socket(10, SOCK_STREAM, 0)` passed [got Address family not supported by protocol]


test_ipv6_boundary_is_explicit: `socket(10, SOCK_DGRAM, 0)` passed [got Address family not supported by protocol]


test_ipv6_boundary_is_explicit summary: 2 tests passed, 0 tests failed


test_create_icmp_raw_socket: `socket(2, SOCK_RAW, IPPROTO_ICMP)` passed [got Success]


test_create_icmp_raw_socket: `close(socket_fd)` passed [got Success]


test_create_icmp_raw_socket summary: 2 tests passed, 0 tests failed


test_receive_local_port_unreachable: `socket(2, SOCK_RAW | SOCK_NONBLOCK, IPPROTO_ICMP)` passed [got Success]


test_receive_local_port_unreachable: `socket(2, SOCK_DGRAM, IPPROTO_UDP)` passed [got Success]


test_receive_local_port_unreachable: `sendto(udp_fd, payload, sizeof(payload), 0, (const struct sockaddr *)&destination, sizeof(destination))` passed [got Success]


test_receive_local_port_unreachable: `poll(&poll_fd, 1, 1000)` passed [got Success]


test_receive_local_port_unreachable: `recvfrom(raw_fd, packet, sizeof(packet), 0, (struct sockaddr *)&source, &source_len)` passed [got Success]


test_receive_local_port_unreachable: `packet_len` passed [got Success]


test_receive_local_port_unreachable: `ip_header_len` passed [got Success]


test_receive_local_port_unreachable: `ip_header->protocol` passed [got Success]


test_receive_local_port_unreachable: `icmp_header->type` passed [got Success]


test_receive_local_port_unreachable: `icmp_header->code` passed [got Success]


test_receive_local_port_unreachable: `source.sin_family` passed [got Success]


test_receive_local_port_unreachable: `source.sin_addr.s_addr` passed [got Success]


test_receive_local_port_unreachable: `close(udp_fd)` passed [got Success]


test_receive_local_port_unreachable: `close(raw_fd)` passed [got Success]


test_receive_local_port_unreachable summary: 14 tests passed, 0 tests failed


test_send_loopback_echo_request: `socket(2, SOCK_RAW | SOCK_NONBLOCK, IPPROTO_ICMP)` passed [got Success]


test_send_loopback_echo_request: `sendto(raw_fd, request, sizeof(request), 0, (const struct sockaddr *)&destination, sizeof(destination))` passed [got Success]


test_send_loopback_echo_request: `poll(&poll_fd, 1, 1000)` passed [got Success]


test_send_loopback_echo_request: `recvfrom(raw_fd, packet, sizeof(packet), 0, (struct sockaddr *)&source, &source_len)` passed [got Success]


test_send_loopback_echo_request: `packet_len` passed [got Success]


test_send_loopback_echo_request: `found_reply` passed [got Success]


test_send_loopback_echo_request: `source.sin_family` passed [got Success]


test_send_loopback_echo_request: `source.sin_addr.s_addr` passed [got Success]


test_send_loopback_echo_request: `close(raw_fd)` passed [got Success]


test_send_loopback_echo_request summary: 9 tests passed, 0 tests failed


test_send_hdrincl_loopback_echo_request: `socket(2, SOCK_RAW | SOCK_NONBLOCK, IPPROTO_ICMP)` passed [got Success]


test_send_hdrincl_loopback_echo_request: `setsockopt(raw_fd, IPPROTO_IP, 3, &hdrincl, sizeof(hdrincl))` passed [got Success]


test_send_hdrincl_loopback_echo_request: `getsockopt(raw_fd, IPPROTO_IP, 3, &hdrincl, &hdrincl_len)` passed [got Success]


test_send_hdrincl_loopback_echo_request: `hdrincl` passed [got Success]


test_send_hdrincl_loopback_echo_request: `sendto(raw_fd, packet, sizeof(packet), 0, (const struct sockaddr *)&destination, sizeof(destination))` passed [got Success]


test_send_hdrincl_loopback_echo_request: `poll(&poll_fd, 1, 1000)` passed [got Success]


test_send_hdrincl_loopback_echo_request: `recvfrom(raw_fd, received, sizeof(received), 0, (struct sockaddr *)&source, &source_len)` passed [got Success]


test_send_hdrincl_loopback_echo_request: `found_reply` passed [got Success]


test_send_hdrincl_loopback_echo_request: `source.sin_family` passed [got Success]


test_send_hdrincl_loopback_echo_request: `source.sin_addr.s_addr` passed [got Success]


test_send_hdrincl_loopback_echo_request: `close(raw_fd)` passed [got Success]


test_send_hdrincl_loopback_echo_request summary: 11 tests passed, 0 tests failed


test_netfilter_static_drop_icmp_echo: `open("/proc/netfilter_rules", 02)` passed [got Success]


test_netfilter_static_drop_icmp_echo: `write(rules_fd, flush_command, sizeof(flush_command) - 1)` passed [got Success]


test_netfilter_static_drop_icmp_echo: `write(rules_fd, drop_command, sizeof(drop_command) - 1)` passed [got Success]


test_netfilter_static_drop_icmp_echo: `socket(2, SOCK_RAW | SOCK_NONBLOCK, IPPROTO_ICMP)` passed [got Success]


test_netfilter_static_drop_icmp_echo: `sendto(raw_fd, request, sizeof(request), 0, (const struct sockaddr *)&destination, sizeof(destination))` passed [got Success]


test_netfilter_static_drop_icmp_echo: `poll(&poll_fd, 1, 300)` passed [got Success]


test_netfilter_static_drop_icmp_echo: `write(rules_fd, flush_command, sizeof(flush_command) - 1)` passed [got Success]


test_netfilter_static_drop_icmp_echo: `close(rules_fd)` passed [got Success]


test_netfilter_static_drop_icmp_echo: `close(raw_fd)` passed [got Success]


test_netfilter_static_drop_icmp_echo summary: 9 tests passed, 0 tests failed


test_nonblocking_empty_receive: `socket(2, SOCK_RAW | SOCK_NONBLOCK, IPPROTO_ICMP)` passed [got Success]


test_nonblocking_empty_receive: `recv(socket_fd, buffer, sizeof(buffer), 0)` passed [got Resource temporarily unavailable]


test_nonblocking_empty_receive: `close(socket_fd)` passed [got Success]


test_nonblocking_empty_receive summary: 3 tests passed, 0 tests failed


test_read_netfilter_rules_snapshot: `open("/proc/netfilter_rules", 00)` passed [got Success]


test_read_netfilter_rules_snapshot: `read(fd, buffer, sizeof(buffer) - 1)` passed [got Success]


test_read_netfilter_rules_snapshot: `strstr(buffer, "table filter") != ((void *)0)` passed [got Success]


test_read_netfilter_rules_snapshot: `strstr(buffer, "chain OUTPUT policy ACCEPT") != ((void *)0)` passed [got Success]


test_read_netfilter_rules_snapshot: `strstr(buffer, "icmp-echo-ident 0x0828") == ((void *)0)` passed [got Success]


test_read_netfilter_rules_snapshot: `strstr(buffer, "target DROP") == ((void *)0)` passed [got Success]


test_read_netfilter_rules_snapshot: `strstr(buffer, "state stage20-output-rule-count 0") != ((void *)0)` passed [got Success]


test_read_netfilter_rules_snapshot: `read_rule_counters(buffer, 0x828, &packets, &bytes)` passed [got Success]


test_read_netfilter_rules_snapshot: `close(fd)` passed [got Success]


test_read_netfilter_rules_snapshot summary: 9 tests passed, 0 tests failed


test_mutate_netfilter_output_rule_list: `open("/proc/netfilter_rules", 02)` passed [got Success]


test_mutate_netfilter_output_rule_list: `write(fd, flush_command, sizeof(flush_command) - 1)` passed [got Success]


test_mutate_netfilter_output_rule_list: `write(fd, append_default_command, sizeof(append_default_command) - 1)` passed [got Success]


test_mutate_netfilter_output_rule_list: `write(fd, append_second_command, sizeof(append_second_command) - 1)` passed [got Success]


test_mutate_netfilter_output_rule_list: `lseek(fd, 0, 0)` passed [got Success]


test_mutate_netfilter_output_rule_list: `read(fd, buffer, sizeof(buffer) - 1)` passed [got Success]


test_mutate_netfilter_output_rule_list: `strstr(buffer, "icmp-echo-ident 0x0828") != ((void *)0)` passed [got Success]


test_mutate_netfilter_output_rule_list: `strstr(buffer, "icmp-echo-ident 0x0829") != ((void *)0)` passed [got Success]


test_mutate_netfilter_output_rule_list: `strstr(buffer, "state stage20-output-rule-count 2") != ((void *)0)` passed [got Success]


test_mutate_netfilter_output_rule_list: `send_echo_and_wait_reply(0x829, 0x14)` passed [got Success]


test_mutate_netfilter_output_rule_list: `write(fd, delete_first_command, sizeof(delete_first_command) - 1)` passed [got Success]


test_mutate_netfilter_output_rule_list: `lseek(fd, 0, 0)` passed [got Success]


test_mutate_netfilter_output_rule_list: `read(fd, buffer, sizeof(buffer) - 1)` passed [got Success]


test_mutate_netfilter_output_rule_list: `strstr(buffer, "icmp-echo-ident 0x0828") == ((void *)0)` passed [got Success]


test_mutate_netfilter_output_rule_list: `strstr(buffer, "icmp-echo-ident 0x0829") != ((void *)0)` passed [got Success]


test_mutate_netfilter_output_rule_list: `strstr(buffer, "state stage20-output-rule-count 1") != ((void *)0)` passed [got Success]


test_mutate_netfilter_output_rule_list: `send_echo_and_wait_reply(0x828, 0x15)` passed [got Success]


test_mutate_netfilter_output_rule_list: `send_echo_and_wait_reply(0x829, 0x16)` passed [got Success]


test_mutate_netfilter_output_rule_list: `write(fd, flush_command, sizeof(flush_command) - 1)` passed [got Success]


test_mutate_netfilter_output_rule_list: `lseek(fd, 0, 0)` passed [got Success]


test_mutate_netfilter_output_rule_list: `read(fd, buffer, sizeof(buffer) - 1)` passed [got Success]


test_mutate_netfilter_output_rule_list: `strstr(buffer, "target DROP") == ((void *)0)` passed [got Success]


test_mutate_netfilter_output_rule_list: `strstr(buffer, "state stage20-output-rule-count 0") != ((void *)0)` passed [got Success]


test_mutate_netfilter_output_rule_list: `send_echo_and_wait_reply(0x829, 0x17)` passed [got Success]


test_mutate_netfilter_output_rule_list: `write(fd, append_default_command, sizeof(append_default_command) - 1)` passed [got Success]


test_mutate_netfilter_output_rule_list: `close(fd)` passed [got Success]


test_mutate_netfilter_output_rule_list summary: 26 tests passed, 0 tests failed


test_count_netfilter_rule_hits: `read_netfilter_rules_snapshot(before, sizeof(before))` passed [got Success]


test_count_netfilter_rule_hits: `read_rule_counters(before, 0x828, &before_packets, &before_bytes)` passed [got Success]


test_count_netfilter_rule_hits: `send_echo_and_wait_reply(0x828, 0x18)` passed [got Success]


test_count_netfilter_rule_hits: `send_echo_and_wait_reply(0x828, 0x19)` passed [got Success]


test_count_netfilter_rule_hits: `read_netfilter_rules_snapshot(after, sizeof(after))` passed [got Success]


test_count_netfilter_rule_hits: `read_rule_counters(after, 0x828, &after_packets, &after_bytes)` passed [got Success]


test_count_netfilter_rule_hits: `after_packets == before_packets + 2` passed [got Success]


test_count_netfilter_rule_hits: `after_bytes > before_bytes` passed [got Success]


test_count_netfilter_rule_hits summary: 8 tests passed, 0 tests failed


test_zero_netfilter_rule_counters: `open("/proc/netfilter_rules", 02)` passed [got Success]


test_zero_netfilter_rule_counters: `send_echo_and_wait_reply(0x828, 0x1a)` passed [got Success]


test_zero_netfilter_rule_counters: `read_netfilter_rules_snapshot(before, sizeof(before))` passed [got Success]


test_zero_netfilter_rule_counters: `read_rule_counters(before, 0x828, &packets, &bytes)` passed [got Success]


test_zero_netfilter_rule_counters: `packets > 0` passed [got Success]


test_zero_netfilter_rule_counters: `bytes > 0` passed [got Success]


test_zero_netfilter_rule_counters: `write(fd, zero_command, sizeof(zero_command) - 1)` passed [got Success]


test_zero_netfilter_rule_counters: `read_netfilter_rules_snapshot(after, sizeof(after))` passed [got Success]


test_zero_netfilter_rule_counters: `read_rule_counters(after, 0x828, &packets, &bytes)` passed [got Success]


test_zero_netfilter_rule_counters: `packets == 0` passed [got Success]


test_zero_netfilter_rule_counters: `bytes == 0` passed [got Success]


test_zero_netfilter_rule_counters: `strstr(after, "icmp-echo-ident 0x0828") != ((void *)0)` passed [got Success]


test_zero_netfilter_rule_counters: `close(fd)` passed [got Success]


test_zero_netfilter_rule_counters summary: 13 tests passed, 0 tests failed


test_match_netfilter_ipv4_addresses: `open("/proc/netfilter_rules", 02)` passed [got Success]


test_match_netfilter_ipv4_addresses: `write(fd, flush_command, sizeof(flush_command) - 1)` passed [got Success]


test_match_netfilter_ipv4_addresses: `write(fd, append_dst_miss_command, sizeof(append_dst_miss_command) - 1)` passed [got Success]


test_match_netfilter_ipv4_addresses: `write(fd, append_dst_hit_command, sizeof(append_dst_hit_command) - 1)` passed [got Success]


test_match_netfilter_ipv4_addresses: `write(fd, append_src_hit_command, sizeof(append_src_hit_command) - 1)` passed [got Success]


test_match_netfilter_ipv4_addresses: `lseek(fd, 0, 0)` passed [got Success]


test_match_netfilter_ipv4_addresses: `read(fd, buffer, sizeof(buffer) - 1)` passed [got Success]


test_match_netfilter_ipv4_addresses: `strstr(buffer, "dst 127.0.0.2") != ((void *)0)` passed [got Success]


test_match_netfilter_ipv4_addresses: `strstr(buffer, "dst 127.0.0.1") != ((void *)0)` passed [got Success]


test_match_netfilter_ipv4_addresses: `strstr(buffer, "src 127.0.0.1") != ((void *)0)` passed [got Success]


test_match_netfilter_ipv4_addresses: `strstr(buffer, "state stage20-output-rule-count 3") != ((void *)0)` passed [got Success]


test_match_netfilter_ipv4_addresses: `send_echo_and_wait_reply(0x830, 0x1b)` passed [got Success]


test_match_netfilter_ipv4_addresses: `send_echo_and_wait_reply(0x831, 0x1c)` passed [got Success]


test_match_netfilter_ipv4_addresses: `send_echo_and_wait_reply(0x832, 0x1d)` passed [got Success]


test_match_netfilter_ipv4_addresses: `write(fd, flush_command, sizeof(flush_command) - 1)` passed [got Success]


test_match_netfilter_ipv4_addresses: `write(fd, append_default_command, sizeof(append_default_command) - 1)` passed [got Success]


test_match_netfilter_ipv4_addresses: `close(fd)` passed [got Success]


test_match_netfilter_ipv4_addresses summary: 17 tests passed, 0 tests failed


test_match_netfilter_accept_drop_targets: `open("/proc/netfilter_rules", 02)` passed [got Success]


test_match_netfilter_accept_drop_targets: `write(fd, flush_command, sizeof(flush_command) - 1)` passed [got Success]


test_match_netfilter_accept_drop_targets: `write(fd, append_accept_first_command, sizeof(append_accept_first_command) - 1)` passed [got Success]


test_match_netfilter_accept_drop_targets: `write(fd, append_drop_second_command, sizeof(append_drop_second_command) - 1)` passed [got Success]


test_match_netfilter_accept_drop_targets: `lseek(fd, 0, 0)` passed [got Success]


test_match_netfilter_accept_drop_targets: `read(fd, buffer, sizeof(buffer) - 1)` passed [got Success]


test_match_netfilter_accept_drop_targets: `strstr(buffer, "icmp-echo-ident 0x0840 target ACCEPT") != ((void *)0)` passed [got Success]


test_match_netfilter_accept_drop_targets: `strstr(buffer, "icmp-echo-ident 0x0840 target DROP") != ((void *)0)` passed [got Success]


test_match_netfilter_accept_drop_targets: `send_echo_and_wait_reply(0x840, 0x1e)` passed [got Success]


test_match_netfilter_accept_drop_targets: `write(fd, flush_command, sizeof(flush_command) - 1)` passed [got Success]


test_match_netfilter_accept_drop_targets: `write(fd, append_drop_first_command, sizeof(append_drop_first_command) - 1)` passed [got Success]


test_match_netfilter_accept_drop_targets: `write(fd, append_accept_second_command, sizeof(append_accept_second_command) - 1)` passed [got Success]


test_match_netfilter_accept_drop_targets: `lseek(fd, 0, 0)` passed [got Success]


test_match_netfilter_accept_drop_targets: `read(fd, buffer, sizeof(buffer) - 1)` passed [got Success]


test_match_netfilter_accept_drop_targets: `strstr(buffer, "icmp-echo-ident 0x0841 target DROP") != ((void *)0)` passed [got Success]


test_match_netfilter_accept_drop_targets: `strstr(buffer, "icmp-echo-ident 0x0841 target ACCEPT") != ((void *)0)` passed [got Success]


test_match_netfilter_accept_drop_targets: `send_echo_and_wait_reply(0x841, 0x1f)` passed [got Success]


test_match_netfilter_accept_drop_targets: `write(fd, flush_command, sizeof(flush_command) - 1)` passed [got Success]


test_match_netfilter_accept_drop_targets: `write(fd, append_default_command, sizeof(append_default_command) - 1)` passed [got Success]


test_match_netfilter_accept_drop_targets: `close(fd)` passed [got Success]


test_match_netfilter_accept_drop_targets summary: 20 tests passed, 0 tests failed


test_match_netfilter_iptables_command_compat: `open("/proc/netfilter_rules", 02)` passed [got Success]


test_match_netfilter_iptables_command_compat: `write(fd, iptables_flush_command, sizeof(iptables_flush_command) - 1)` passed [got Success]


test_match_netfilter_iptables_command_compat: `write(fd, iptables_drop_all_echo_command, sizeof(iptables_drop_all_echo_command) - 1)` passed [got Success]


test_match_netfilter_iptables_command_compat: `lseek(fd, 0, 0)` passed [got Success]


test_match_netfilter_iptables_command_compat: `read(fd, buffer, sizeof(buffer) - 1)` passed [got Success]


test_match_netfilter_iptables_command_compat: `strstr(buffer, "icmp-type echo-request target DROP") != ((void *)0)` passed [got Success]


test_match_netfilter_iptables_command_compat: `strstr(buffer, "state stage20-output-rule-count 1") != ((void *)0)` passed [got Success]


test_match_netfilter_iptables_command_compat: `send_echo_and_wait_reply(0x850, 0x20)` passed [got Success]


test_match_netfilter_iptables_command_compat: `send_echo_and_wait_reply(0x851, 0x21)` passed [got Success]


test_match_netfilter_iptables_command_compat: `read_netfilter_rules_snapshot(buffer, sizeof(buffer))` passed [got Success]


test_match_netfilter_iptables_command_compat: `read_rule_counters_by_match(buffer, "icmp-type echo-request", &packets, &bytes)` passed [got Success]


test_match_netfilter_iptables_command_compat: `packets == 2` passed [got Success]


test_match_netfilter_iptables_command_compat: `bytes > 0` passed [got Success]


test_match_netfilter_iptables_command_compat: `write(fd, iptables_zero_command, sizeof(iptables_zero_command) - 1)` passed [got Success]


test_match_netfilter_iptables_command_compat: `read_netfilter_rules_snapshot(buffer, sizeof(buffer))` passed [got Success]


test_match_netfilter_iptables_command_compat: `read_rule_counters_by_match(buffer, "icmp-type echo-request", &packets, &bytes)` passed [got Success]


test_match_netfilter_iptables_command_compat: `packets == 0` passed [got Success]


test_match_netfilter_iptables_command_compat: `bytes == 0` passed [got Success]


test_match_netfilter_iptables_command_compat: `write(fd, iptables_delete_first_command, sizeof(iptables_delete_first_command) - 1)` passed [got Success]


test_match_netfilter_iptables_command_compat: `read_netfilter_rules_snapshot(buffer, sizeof(buffer))` passed [got Success]


test_match_netfilter_iptables_command_compat: `strstr(buffer, "state stage20-output-rule-count 0") != ((void *)0)` passed [got Success]


test_match_netfilter_iptables_command_compat: `send_echo_and_wait_reply(0x850, 0x22)` passed [got Success]


test_match_netfilter_iptables_command_compat: `write(fd, iptables_accept_ident_command, sizeof(iptables_accept_ident_command) - 1)` passed [got Success]


test_match_netfilter_iptables_command_compat: `write(fd, iptables_drop_ident_command, sizeof(iptables_drop_ident_command) - 1)` passed [got Success]


test_match_netfilter_iptables_command_compat: `send_echo_and_wait_reply(0x852, 0x23)` passed [got Success]


test_match_netfilter_iptables_command_compat: `write(fd, iptables_flush_command, sizeof(iptables_flush_command) - 1)` passed [got Success]


test_match_netfilter_iptables_command_compat: `write(fd, iptables_restore_default_command, sizeof(iptables_restore_default_command) - 1)` passed [got Success]


test_match_netfilter_iptables_command_compat: `close(fd)` passed [got Success]


test_match_netfilter_iptables_command_compat summary: 28 tests passed, 0 tests failed


test_run_userspace_iptables_shim: `run_iptables_command(iptables_flush_command)` passed [got Success]


test_run_userspace_iptables_shim: `run_iptables_command(iptables_drop_all_echo_command)` passed [got Success]


table filter


chain PREROUTING policy ACCEPT


state stage1-PREROUTING-rule-count 0


chain INPUT policy ACCEPT


state stage1-INPUT-rule-count 0


chain FORWARD policy ACCEPT


state stage1-FORWARD-rule-count 0


chain OUTPUT policy ACCEPT


  rule 0 pkts 0 bytes 0 match icmp-type echo-request target DROP


state stage1-OUTPUT-rule-count 1


state stage20-output-rule-count 1


chain POSTROUTING policy ACCEPT


state stage1-POSTROUTING-rule-count 0


table nat


chain PREROUTING policy ACCEPT


chain POSTROUTING policy ACCEPT


state stage21-nat-rule-count 0


test_run_userspace_iptables_shim: `run_iptables_command(iptables_list_command)` passed [got Success]


test_run_userspace_iptables_shim: `read_netfilter_rules_snapshot(buffer, sizeof(buffer))` passed [got Success]


test_run_userspace_iptables_shim: `strstr(buffer, "icmp-type echo-request target DROP") != ((void *)0)` passed [got Success]


test_run_userspace_iptables_shim: `strstr(buffer, "state stage20-output-rule-count 1") != ((void *)0)` passed [got Success]


test_run_userspace_iptables_shim: `send_echo_and_wait_reply(0x860, 0x24)` passed [got Success]


test_run_userspace_iptables_shim: `send_echo_and_wait_reply(0x861, 0x25)` passed [got Success]


test_run_userspace_iptables_shim: `read_netfilter_rules_snapshot(buffer, sizeof(buffer))` passed [got Success]


test_run_userspace_iptables_shim: `read_rule_counters_by_match(buffer, "icmp-type echo-request", &packets, &bytes)` passed [got Success]


test_run_userspace_iptables_shim: `packets == 2` passed [got Success]


test_run_userspace_iptables_shim: `bytes > 0` passed [got Success]


test_run_userspace_iptables_shim: `run_iptables_command(iptables_zero_command)` passed [got Success]


test_run_userspace_iptables_shim: `read_netfilter_rules_snapshot(buffer, sizeof(buffer))` passed [got Success]


test_run_userspace_iptables_shim: `read_rule_counters_by_match(buffer, "icmp-type echo-request", &packets, &bytes)` passed [got Success]


test_run_userspace_iptables_shim: `packets == 0` passed [got Success]


test_run_userspace_iptables_shim: `bytes == 0` passed [got Success]


test_run_userspace_iptables_shim: `run_iptables_command(iptables_delete_first_command)` passed [got Success]


test_run_userspace_iptables_shim: `read_netfilter_rules_snapshot(buffer, sizeof(buffer))` passed [got Success]


test_run_userspace_iptables_shim: `strstr(buffer, "state stage20-output-rule-count 0") != ((void *)0)` passed [got Success]


test_run_userspace_iptables_shim: `send_echo_and_wait_reply(0x860, 0x26)` passed [got Success]


test_run_userspace_iptables_shim: `run_iptables_command(iptables_accept_addr_command)` passed [got Success]


test_run_userspace_iptables_shim: `run_iptables_command(iptables_drop_addr_command)` passed [got Success]


test_run_userspace_iptables_shim: `read_netfilter_rules_snapshot(buffer, sizeof(buffer))` passed [got Success]


test_run_userspace_iptables_shim: `strstr(buffer, "src 127.0.0.1") != ((void *)0)` passed [got Success]


test_run_userspace_iptables_shim: `strstr(buffer, "dst 127.0.0.1") != ((void *)0)` passed [got Success]


test_run_userspace_iptables_shim: `send_echo_and_wait_reply(0x862, 0x27)` passed [got Success]


test_run_userspace_iptables_shim: `run_iptables_command(iptables_flush_command)` passed [got Success]


test_run_userspace_iptables_shim: `run_iptables_command(iptables_restore_default_command)` passed [got Success]


test_run_userspace_iptables_shim summary: 29 tests passed, 0 tests failed


test_run_userspace_iptables_tcp_udp_port_matches: `run_iptables_command(iptables_flush_command)` passed [got Success]


test_run_userspace_iptables_tcp_udp_port_matches: `run_iptables_command(iptables_drop_udp_command)` passed [got Success]


test_run_userspace_iptables_tcp_udp_port_matches: `run_iptables_command(iptables_drop_tcp_command)` passed [got Success]


table filter


chain PREROUTING policy ACCEPT


state stage1-PREROUTING-rule-count 0


chain INPUT policy ACCEPT


state stage1-INPUT-rule-count 0


chain FORWARD policy ACCEPT


state stage1-FORWARD-rule-count 0


chain OUTPUT policy ACCEPT


  rule 0 pkts 0 bytes 0 match udp dport 54020 target DROP


  rule 1 pkts 0 bytes 0 match tcp dport 54021 target DROP


state stage1-OUTPUT-rule-count 2


state stage20-output-rule-count 2


chain POSTROUTING policy ACCEPT


state stage1-POSTROUTING-rule-count 0


table nat


chain PREROUTING policy ACCEPT


chain POSTROUTING policy ACCEPT


state stage21-nat-rule-count 0


test_run_userspace_iptables_tcp_udp_port_matches: `run_iptables_command(iptables_list_command)` passed [got Success]


test_run_userspace_iptables_tcp_udp_port_matches: `read_netfilter_rules_snapshot(buffer, sizeof(buffer))` passed [got Success]


test_run_userspace_iptables_tcp_udp_port_matches: `strstr(buffer, "udp dport 54020 target DROP") != ((void *)0)` passed [got Success]


test_run_userspace_iptables_tcp_udp_port_matches: `strstr(buffer, "tcp dport 54021 target DROP") != ((void *)0)` passed [got Success]


test_run_userspace_iptables_tcp_udp_port_matches: `strstr(buffer, "state stage20-output-rule-count 2") != ((void *)0)` passed [got Success]


test_run_userspace_iptables_tcp_udp_port_matches: `send_udp_and_wait_port_unreachable(54020)` passed [got Success]


test_run_userspace_iptables_tcp_udp_port_matches: `tcp_connect_refused_observed(54021)` passed [got Success]


test_run_userspace_iptables_tcp_udp_port_matches: `read_netfilter_rules_snapshot(buffer, sizeof(buffer))` passed [got Success]


test_run_userspace_iptables_tcp_udp_port_matches: `read_rule_counters_by_match(buffer, "udp dport 54020", &packets, &bytes)` passed [got Success]


test_run_userspace_iptables_tcp_udp_port_matches: `packets > 0` passed [got Success]


test_run_userspace_iptables_tcp_udp_port_matches: `read_rule_counters_by_match(buffer, "tcp dport 54021", &packets, &bytes)` passed [got Success]


test_run_userspace_iptables_tcp_udp_port_matches: `packets > 0` passed [got Success]


test_run_userspace_iptables_tcp_udp_port_matches: `run_iptables_command(iptables_flush_command)` passed [got Success]


test_run_userspace_iptables_tcp_udp_port_matches: `run_iptables_command(iptables_accept_udp_command)` passed [got Success]


test_run_userspace_iptables_tcp_udp_port_matches: `run_iptables_command(iptables_late_drop_udp_command)` passed [got Success]


test_run_userspace_iptables_tcp_udp_port_matches: `run_iptables_command(iptables_accept_tcp_command)` passed [got Success]


test_run_userspace_iptables_tcp_udp_port_matches: `run_iptables_command(iptables_late_drop_tcp_command)` passed [got Success]


test_run_userspace_iptables_tcp_udp_port_matches: `read_netfilter_rules_snapshot(buffer, sizeof(buffer))` passed [got Success]


test_run_userspace_iptables_tcp_udp_port_matches: `strstr(buffer, "state stage20-output-rule-count 4") != ((void *)0)` passed [got Success]


test_run_userspace_iptables_tcp_udp_port_matches: `strstr(buffer, "udp dport 54022 target ACCEPT") != ((void *)0)` passed [got Success]


test_run_userspace_iptables_tcp_udp_port_matches: `strstr(buffer, "tcp dport 54023 target ACCEPT") != ((void *)0)` passed [got Success]


test_run_userspace_iptables_tcp_udp_port_matches: `send_udp_and_wait_port_unreachable(54022)` passed [got Success]


test_run_userspace_iptables_tcp_udp_port_matches: `tcp_connect_refused_observed(54023)` passed [got Success]


test_run_userspace_iptables_tcp_udp_port_matches: `run_iptables_command(iptables_flush_command)` passed [got Success]


test_run_userspace_iptables_tcp_udp_port_matches: `run_iptables_command(iptables_restore_default_command)` passed [got Success]


test_run_userspace_iptables_tcp_udp_port_matches summary: 28 tests passed, 0 tests failed


test_run_userspace_iptables_input_forward_filter_chains: `run_iptables_command(input_flush_command)` passed [got Success]


test_run_userspace_iptables_input_forward_filter_chains: `run_iptables_command(forward_flush_command)` passed [got Success]


test_run_userspace_iptables_input_forward_filter_chains: `run_iptables_command(input_drop_command)` passed [got Success]


test_run_userspace_iptables_input_forward_filter_chains: `run_iptables_command(forward_drop_command)` passed [got Success]


test_run_userspace_iptables_input_forward_filter_chains: `read_netfilter_rules_snapshot(buffer, sizeof(buffer))` passed [got Success]


test_run_userspace_iptables_input_forward_filter_chains: `strstr(buffer, "chain INPUT policy ACCEPT") != ((void *)0)` passed [got Success]


test_run_userspace_iptables_input_forward_filter_chains: `strstr(buffer, "chain FORWARD policy ACCEPT") != ((void *)0)` passed [got Success]


test_run_userspace_iptables_input_forward_filter_chains: `strstr(buffer, "tcp dport 8080 target DROP") != ((void *)0)` passed [got Success]


test_run_userspace_iptables_input_forward_filter_chains: `strstr(buffer, "udp dport 5353 target DROP") != ((void *)0)` passed [got Success]


test_run_userspace_iptables_input_forward_filter_chains: `strstr(buffer, "state stage1-INPUT-rule-count 1") != ((void *)0)` passed [got Success]


test_run_userspace_iptables_input_forward_filter_chains: `strstr(buffer, "state stage1-FORWARD-rule-count 1") != ((void *)0)` passed [got Success]


test_run_userspace_iptables_input_forward_filter_chains: `run_iptables_command(input_flush_command)` passed [got Success]


test_run_userspace_iptables_input_forward_filter_chains: `run_iptables_command(forward_flush_command)` passed [got Success]


test_run_userspace_iptables_input_forward_filter_chains summary: 13 tests passed, 0 tests failed


test_run_userspace_iptables_nat_control_plane: `run_iptables_command(iptables_nat_flush_command)` passed [got Success]


test_run_userspace_iptables_nat_control_plane: `run_iptables_command(iptables_snat_command)` passed [got Success]


test_run_userspace_iptables_nat_control_plane: `run_iptables_command(iptables_dnat_command)` passed [got Success]


test_run_userspace_iptables_nat_control_plane: `run_iptables_command(iptables_masquerade_command)` passed [got Success]


table filter


chain PREROUTING policy ACCEPT


state stage1-PREROUTING-rule-count 0


chain INPUT policy ACCEPT


state stage1-INPUT-rule-count 0


chain FORWARD policy ACCEPT


state stage1-FORWARD-rule-count 0


chain OUTPUT policy ACCEPT


  rule 0 pkts 0 bytes 0 match icmp-echo-ident 0x0828 target DROP


state stage1-OUTPUT-rule-count 1


state stage20-output-rule-count 1


chain POSTROUTING policy ACCEPT


state stage1-POSTROUTING-rule-count 0


table nat


chain PREROUTING policy ACCEPT


  rule 0 chain POSTROUTING pkts 0 bytes 0 match tcp dport 8080 target SNAT to-source 10.0.2.15:40000


  rule 1 chain PREROUTING pkts 0 bytes 0 match udp dport 5353 target DNAT to-destination 127.0.0.1:5354


  rule 2 chain POSTROUTING pkts 0 bytes 0 match all target MASQUERADE


chain POSTROUTING policy ACCEPT


state stage21-nat-rule-count 3


test_run_userspace_iptables_nat_control_plane: `run_iptables_command(iptables_nat_list_command)` passed [got Success]


test_run_userspace_iptables_nat_control_plane: `read_netfilter_rules_snapshot(buffer, sizeof(buffer))` passed [got Success]


test_run_userspace_iptables_nat_control_plane: `strstr(buffer, "table nat") != ((void *)0)` passed [got Success]


test_run_userspace_iptables_nat_control_plane: `strstr(buffer, "chain PREROUTING policy ACCEPT") != ((void *)0)` passed [got Success]


test_run_userspace_iptables_nat_control_plane: `strstr(buffer, "chain POSTROUTING policy ACCEPT") != ((void *)0)` passed [got Success]


test_run_userspace_iptables_nat_control_plane: `strstr(buffer, "chain POSTROUTING pkts 0 bytes 0 match tcp dport 8080 target SNAT to-source 10.0.2.15:40000") != ((void *)0)` passed [got Success]


test_run_userspace_iptables_nat_control_plane: `strstr(buffer, "chain PREROUTING pkts 0 bytes 0 match udp dport 5353 target DNAT to-destination 127.0.0.1:5354") != ((void *)0)` passed [got Success]


test_run_userspace_iptables_nat_control_plane: `strstr(buffer, "chain POSTROUTING pkts 0 bytes 0 match all target MASQUERADE") != ((void *)0)` passed [got Success]


test_run_userspace_iptables_nat_control_plane: `strstr(buffer, "state stage21-nat-rule-count 3") != ((void *)0)` passed [got Success]


test_run_userspace_iptables_nat_control_plane: `run_iptables_command(iptables_nat_flush_prerouting_command)` passed [got Success]


test_run_userspace_iptables_nat_control_plane: `read_netfilter_rules_snapshot(buffer, sizeof(buffer))` passed [got Success]


test_run_userspace_iptables_nat_control_plane: `strstr(buffer, "target DNAT") == ((void *)0)` passed [got Success]


test_run_userspace_iptables_nat_control_plane: `strstr(buffer, "state stage21-nat-rule-count 2") != ((void *)0)` passed [got Success]


test_run_userspace_iptables_nat_control_plane: `run_iptables_command(iptables_nat_flush_command)` passed [got Success]


test_run_userspace_iptables_nat_control_plane: `read_netfilter_rules_snapshot(buffer, sizeof(buffer))` passed [got Success]


test_run_userspace_iptables_nat_control_plane: `strstr(buffer, "state stage21-nat-rule-count 0") != ((void *)0)` passed [got Success]


test_run_userspace_iptables_nat_control_plane summary: 20 tests passed, 0 tests failed


test_run_userspace_iptables_nat_postrouting_data_path: `run_iptables_command(iptables_nat_flush_command)` passed [got Success]


test_run_userspace_iptables_nat_postrouting_data_path: `run_iptables_command(iptables_snat_icmp_command)` passed [got Success]


test_run_userspace_iptables_nat_postrouting_data_path: `run_iptables_command(iptables_masquerade_command)` passed [got Success]


test_run_userspace_iptables_nat_postrouting_data_path: `read_netfilter_rules_snapshot(buffer, sizeof(buffer))` passed [got Success]


test_run_userspace_iptables_nat_postrouting_data_path: `strstr(buffer, "target SNAT") != ((void *)0)` passed [got Success]


test_run_userspace_iptables_nat_postrouting_data_path: `strstr(buffer, "target MASQUERADE") != ((void *)0)` passed [got Success]


test_run_userspace_iptables_nat_postrouting_data_path: `send_raw_icmp_datagram(0x0a000202, 0x872)` passed [got Success]


test_run_userspace_iptables_nat_postrouting_data_path: `send_raw_icmp_datagram(0x0a000203, 0x873)` passed [got Success]


test_run_userspace_iptables_nat_postrouting_data_path: `read_netfilter_rules_snapshot(buffer, sizeof(buffer))` passed [got Success]


test_run_userspace_iptables_nat_postrouting_data_path: `strstr(buffer, "state stage21-nat-rule-count 2") != ((void *)0)` passed [got Success]


test_run_userspace_iptables_nat_postrouting_data_path: `run_iptables_command(iptables_nat_flush_command)` passed [got Success]


test_run_userspace_iptables_nat_postrouting_data_path summary: 11 tests passed, 0 tests failed


test_ping_loopback: checking ping command


/bin/ping


test_ping_loopback: running raw ICMP ping to 127.0.0.1


PING 127.0.0.1 (127.0.0.1): 56 data bytes


64 bytes from 127.0.0.1: seq=0 ttl=64 time=0.000 ms





--- 127.0.0.1 ping statistics ---


1 packets transmitted, 1 packets received, 0% packet loss


round-trip min/avg/max = 0.000/0.000/0.000 ms


test_ping_loopback summary: raw socket ping command passed


test_tcp_listen_autobinds_inaddr_any: `socket(2, SOCK_STREAM | SOCK_NONBLOCK, 0)` passed [got Success]


test_tcp_listen_autobinds_inaddr_any: `listen(listen_fd, 1)` passed [got Success]


test_tcp_listen_autobinds_inaddr_any: `getsockname(listen_fd, (struct sockaddr *)&listen_addr, &listen_addrlen)` passed [got Success]


test_tcp_listen_autobinds_inaddr_any: `listen_addr.sin_family` passed [got Success]


test_tcp_listen_autobinds_inaddr_any: `listen_addr.sin_addr.s_addr` passed [got Success]


test_tcp_listen_autobinds_inaddr_any: `listen_addr.sin_port` passed [got Success]


test_tcp_listen_autobinds_inaddr_any: `socket(2, SOCK_STREAM | SOCK_NONBLOCK, 0)` passed [got Success]


test_tcp_listen_autobinds_inaddr_any: `connect(connect_fd, (struct sockaddr *)&connect_addr, sizeof(connect_addr))` passed [got Operation now in progress]


test_tcp_listen_autobinds_inaddr_any: `poll(&poll_fd, 1, 1000)` passed [got Success]


test_tcp_listen_autobinds_inaddr_any: `accept(listen_fd, ((void *)0), ((void *)0))` passed [got Success]


test_tcp_listen_autobinds_inaddr_any: `write(connect_fd, &buf, sizeof(buf))` passed [got Success]


test_tcp_listen_autobinds_inaddr_any: `read(accepted_fd, &buf, sizeof(buf))` passed [got Success]


test_tcp_listen_autobinds_inaddr_any: `close(accepted_fd)` passed [got Success]


test_tcp_listen_autobinds_inaddr_any: `close(connect_fd)` passed [got Success]


test_tcp_listen_autobinds_inaddr_any: `close(listen_fd)` passed [got Success]


test_tcp_listen_autobinds_inaddr_any summary: 15 tests passed, 0 tests failed


Test passed: listen(backlog=0) allows >=0 pending connections


Test passed: All of 0 pending connections can be accept()'ed


Test passed: listen(backlog=1) allows >=1 pending connections


Test passed: All of 1 pending connections can be accept()'ed


Test passed: listen(backlog=2) allows >=2 pending connections


Test passed: All of 2 pending connections can be accept()'ed


Test passed: listen(backlog=3) allows >=3 pending connections


Test passed: All of 3 pending connections can be accept()'ed


Test passed: listen(backlog=4) allows >=4 pending connections


Test passed: All of 4 pending connections can be accept()'ed


Test passed: listen(backlog=5) allows >=5 pending connections


Test passed: All of 5 pending connections can be accept()'ed


test_tcp_inaddr_any_accepts_virtio_addr: `socket(2, SOCK_STREAM | SOCK_NONBLOCK, 0)` passed [got Success]


test_tcp_inaddr_any_accepts_virtio_addr: `bind(listen_fd, (struct sockaddr *)&bind_addr, sizeof(bind_addr))` passed [got Success]


test_tcp_inaddr_any_accepts_virtio_addr: `getsockname(listen_fd, (struct sockaddr *)&bind_addr, &bind_addrlen)` passed [got Success]


test_tcp_inaddr_any_accepts_virtio_addr: `listen(listen_fd, 1)` passed [got Success]


test_tcp_inaddr_any_accepts_virtio_addr: `socket(2, SOCK_STREAM | SOCK_NONBLOCK, 0)` passed [got Success]


test_tcp_inaddr_any_accepts_virtio_addr: `connect(connect_fd, (struct sockaddr *)&connect_addr, sizeof(connect_addr))` passed [got Operation now in progress]


test_tcp_inaddr_any_accepts_virtio_addr: `poll(&poll_fd, 1, 1000)` passed [got Success]


test_tcp_inaddr_any_accepts_virtio_addr: `accept(listen_fd, (struct sockaddr *)&accepted_addr, &accepted_addrlen)` passed [got Success]


test_tcp_inaddr_any_accepts_virtio_addr: `write(connect_fd, &buf, sizeof(buf))` passed [got Success]


test_tcp_inaddr_any_accepts_virtio_addr: `read(accepted_fd, &buf, sizeof(buf))` passed [got Success]


test_tcp_inaddr_any_accepts_virtio_addr: `close(accepted_fd)` passed [got Success]


test_tcp_inaddr_any_accepts_virtio_addr: `close(connect_fd)` passed [got Success]


test_tcp_inaddr_any_accepts_virtio_addr: `close(listen_fd)` passed [got Success]


test_tcp_inaddr_any_accepts_virtio_addr summary: 13 tests passed, 0 tests failed


test_udp_inaddr_any_receives_virtio_addr: `socket(2, SOCK_DGRAM | SOCK_NONBLOCK, 0)` passed [got Success]


test_udp_inaddr_any_receives_virtio_addr: `bind(recv_fd, (struct sockaddr *)&bind_addr, sizeof(bind_addr))` passed [got Success]


test_udp_inaddr_any_receives_virtio_addr: `getsockname(recv_fd, (struct sockaddr *)&bind_addr, &bind_addrlen)` passed [got Success]


test_udp_inaddr_any_receives_virtio_addr: `socket(2, SOCK_DGRAM, 0)` passed [got Success]


test_udp_inaddr_any_receives_virtio_addr: `sendto(send_fd, &send_buf, sizeof(send_buf), 0, (struct sockaddr *)&send_addr, sizeof(send_addr))` passed [got Success]


test_udp_inaddr_any_receives_virtio_addr: `poll(&poll_fd, 1, 1000)` passed [got Success]


test_udp_inaddr_any_receives_virtio_addr: `read(recv_fd, &recv_buf, sizeof(recv_buf))` passed [got Success]


test_udp_inaddr_any_receives_virtio_addr: `close(send_fd)` passed [got Success]


test_udp_inaddr_any_receives_virtio_addr: `close(recv_fd)` passed [got Success]


test_udp_inaddr_any_receives_virtio_addr summary: 9 tests passed, 0 tests failed


test_tcp_getsockname_keeps_inaddr_any: `socket(2, SOCK_STREAM, 0)` passed [got Success]


test_tcp_getsockname_keeps_inaddr_any: `bind(fd, (struct sockaddr *)&bind_addr, sizeof(bind_addr))` passed [got Success]


test_tcp_getsockname_keeps_inaddr_any: `getsockname((fd), (struct sockaddr *)&actual_addr, &actual_addrlen)` passed [got Success]


test_tcp_getsockname_keeps_inaddr_any: `actual_addr.sin_family` passed [got Success]


test_tcp_getsockname_keeps_inaddr_any: `actual_addr.sin_addr.s_addr` passed [got Success]


test_tcp_getsockname_keeps_inaddr_any: `actual_addr.sin_port` passed [got Success]


test_tcp_getsockname_keeps_inaddr_any: `listen(fd, 1)` passed [got Success]


test_tcp_getsockname_keeps_inaddr_any: `getsockname((fd), (struct sockaddr *)&actual_addr, &actual_addrlen)` passed [got Success]


test_tcp_getsockname_keeps_inaddr_any: `actual_addr.sin_family` passed [got Success]


test_tcp_getsockname_keeps_inaddr_any: `actual_addr.sin_addr.s_addr` passed [got Success]


test_tcp_getsockname_keeps_inaddr_any: `actual_addr.sin_port` passed [got Success]


test_tcp_getsockname_keeps_inaddr_any: `actual_addr.sin_port` passed [got Success]


test_tcp_getsockname_keeps_inaddr_any: `close(fd)` passed [got Success]


test_tcp_getsockname_keeps_inaddr_any summary: 13 tests passed, 0 tests failed


test_udp_getsockname_keeps_inaddr_any: `socket(2, SOCK_DGRAM, 0)` passed [got Success]


test_udp_getsockname_keeps_inaddr_any: `bind(fd, (struct sockaddr *)&bind_addr, sizeof(bind_addr))` passed [got Success]


test_udp_getsockname_keeps_inaddr_any: `getsockname((fd), (struct sockaddr *)&actual_addr, &actual_addrlen)` passed [got Success]


test_udp_getsockname_keeps_inaddr_any: `actual_addr.sin_family` passed [got Success]


test_udp_getsockname_keeps_inaddr_any: `actual_addr.sin_addr.s_addr` passed [got Success]


test_udp_getsockname_keeps_inaddr_any: `actual_addr.sin_port` passed [got Success]


test_udp_getsockname_keeps_inaddr_any: `close(fd)` passed [got Success]


test_udp_getsockname_keeps_inaddr_any summary: 7 tests passed, 0 tests failed


test_tcp_getsockname_keeps_loopback_addr: `socket(2, SOCK_STREAM, 0)` passed [got Success]


test_tcp_getsockname_keeps_loopback_addr: `bind(fd, (struct sockaddr *)&bind_addr, sizeof(bind_addr))` passed [got Success]


test_tcp_getsockname_keeps_loopback_addr: `getsockname((fd), (struct sockaddr *)&actual_addr, &actual_addrlen)` passed [got Success]


test_tcp_getsockname_keeps_loopback_addr: `actual_addr.sin_family` passed [got Success]


test_tcp_getsockname_keeps_loopback_addr: `actual_addr.sin_addr.s_addr` passed [got Success]


test_tcp_getsockname_keeps_loopback_addr: `actual_addr.sin_port` passed [got Success]


test_tcp_getsockname_keeps_loopback_addr: `close(fd)` passed [got Success]


test_tcp_getsockname_keeps_loopback_addr summary: 7 tests passed, 0 tests failed


test_udp_getsockname_keeps_loopback_addr: `socket(2, SOCK_DGRAM, 0)` passed [got Success]


test_udp_getsockname_keeps_loopback_addr: `bind(fd, (struct sockaddr *)&bind_addr, sizeof(bind_addr))` passed [got Success]


test_udp_getsockname_keeps_loopback_addr: `getsockname((fd), (struct sockaddr *)&actual_addr, &actual_addrlen)` passed [got Success]


test_udp_getsockname_keeps_loopback_addr: `actual_addr.sin_family` passed [got Success]


test_udp_getsockname_keeps_loopback_addr: `actual_addr.sin_addr.s_addr` passed [got Success]


test_udp_getsockname_keeps_loopback_addr: `actual_addr.sin_port` passed [got Success]


test_udp_getsockname_keeps_loopback_addr: `close(fd)` passed [got Success]


test_udp_getsockname_keeps_loopback_addr summary: 7 tests passed, 0 tests failed


test_tcp_loopback_accepts_connection: `socket(2, SOCK_STREAM, 0)` passed [got Success]


test_tcp_loopback_accepts_connection: `bind(listen_fd, (struct sockaddr *)&listen_addr, sizeof(listen_addr))` passed [got Success]


test_tcp_loopback_accepts_connection: `getsockname(listen_fd, (struct sockaddr *)&listen_addr, &listen_addrlen)` passed [got Success]


test_tcp_loopback_accepts_connection: `listen(listen_fd, 1)` passed [got Success]


test_tcp_loopback_accepts_connection: `socket(2, SOCK_STREAM, 0)` passed [got Success]


test_tcp_loopback_accepts_connection: `connect(connect_fd, (struct sockaddr *)&listen_addr, sizeof(listen_addr))` passed [got Success]


test_tcp_loopback_accepts_connection: `poll(&poll_fd, 1, 1000)` passed [got Success]


test_tcp_loopback_accepts_connection: `accept(listen_fd, ((void *)0), ((void *)0))` passed [got Success]


test_tcp_loopback_accepts_connection: `write(connect_fd, &byte, sizeof(byte))` passed [got Success]


test_tcp_loopback_accepts_connection: `read(accepted_fd, &byte, sizeof(byte))` passed [got Success]


test_tcp_loopback_accepts_connection: `close(accepted_fd)` passed [got Success]


test_tcp_loopback_accepts_connection: `close(connect_fd)` passed [got Success]


test_tcp_loopback_accepts_connection: `close(listen_fd)` passed [got Success]


test_tcp_loopback_accepts_connection summary: 13 tests passed, 0 tests failed


test_udp_loopback_receives_datagram: `socket(2, SOCK_DGRAM, 0)` passed [got Success]


test_udp_loopback_receives_datagram: `bind(recv_fd, (struct sockaddr *)&recv_addr, sizeof(recv_addr))` passed [got Success]


test_udp_loopback_receives_datagram: `getsockname(recv_fd, (struct sockaddr *)&recv_addr, &recv_addrlen)` passed [got Success]


test_udp_loopback_receives_datagram: `socket(2, SOCK_DGRAM, 0)` passed [got Success]


test_udp_loopback_receives_datagram: `sendto(send_fd, &send_buf, sizeof(send_buf), 0, (struct sockaddr *)&recv_addr, sizeof(recv_addr))` passed [got Success]


test_udp_loopback_receives_datagram: `poll(&poll_fd, 1, 1000)` passed [got Success]


test_udp_loopback_receives_datagram: `read(recv_fd, &recv_buf, sizeof(recv_buf))` passed [got Success]


test_udp_loopback_receives_datagram: `close(send_fd)` passed [got Success]


test_udp_loopback_receives_datagram: `close(recv_fd)` passed [got Success]


test_udp_loopback_receives_datagram summary: 9 tests passed, 0 tests failed


test_listener_accepts_sequential_connections: `socket(2, SOCK_STREAM, 0)` passed [got Success]


test_listener_accepts_sequential_connections: `bind(listen_fd, (struct sockaddr *)&listen_addr, sizeof(listen_addr))` passed [got Success]


test_listener_accepts_sequential_connections: `getsockname(listen_fd, (struct sockaddr *)&listen_addr, &listen_addrlen)` passed [got Success]


test_listener_accepts_sequential_connections: `listen(listen_fd, 3)` passed [got Success]


test_listener_accepts_sequential_connections: `socket(2, SOCK_STREAM, 0)` passed [got Success]


test_listener_accepts_sequential_connections: `connect(connect_fd, (struct sockaddr *)&listen_addr, sizeof(listen_addr))` passed [got Success]


test_listener_accepts_sequential_connections: `poll(&poll_fd, 1, 1000)` passed [got Success]


test_listener_accepts_sequential_connections: `accept(listen_fd, ((void *)0), ((void *)0))` passed [got Success]


test_listener_accepts_sequential_connections: `write(connect_fd, &expected, sizeof(expected))` passed [got Success]


test_listener_accepts_sequential_connections: `read(accepted_fd, &actual, sizeof(actual))` passed [got Success]


test_listener_accepts_sequential_connections: `close(accepted_fd)` passed [got Success]


test_listener_accepts_sequential_connections: `close(connect_fd)` passed [got Success]


test_listener_accepts_sequential_connections: `socket(2, SOCK_STREAM, 0)` passed [got Success]


test_listener_accepts_sequential_connections: `connect(connect_fd, (struct sockaddr *)&listen_addr, sizeof(listen_addr))` passed [got Success]


test_listener_accepts_sequential_connections: `poll(&poll_fd, 1, 1000)` passed [got Success]


test_listener_accepts_sequential_connections: `accept(listen_fd, ((void *)0), ((void *)0))` passed [got Success]


test_listener_accepts_sequential_connections: `write(connect_fd, &expected, sizeof(expected))` passed [got Success]


test_listener_accepts_sequential_connections: `read(accepted_fd, &actual, sizeof(actual))` passed [got Success]


test_listener_accepts_sequential_connections: `close(accepted_fd)` passed [got Success]


test_listener_accepts_sequential_connections: `close(connect_fd)` passed [got Success]


test_listener_accepts_sequential_connections: `socket(2, SOCK_STREAM, 0)` passed [got Success]


test_listener_accepts_sequential_connections: `connect(connect_fd, (struct sockaddr *)&listen_addr, sizeof(listen_addr))` passed [got Success]


test_listener_accepts_sequential_connections: `poll(&poll_fd, 1, 1000)` passed [got Success]


test_listener_accepts_sequential_connections: `accept(listen_fd, ((void *)0), ((void *)0))` passed [got Success]


test_listener_accepts_sequential_connections: `write(connect_fd, &expected, sizeof(expected))` passed [got Success]


test_listener_accepts_sequential_connections: `read(accepted_fd, &actual, sizeof(actual))` passed [got Success]


test_listener_accepts_sequential_connections: `close(accepted_fd)` passed [got Success]


test_listener_accepts_sequential_connections: `close(connect_fd)` passed [got Success]


test_listener_accepts_sequential_connections: `close(listen_fd)` passed [got Success]


test_listener_accepts_sequential_connections summary: 29 tests passed, 0 tests failed


test_ipv6_tcp_socket_is_not_supported: `socket(10, SOCK_STREAM, 0)` passed [got Address family not supported by protocol]


test_ipv6_tcp_socket_is_not_supported summary: 1 tests passed, 0 tests failed


test_ipv6_udp_socket_is_not_supported: `socket(10, SOCK_DGRAM, 0)` passed [got Address family not supported by protocol]


test_ipv6_udp_socket_is_not_supported summary: 1 tests passed, 0 tests failed


test_tcp_privileged_ports: `socket(2, SOCK_STREAM, 0)` passed [got Success]


test_tcp_privileged_ports: `bind(sk, (struct sockaddr *)&sk_addr, sizeof(sk_addr))` passed [got Permission denied]


test_tcp_privileged_ports: `bind(sk, (struct sockaddr *)&sk_addr, sizeof(sk_addr))` passed [got Success]


test_tcp_privileged_ports: `close(sk)` passed [got Success]


test_tcp_privileged_ports summary: 4 tests passed, 0 tests failed


test_udp_privileged_ports: `socket(2, SOCK_DGRAM, 0)` passed [got Success]


test_udp_privileged_ports: `bind(sk, (struct sockaddr *)&sk_addr, sizeof(sk_addr))` passed [got Permission denied]


test_udp_privileged_ports: `bind(sk, (struct sockaddr *)&sk_addr, sizeof(sk_addr))` passed [got Success]


test_udp_privileged_ports: `close(sk)` passed [got Success]


test_udp_privileged_ports summary: 4 tests passed, 0 tests failed


Sent bytes: 262145


Start receiving...


Received bytes: 262145


Test passed: Equal sent bytes and received bytes


test_tcp_default_buffers_support_http_response: `socket(2, SOCK_STREAM, 0)` passed [got Success]


test_tcp_default_buffers_support_http_response: `getsockopt(tcp_fd, 1, 7, &sendbuf, &optlen)` passed [got Success]


test_tcp_default_buffers_support_http_response: `getsockopt(tcp_fd, 1, 8, &recvbuf, &optlen)` passed [got Success]


test_tcp_default_buffers_support_http_response: `close(tcp_fd)` passed [got Success]


test_tcp_default_buffers_support_http_response summary: 4 tests passed, 0 tests failed


test_udp_default_buffers_cover_datagram_payload: `socket(2, SOCK_DGRAM, 0)` passed [got Success]


test_udp_default_buffers_cover_datagram_payload: `getsockopt(udp_fd, 1, 7, &sendbuf, &optlen)` passed [got Success]


test_udp_default_buffers_cover_datagram_payload: `getsockopt(udp_fd, 1, 8, &recvbuf, &optlen)` passed [got Success]


test_udp_default_buffers_cover_datagram_payload: `close(udp_fd)` passed [got Success]


test_udp_default_buffers_cover_datagram_payload summary: 4 tests passed, 0 tests failed


test_sendmmsg: `sendmmsg(sk_sender, msgs, 3, 0)` passed [got Success]


test_sendmmsg: `recvmsg(sk_receiver, &msghdr, 0)` passed [got Success]


test_sendmmsg: `recvmsg(sk_receiver, &msghdr, 0)` passed [got Success]


test_sendmmsg: `recvmsg(sk_receiver, &msghdr, 0)` passed [got Resource temporarily unavailable]


test_sendmmsg summary: 4 tests passed, 0 tests failed


Receive from child: Hello from child


Receive from parent: Hello from parent


test_invalid_socket_option: `getsockopt(sk_connected, 99999, 7, &res, &res_len)` passed [got Operation not supported]


test_invalid_socket_option: `getsockopt(sk_connected, 1, 99999, &res, &res_len)` passed [got Protocol not available]


test_invalid_socket_option: `getsockopt(sk_connected, IPPROTO_TCP, 99999, &res, &res_len)` passed [got Protocol not available]


test_invalid_socket_option: `getsockopt(sk_connected, IPPROTO_IP, 99999, &res, &res_len)` passed [got Protocol not available]


test_invalid_socket_option summary: 4 tests passed, 0 tests failed


test_buffer_size: `getsockopt(sk_unbound, 1, 7, &sendbuf, &sendbuf_len)` passed [got Success]


test_buffer_size summary: 1 tests passed, 0 tests failed


test_socket_error: `getsockopt(sk_unbound, 1, 4, &error, &error_len)` passed [got Success]


test_socket_error summary: 1 tests passed, 0 tests failed


test_nagle: `getsockopt(sk_connected, IPPROTO_TCP, 1, &nagle, &nagle_len)` passed [got Success]


test_nagle: `getsockopt(sk_accepted, IPPROTO_TCP, 1, &nagle, &nagle_len)` passed [got Success]


test_nagle: `setsockopt(sk_unbound, IPPROTO_TCP, 1, &option, sizeof(option))` passed [got Success]


test_nagle: `getsockopt(sk_unbound, IPPROTO_TCP, 1, &nagle, &nagle_len)` passed [got Success]


test_nagle: `setsockopt(sk_connected, IPPROTO_TCP, 1, &option, sizeof(option))` passed [got Success]


test_nagle: `getsockopt(sk_connected, IPPROTO_TCP, 1, &nagle, &nagle_len)` passed [got Success]


test_nagle: `setsockopt(sk_listen, IPPROTO_TCP, 1, &option, sizeof(option))` passed [got Success]


test_nagle: `getsockopt(sk_listen, IPPROTO_TCP, 1, &nagle, &nagle_len)` passed [got Success]


test_nagle: `getsockopt(sk_connected, IPPROTO_TCP, 1, &nagle, &nagle_len)` passed [got Success]


test_nagle: `getsockopt(sk_accepted, IPPROTO_TCP, 1, &nagle, &nagle_len)` passed [got Success]


test_nagle: `setsockopt(sk_listen, IPPROTO_TCP, 1, &option, sizeof(option))` passed [got Success]


test_nagle: `socket(2, SOCK_STREAM, 0)` passed [got Success]


test_nagle: `connect(sk_connected, (struct sockaddr *)&listen_addr, sizeof(listen_addr))` passed [got Success]


test_nagle: `setsockopt(sk_listen, IPPROTO_TCP, 1, &option, sizeof(option))` passed [got Success]


test_nagle: `accept(sk_listen, ((void *)0), ((void *)0))` passed [got Success]


test_nagle: `getsockopt(sk_connected, IPPROTO_TCP, 1, &nagle, &nagle_len)` passed [got Success]


test_nagle: `getsockopt(sk_accepted, IPPROTO_TCP, 1, &nagle, &nagle_len)` passed [got Success]


test_nagle summary: 17 tests passed, 0 tests failed


test_reuseaddr: `setsockopt(sk_unbound, 1, 2, &option, sizeof(option))` passed [got Success]


test_reuseaddr: `getsockopt(sk_unbound, 1, 2, &reuseaddr, &reuseaddr_len)` passed [got Success]


test_reuseaddr summary: 2 tests passed, 0 tests failed


test_keepalive: `getsockopt(sk_connected, 1, 9, &keepalive, &keepalive_len)` passed [got Success]


test_keepalive: `getsockopt(sk_accepted, 1, 9, &keepalive, &keepalive_len)` passed [got Success]


test_keepalive: `setsockopt(sk_unbound, 1, 9, &option, sizeof(option))` passed [got Success]


test_keepalive: `getsockopt(sk_unbound, 1, 9, &keepalive, &keepalive_len)` passed [got Success]


test_keepalive: `setsockopt(sk_connected, 1, 9, &option, sizeof(option))` passed [got Success]


test_keepalive: `getsockopt(sk_connected, 1, 9, &keepalive, &keepalive_len)` passed [got Success]


test_keepalive: `setsockopt(sk_listen, 1, 9, &option, sizeof(option))` passed [got Success]


test_keepalive: `getsockopt(sk_listen, 1, 9, &keepalive, &keepalive_len)` passed [got Success]


test_keepalive: `getsockopt(sk_connected, 1, 9, &keepalive, &keepalive_len)` passed [got Success]


test_keepalive: `getsockopt(sk_accepted, 1, 9, &keepalive, &keepalive_len)` passed [got Success]


test_keepalive: `setsockopt(sk_listen, 1, 9, &option, sizeof(option))` passed [got Success]


test_keepalive: `socket(2, SOCK_STREAM, 0)` passed [got Success]


test_keepalive: `connect(sk_connected, (struct sockaddr *)&listen_addr, sizeof(listen_addr))` passed [got Success]


test_keepalive: `setsockopt(sk_listen, 1, 9, &option, sizeof(option))` passed [got Success]


test_keepalive: `accept(sk_listen, ((void *)0), ((void *)0))` passed [got Success]


test_keepalive: `getsockopt(sk_connected, 1, 9, &keepalive, &keepalive_len)` passed [got Success]


test_keepalive: `getsockopt(sk_accepted, 1, 9, &keepalive, &keepalive_len)` passed [got Success]


test_keepalive summary: 17 tests passed, 0 tests failed


test_keepidle: `getsockopt(sk_connected, IPPROTO_TCP, 4, &keepidle, &keepidle_len)` passed [got Success]


test_keepidle: `getsockopt(sk_accepted, IPPROTO_TCP, 4, &keepidle, &keepidle_len)` passed [got Success]


test_keepidle: `setsockopt(sk_connected, IPPROTO_TCP, 4, &seconds, sizeof(seconds))` passed [got Success]


test_keepidle: `getsockopt(sk_connected, IPPROTO_TCP, 4, &keepidle, &keepidle_len)` passed [got Success]


test_keepidle summary: 4 tests passed, 0 tests failed


test_ip_tos: `getsockopt(sk_unbound, IPPROTO_IP, 1, &tos, &tos_len)` passed [got Success]


test_ip_tos: `getsockopt(sk_udp, IPPROTO_IP, 1, &tos, &tos_len)` passed [got Success]


test_ip_tos: `setsockopt(sk_unbound, IPPROTO_IP, 1, &tos, tos_len)` passed [got Success]


test_ip_tos: `setsockopt(sk_udp, IPPROTO_IP, 1, &tos, tos_len)` passed [got Success]


test_ip_tos: `getsockopt(sk_unbound, IPPROTO_IP, 1, &tos, &tos_len)` passed [got Success]


test_ip_tos: `getsockopt(sk_udp, IPPROTO_IP, 1, &tos, &tos_len)` passed [got Success]


test_ip_tos: `setsockopt(sk_unbound, IPPROTO_IP, 1, &tos, tos_len)` passed [got Success]


test_ip_tos: `getsockopt(sk_unbound, IPPROTO_IP, 1, &tos, &tos_len)` passed [got Success]


test_ip_tos: `setsockopt(sk_unbound, IPPROTO_IP, 1, &tos, tos_len)` passed [got Success]


test_ip_tos: `getsockopt(sk_unbound, IPPROTO_IP, 1, &tos, &tos_len)` passed [got Success]


test_ip_tos summary: 10 tests passed, 0 tests failed


test_ip_ttl: `getsockopt(sk_unbound, IPPROTO_IP, 2, &ttl, &ttl_len)` passed [got Success]


test_ip_ttl: `getsockopt(sk_udp, IPPROTO_IP, 2, &ttl, &ttl_len)` passed [got Success]


test_ip_ttl: `setsockopt(sk_unbound, IPPROTO_IP, 2, &ttl, ttl_len)` passed [got Invalid argument]


test_ip_ttl: `setsockopt(sk_unbound, IPPROTO_IP, 2, &ttl, ttl_len)` passed [got Invalid argument]


test_ip_ttl: `setsockopt(sk_unbound, IPPROTO_IP, 2, &ttl, ttl_len)` passed [got Success]


test_ip_ttl: `setsockopt(sk_udp, IPPROTO_IP, 2, &ttl, ttl_len)` passed [got Success]


test_ip_ttl: `getsockopt(sk_unbound, IPPROTO_IP, 2, &ttl, &ttl_len)` passed [got Success]


test_ip_ttl: `getsockopt(sk_udp, IPPROTO_IP, 2, &ttl, &ttl_len)` passed [got Success]


test_ip_ttl: `setsockopt(sk_unbound, IPPROTO_IP, 2, &ttl, ttl_len)` passed [got Success]


test_ip_ttl: `getsockopt(sk_unbound, IPPROTO_IP, 2, &ttl, &ttl_len)` passed [got Success]


test_ip_ttl summary: 10 tests passed, 0 tests failed


test_ip_hdrincl: `getsockopt(sk_unbound, IPPROTO_IP, 3, &hdrincl, &hdrincl_len)` passed [got Success]


test_ip_hdrincl: `getsockopt(sk_udp, IPPROTO_IP, 3, &hdrincl, &hdrincl_len)` passed [got Success]


test_ip_hdrincl: `setsockopt(sk_unbound, IPPROTO_IP, 3, &hdrincl, hdrincl_len)` passed [got Protocol not available]


test_ip_hdrincl: `setsockopt(sk_udp, IPPROTO_IP, 3, &hdrincl, hdrincl_len)` passed [got Protocol not available]


test_ip_hdrincl summary: 4 tests passed, 0 tests failed


test_ip_recverr: `getsockopt(sk_unbound, IPPROTO_IP, 11, &recverr, &recverr_len)` passed [got Success]


test_ip_recverr: `getsockopt(sk_udp, IPPROTO_IP, 11, &recverr, &recverr_len)` passed [got Success]


test_ip_recverr: `setsockopt(sk_unbound, IPPROTO_IP, 11, &recverr, recverr_len)` passed [got Success]


test_ip_recverr: `getsockopt(sk_unbound, IPPROTO_IP, 11, &recverr, &recverr_len)` passed [got Success]


test_ip_recverr: `setsockopt(sk_udp, IPPROTO_IP, 11, &recverr, recverr_len)` passed [got Success]


test_ip_recverr: `getsockopt(sk_udp, IPPROTO_IP, 11, &recverr, &recverr_len)` passed [got Success]


test_ip_recverr summary: 6 tests passed, 0 tests failed


test_priority: `getsockopt(sk_unbound, 1, 12, &val, &len)` passed [got Success]


test_priority: `setsockopt(sk_listen, 1, 12, &val, len)` passed [got Success]


test_priority: `getsockopt(sk_listen, 1, 12, &val, &len)` passed [got Success]


test_priority: `setsockopt(sk_connected, 1, 12, &val, len)` passed [got Success]


test_priority: `getsockopt(sk_connected, 1, 12, &val, &len)` passed [got Success]


test_priority summary: 5 tests passed, 0 tests failed


test_acceptconn: `setsockopt(sk_unbound, 1, 30, &val, len)` passed [got Protocol not available]


test_acceptconn: `getsockopt(sk_unbound, 1, 30, &val, &len)` passed [got Success]


test_acceptconn: `getsockopt(sk_listen, 1, 30, &val, &len)` passed [got Success]


test_acceptconn: `getsockopt(sk_accepted, 1, 30, &val, &len)` passed [got Success]


test_acceptconn: `getsockopt(sk_connected, 1, 30, &val, &len)` passed [got Success]


test_acceptconn: `getsockopt(sk_tcp, 1, 30, &val, &len)` passed [got Success]


test_acceptconn summary: 6 tests passed, 0 tests failed


test_pass_cred: `getsockopt(sk_tcp, 1, 16, &val, &len)` passed [got Success]


test_pass_cred: `getsockopt(sk_unbound, 1, 16, &val, &len)` passed [got Success]


test_pass_cred: `getsockopt(sk_listen, 1, 16, &val, &len)` passed [got Success]


test_pass_cred: `getsockopt(sk_connected, 1, 16, &val, &len)` passed [got Success]


test_pass_cred: `setsockopt(sk_tcp, 1, 16, &val, len)` passed [got Success]


test_pass_cred: `setsockopt(sk_unbound, 1, 16, &val, len)` passed [got Success]


test_pass_cred: `setsockopt(sk_listen, 1, 16, &val, len)` passed [got Success]


test_pass_cred: `setsockopt(sk_connected, 1, 16, &val, len)` passed [got Success]


test_pass_cred: `getsockopt(sk_tcp, 1, 16, &val, &len)` passed [got Success]


test_pass_cred: `getsockopt(sk_unbound, 1, 16, &val, &len)` passed [got Success]


test_pass_cred: `getsockopt(sk_listen, 1, 16, &val, &len)` passed [got Success]


test_pass_cred: `getsockopt(sk_connected, 1, 16, &val, &len)` passed [got Success]


test_pass_cred summary: 12 tests passed, 0 tests failed


test_peer_cred: `setsockopt(sk_tcp, 1, 17, &ucred, len)` passed [got Protocol not available]


test_peer_cred: `getsockopt(sk_tcp, 1, 17, &ucred, &len)` passed [got Success]


test_peer_cred: `setsockopt(sk_unbound, 1, 17, &ucred, len)` passed [got Protocol not available]


test_peer_cred: `getsockopt(sk_unbound, 1, 17, &ucred, &len)` passed [got Success]


test_peer_cred: `getsockopt(sk_listen, 1, 17, &ucred, &len)` passed [got Success]


test_peer_cred: `getsockopt(sk_accepted, 1, 17, &ucred, &len)` passed [got Success]


test_peer_cred: `getsockopt(sk_connected, 1, 17, &ucred, &len)` passed [got Success]


test_peer_cred: `fork()` passed [got Success]


test_peer_cred: `fork()` passed [got Success]


test_peer_cred: `accept(sk_listen, ((void *)0), ((void *)0))` passed [got Success]


test_peer_cred: `getsockopt(sk_accepted_new, 1, 17, &ucred, &len)` passed [got Success]


test_peer_cred: `getsockopt(sk_listen, 1, 17, &ucred, &len)` passed [got Success]


test_peer_cred: `wait4(child_pid, &status, 0, ((void *)0))` passed [got Success]


test_peer_cred: `close(sk_accepted_new)` passed [got Success]


test_peer_cred summary: 13 tests passed, 0 tests failed


test_peer_groups: `getgroups(0, ((void *)0))` passed [got Success]


test_peer_groups: `getgroups(groups, buffer)` passed [got Success]


test_peer_groups: `setsockopt(sk_unbound, 1, 59, buffer, groups)` passed [got Invalid argument]


test_peer_groups: `getsockopt(sk_tcp, 1, 59, small_buffer, &buffer_len)` passed [got No data available]


test_peer_groups: `getsockopt(sk_unbound, 1, 59, small_buffer, &buffer_len)` passed [got No data available]


test_peer_groups: `getsockopt(sk_listen, 1, 59, small_buffer, &buffer_len)` passed [got Numerical result out of range]


test_peer_groups: `getsockopt(sk_accepted, 1, 59, small_buffer, &buffer_len)` passed [got Numerical result out of range]


test_peer_groups: `getsockopt(sk_listen, 1, 59, big_buffer, &buffer_len)` passed [got Success]


test_peer_groups: `getsockopt(sk_connected, 1, 59, ((void *)0), &buffer_len)` passed [got Bad address]


test_peer_groups: `getsockopt(sk_connected, 1, 59, big_buffer, &buffer_len)` passed [got Success]


test_peer_groups: `socketpair(1, SOCK_STREAM, 0, fildes)` passed [got Success]


test_peer_groups: `getsockopt(fildes[0], 1, 59, big_buffer, &buffer_len)` passed [got Success]


test_peer_groups: `close(fildes[0])` passed [got Success]


test_peer_groups: `close(fildes[1])` passed [got Success]


test_peer_groups summary: 14 tests passed, 0 tests failed


test_getsockname: `getsockname(sk_unbound, psaddr, &addrlen)` passed [got Success]


test_getsockname: `getsockname(sk_unbound, psaddr, &addrlen)` passed [got Success]


test_getsockname: `getsockname(sk_bound, psaddr, &addrlen)` passed [got Success]


test_getsockname: `getsockname(sk_listen, psaddr, &addrlen)` passed [got Success]


test_getsockname: `getsockname(sk_connected, psaddr, &addrlen)` passed [got Success]


test_getsockname: `getsockname(sk_accepted, psaddr, &addrlen)` passed [got Success]


test_getsockname summary: 6 tests passed, 0 tests failed


test_getpeername: `getpeername(sk_unbound, psaddr, &addrlen)` passed [got Transport endpoint is not connected]


test_getpeername: `getpeername(sk_bound, psaddr, &addrlen)` passed [got Transport endpoint is not connected]


test_getpeername: `getpeername(sk_listen, psaddr, &addrlen)` passed [got Transport endpoint is not connected]


test_getpeername: `getpeername(sk_connected, psaddr, &addrlen)` passed [got Success]


test_getpeername: `getpeername(sk_accepted, psaddr, &addrlen)` passed [got Success]


test_getpeername summary: 5 tests passed, 0 tests failed


test_peername_is_peer_sockname: `getsockname(sk_connected, psaddr, &addrlen)` passed [got Success]


test_peername_is_peer_sockname: `getpeername(sk_accepted, psaddr, &addrlen)` passed [got Success]


test_peername_is_peer_sockname summary: 2 tests passed, 0 tests failed


test_send: `send(sk_unbound, buf, 1, 0)` passed [got Broken pipe]


test_send: `send(sk_unbound, buf, 0, 0)` passed [got Broken pipe]


test_send: `write(sk_unbound, buf, 1)` passed [got Broken pipe]


test_send: `write(sk_unbound, buf, 0)` passed [got Broken pipe]


test_send: `send(sk_bound, buf, 1, 0)` passed [got Broken pipe]


test_send: `send(sk_bound, buf, 0, 0)` passed [got Broken pipe]


test_send: `write(sk_bound, buf, 1)` passed [got Broken pipe]


test_send: `write(sk_bound, buf, 0)` passed [got Broken pipe]


test_send: `send(sk_listen, buf, 1, 0)` passed [got Broken pipe]


test_send: `send(sk_listen, buf, 0, 0)` passed [got Broken pipe]


test_send: `write(sk_listen, buf, 1)` passed [got Broken pipe]


test_send: `write(sk_listen, buf, 0)` passed [got Broken pipe]


test_send summary: 12 tests passed, 0 tests failed


test_recv: `recv(sk_unbound, buf, 1, 0)` passed [got Transport endpoint is not connected]


test_recv: `recv(sk_unbound, buf, 0, 0)` passed [got Transport endpoint is not connected]


test_recv: `read(sk_unbound, buf, 1)` passed [got Transport endpoint is not connected]


test_recv: `read(sk_unbound, buf, 0)` passed [got Success]


test_recv: `recv(sk_bound, buf, 1, 0)` passed [got Transport endpoint is not connected]


test_recv: `recv(sk_bound, buf, 0, 0)` passed [got Transport endpoint is not connected]


test_recv: `read(sk_bound, buf, 1)` passed [got Transport endpoint is not connected]


test_recv: `read(sk_bound, buf, 0)` passed [got Success]


test_recv: `recv(sk_listen, buf, 1, 0)` passed [got Transport endpoint is not connected]


test_recv: `recv(sk_listen, buf, 0, 0)` passed [got Transport endpoint is not connected]


test_recv: `read(sk_listen, buf, 1)` passed [got Transport endpoint is not connected]


test_recv: `read(sk_listen, buf, 0)` passed [got Success]


test_recv: `recv(sk_connected, buf, 1, 0)` passed [got Resource temporarily unavailable]


test_recv: `recv(sk_connected, buf, 0, 0)` passed [got Resource temporarily unavailable]


test_recv: `read(sk_connected, buf, 1)` passed [got Resource temporarily unavailable]


test_recv: `read(sk_connected, buf, 0)` passed [got Success]


test_recv summary: 16 tests passed, 0 tests failed


test_send_and_recv: `send(sk_connected, buf, 1, 0)` passed [got Success]


test_send_and_recv: `sendto(sk_accepted, buf, 1, 0, (struct sockaddr *)&sk_addr, sizeof(sk_addr))` passed [got Success]


test_send_and_recv: `recv(sk_accepted, buf, 1, 0)` passed [got Success]


test_send_and_recv: `recv(sk_connected, buf, 1, 0)` passed [got Success]


test_send_and_recv: `recv(sk_connected, buf, 1, 0)` passed [got Resource temporarily unavailable]


test_send_and_recv summary: 5 tests passed, 0 tests failed


test_bind: `bind(sk_unbound, psaddr, addrlen - 1)` passed [got Invalid argument]


test_bind: `bind(sk_bound, psaddr, addrlen)` passed [got Invalid argument]


test_bind: `bind(sk_listen, psaddr, addrlen)` passed [got Invalid argument]


test_bind: `bind(sk_connected, psaddr, addrlen)` passed [got Invalid argument]


test_bind: `bind(sk_accepted, psaddr, addrlen)` passed [got Invalid argument]


test_bind summary: 5 tests passed, 0 tests failed


test_bind_reuseaddr: `socket(2, SOCK_STREAM | SOCK_NONBLOCK, 0)` passed [got Success]


test_bind_reuseaddr: `socket(2, SOCK_STREAM | SOCK_NONBLOCK, 0)` passed [got Success]


test_bind_reuseaddr: `bind(sk1, psaddr, addrlen)` passed [got Success]


test_bind_reuseaddr: `bind(sk2, psaddr, addrlen)` passed [got Address already in use]


test_bind_reuseaddr: `setsockopt(sk1, 1, 2, &disable, sizeof(disable))` passed [got Success]


test_bind_reuseaddr: `setsockopt(sk2, 1, 2, &enable, sizeof(enable))` passed [got Success]


test_bind_reuseaddr: `setsockopt(sk1, 1, 2, &enable, sizeof(enable))` passed [got Success]


test_bind_reuseaddr: `setsockopt(sk2, 1, 2, &disable, sizeof(disable))` passed [got Success]


test_bind_reuseaddr: `bind(sk2, psaddr, addrlen)` passed [got Address already in use]


test_bind_reuseaddr: `setsockopt(sk1, 1, 2, &enable, sizeof(enable))` passed [got Success]


test_bind_reuseaddr: `setsockopt(sk2, 1, 2, &enable, sizeof(enable))` passed [got Success]


test_bind_reuseaddr: `bind(sk2, psaddr, addrlen)` passed [got Success]


test_bind_reuseaddr: `close(sk1)` passed [got Success]


test_bind_reuseaddr: `close(sk2)` passed [got Success]


test_bind_reuseaddr summary: 14 tests passed, 0 tests failed


test_listen: `listen(sk_listen, 2)` passed [got Success]


test_listen: `listen(sk_connected, 2)` passed [got Invalid argument]


test_listen: `listen(sk_accepted, 2)` passed [got Invalid argument]


test_listen summary: 3 tests passed, 0 tests failed


test_accept: `accept(sk_unbound, psaddr, &addrlen)` passed [got Invalid argument]


test_accept: `accept(sk_bound, psaddr, &addrlen)` passed [got Invalid argument]


test_accept: `accept(sk_listen, psaddr, &addrlen)` passed [got Resource temporarily unavailable]


test_accept: `accept(sk_connected, psaddr, &addrlen)` passed [got Invalid argument]


test_accept: `accept(sk_accepted, psaddr, &addrlen)` passed [got Invalid argument]


test_accept summary: 5 tests passed, 0 tests failed


test_poll: `poll(&pfd, 1, 0)` passed [got Success]


test_poll: `poll(&pfd, 1, 0)` passed [got Success]


test_poll: `poll(&pfd, 1, 0)` passed [got Success]


test_poll: `poll(&pfd, 1, 0)` passed [got Success]


test_poll: `poll(&pfd, 1, 0)` passed [got Success]


test_poll summary: 5 tests passed, 0 tests failed


test_connect: `connect(sk_listen, psaddr, addrlen)` passed [got Transport endpoint is already connected]


test_connect: `connect(sk_connected, psaddr, addrlen)` passed [got Success]


test_connect: `connect(sk_connected, psaddr, addrlen)` passed [got Transport endpoint is already connected]


test_connect: `connect(sk_accepted, psaddr, addrlen)` passed [got Transport endpoint is already connected]


test_connect summary: 4 tests passed, 0 tests failed


test_async_connect: `connect(sk_bound, (struct sockaddr *)&sk_addr, sizeof(sk_addr))` passed [got Operation now in progress]


test_async_connect: `poll(&pfd, 1, 60)` passed [got Success]


test_async_connect: `getpeername(sk_bound, (struct sockaddr *)&sk_addr, &errlen)` passed [got Transport endpoint is not connected]


test_async_connect: `connect(sk_bound, (struct sockaddr *)&sk_addr, sizeof(sk_addr))` passed [got Connection refused]


test_async_connect: `connect(sk_bound, (struct sockaddr *)&sk_addr, sizeof(sk_addr))` passed [got Operation now in progress]


test_async_connect: `poll(&pfd, 1, 60)` passed [got Success]


test_async_connect: `getsockopt(sk_bound, 1, 4, &err, &errlen)` passed [got Success]


test_async_connect: `getsockopt(sk_bound, 1, 4, &err, &errlen)` passed [got Success]


test_async_connect: `poll(&pfd, 1, 0)` passed [got Success]


test_async_connect: `listen(sk_bound, 10)` passed [got Invalid argument]


test_async_connect: `connect(sk_bound, (struct sockaddr *)&sk_addr, sizeof(sk_addr))` passed [got Software caused connection abort]


test_async_connect: `connect(sk_bound, (struct sockaddr *)&sk_addr, sizeof(sk_addr))` passed [got Operation now in progress]


test_async_connect: `poll(&pfd, 1, 60)` passed [got Success]


test_async_connect: `send(sk_bound, &err, 0, 0)` passed [got Connection refused]


test_async_connect: `send(sk_bound, &err, 0, 0)` passed [got Broken pipe]


test_async_connect: `connect(sk_bound, (struct sockaddr *)&sk_addr, sizeof(sk_addr))` passed [got Software caused connection abort]


test_async_connect: `send(sk_bound, &err, 0, 0)` passed [got Broken pipe]


test_async_connect: `connect(sk_bound, (struct sockaddr *)&sk_addr, sizeof(sk_addr))` passed [got Operation now in progress]


test_async_connect: `poll(&pfd, 1, 60)` passed [got Success]


test_async_connect: `recv(sk_bound, &err, 0, 0)` passed [got Connection refused]


test_async_connect: `recv(sk_bound, &err, 0, 0)` passed [got Success]


test_async_connect: `connect(sk_bound, (struct sockaddr *)&sk_addr, sizeof(sk_addr))` passed [got Software caused connection abort]


test_async_connect: `recv(sk_bound, &err, 0, 0)` passed [got Transport endpoint is not connected]


test_async_connect summary: 23 tests passed, 0 tests failed


test_sendmsg_and_recvmsg: `sendmsg(sk_connected, &msg, 0)` passed [got Success]


test_sendmsg_and_recvmsg: `recvmsg(sk_accepted, &msg, 0)` passed [got Success]


test_sendmsg_and_recvmsg: `sendmsg(sk_accepted, &msg, 0)` passed [got Success]


test_sendmsg_and_recvmsg: `sendmsg(sk_accepted, &msg, 0)` passed [got Success]


test_sendmsg_and_recvmsg: `recvmsg(sk_connected, &msg, 0)` passed [got Success]


test_sendmsg_and_recvmsg: `sendmsg(sk_accepted, &msg, 0)` passed [got Bad address]


test_sendmsg_and_recvmsg: `sendmsg(sk_accepted, &msg, 0)` passed [got Success]


test_sendmsg_and_recvmsg: `recvmsg(sk_connected, &msg, 0)` passed [got Success]


test_sendmsg_and_recvmsg: `recvmsg(sk_connected, &msg, 0)` passed [got Bad address]


test_sendmsg_and_recvmsg: `recvmsg(sk_connected, &msg, 0)` passed [got Success]


test_sendmsg_and_recvmsg: `getsockopt(sk_accepted, 1, 7, &sndbuf, &optlen)` passed [got Success]


test_sendmsg_and_recvmsg: `sendmsg(sk_accepted, &msg, 0)` passed [got Success]


test_sendmsg_and_recvmsg summary: 12 tests passed, 0 tests failed


test_self_connect: `socket(2, SOCK_STREAM, 0)` passed [got Success]


test_self_connect: `bind(sk, (struct sockaddr *)&sk_addr, sizeof(sk_addr))` passed [got Success]


test_self_connect: `connect(sk, (struct sockaddr *)&sk_addr, sizeof(sk_addr))` passed [got Success]


test_self_connect: `write(sk, "hello", 5)` passed [got Success]


test_self_connect: `read(sk, buf, 5)` passed [got Success]


test_self_connect: `close(sk)` passed [got Success]


test_self_connect summary: 6 tests passed, 0 tests failed


test_listen_at_the_same_address: `socket(2, SOCK_STREAM, 0)` passed [got Success]


test_listen_at_the_same_address: `socket(2, SOCK_STREAM, 0)` passed [got Success]


test_listen_at_the_same_address: `setsockopt(sk_listen1, 1, 2, &reuse_option, sizeof(reuse_option))` passed [got Success]


test_listen_at_the_same_address: `setsockopt(sk_listen2, 1, 2, &reuse_option, sizeof(reuse_option))` passed [got Success]


test_listen_at_the_same_address: `bind(sk_listen1, (struct sockaddr *)&sk_addr, sizeof(sk_addr))` passed [got Success]


test_listen_at_the_same_address: `bind(sk_listen2, (struct sockaddr *)&sk_addr, sizeof(sk_addr))` passed [got Success]


test_listen_at_the_same_address: `listen(sk_listen1, 3)` passed [got Success]


test_listen_at_the_same_address: `listen(sk_listen2, 3)` passed [got Address already in use]


test_listen_at_the_same_address: `close(sk_listen1)` passed [got Success]


test_listen_at_the_same_address: `close(sk_listen2)` passed [got Success]


test_listen_at_the_same_address summary: 10 tests passed, 0 tests failed


test_bind_and_connect_same_address: `socket(2, SOCK_STREAM, 0)` passed [got Success]


test_bind_and_connect_same_address: `socket(2, SOCK_STREAM, 0)` passed [got Success]


test_bind_and_connect_same_address: `socket(2, SOCK_STREAM, 0)` passed [got Success]


test_bind_and_connect_same_address: `setsockopt(sk_connect1, 1, 2, &reuse_option, sizeof(reuse_option))` passed [got Success]


test_bind_and_connect_same_address: `setsockopt(sk_connect2, 1, 2, &reuse_option, sizeof(reuse_option))` passed [got Success]


test_bind_and_connect_same_address: `bind(sk_listen, (struct sockaddr *)&sk_addr, sizeof(sk_addr))` passed [got Success]


test_bind_and_connect_same_address: `bind(sk_connect1, (struct sockaddr *)&sk_addr, sizeof(sk_addr))` passed [got Success]


test_bind_and_connect_same_address: `bind(sk_connect2, (struct sockaddr *)&sk_addr, sizeof(sk_addr))` passed [got Success]


test_bind_and_connect_same_address: `listen(sk_listen, 3)` passed [got Success]


test_bind_and_connect_same_address: `connect(sk_connect1, (struct sockaddr *)&sk_addr, sizeof(sk_addr))` passed [got Success]


test_bind_and_connect_same_address: `connect(sk_connect2, (struct sockaddr *)&sk_addr, sizeof(sk_addr))` passed [got Cannot assign requested address]


test_bind_and_connect_same_address: `connect(sk_connect2, (struct sockaddr *)&sk_addr, sizeof(sk_addr))` passed [got Cannot assign requested address]


test_bind_and_connect_same_address: `close(sk_listen)` passed [got Success]


test_bind_and_connect_same_address: `close(sk_connect1)` passed [got Success]


test_bind_and_connect_same_address: `close(sk_connect2)` passed [got Success]


test_bind_and_connect_same_address summary: 15 tests passed, 0 tests failed


test_shutdown_shutdown: `socket(2, SOCK_STREAM, 0)` passed [got Success]


test_shutdown_shutdown: `connect(sk_connect, (struct sockaddr *)&sk_addr, sizeof(sk_addr))` passed [got Success]


test_shutdown_shutdown: `accept(sk_listen, (struct sockaddr *)&sk_addr, &len)` passed [got Success]


test_shutdown_shutdown: `shutdown(sk_accept, SHUT_RDWR)` passed [got Success]


test_shutdown_shutdown: `shutdown(sk_accept, SHUT_RDWR)` passed [got Success]


test_shutdown_shutdown: `shutdown(sk_connect, SHUT_RDWR)` passed [got Success]


test_shutdown_shutdown: `shutdown(sk_connect, SHUT_RD)` passed [got Transport endpoint is not connected]


test_shutdown_shutdown: `shutdown(sk_connect, SHUT_WR)` passed [got Transport endpoint is not connected]


test_shutdown_shutdown: `shutdown(sk_accept, SHUT_RD)` passed [got Transport endpoint is not connected]


test_shutdown_shutdown: `shutdown(sk_accept, SHUT_WR)` passed [got Transport endpoint is not connected]


test_shutdown_shutdown: `close(sk_accept)` passed [got Success]


test_shutdown_shutdown: `close(sk_connect)` passed [got Success]


test_shutdown_shutdown summary: 12 tests passed, 0 tests failed


test_connreset: `socket(2, SOCK_STREAM, 0)` passed [got Success]


test_connreset: `connect(sk_connect, (struct sockaddr *)&sk_addr, sizeof(sk_addr))` passed [got Success]


test_connreset: `accept(sk_listen, (struct sockaddr *)&sk_addr, &len)` passed [got Success]


test_connreset: `setsockopt(sk_accept, 1, 13, &lin, sizeof(lin))` passed [got Success]


test_connreset: `close(sk_accept)` passed [got Success]


test_connreset: `poll(&pfd, 1, 0)` passed [got Success]


test_connreset: `recv(sk_connect, buf, 0, 0)` passed [got Connection reset by peer]


test_connreset: `poll(&pfd, 1, 0)` passed [got Success]


test_connreset: `recv(sk_connect, buf, 0, 0)` passed [got Success]


test_connreset: `close(sk_connect)` passed [got Success]


test_connreset: `socket(2, SOCK_STREAM, 0)` passed [got Success]


test_connreset: `connect(sk_connect, (struct sockaddr *)&sk_addr, sizeof(sk_addr))` passed [got Success]


test_connreset: `accept(sk_listen, (struct sockaddr *)&sk_addr, &len)` passed [got Success]


test_connreset: `setsockopt(sk_accept, 1, 13, &lin, sizeof(lin))` passed [got Success]


test_connreset: `close(sk_accept)` passed [got Success]


test_connreset: `poll(&pfd, 1, 0)` passed [got Success]


test_connreset: `send(sk_connect, buf, 0, 0)` passed [got Connection reset by peer]


test_connreset: `poll(&pfd, 1, 0)` passed [got Success]


test_connreset: `send(sk_connect, buf, 0, 0)` passed [got Broken pipe]


test_connreset: `close(sk_connect)` passed [got Success]


test_connreset: `socket(2, SOCK_STREAM, 0)` passed [got Success]


test_connreset: `connect(sk_connect, (struct sockaddr *)&sk_addr, sizeof(sk_addr))` passed [got Success]


test_connreset: `accept(sk_listen, (struct sockaddr *)&sk_addr, &len)` passed [got Success]


test_connreset: `send(sk_accept, buf, sizeof(buf), 0)` passed [got Success]


test_connreset: `setsockopt(sk_accept, 1, 13, &lin, sizeof(lin))` passed [got Success]


test_connreset: `close(sk_accept)` passed [got Success]


test_connreset: `recv(sk_connect, buf, 4, 0)` passed [got Success]


test_connreset: `recv(sk_connect, buf, sizeof(buf), 0)` passed [got Success]


test_connreset: `recv(sk_connect, buf, sizeof(buf), 0)` passed [got Connection reset by peer]


test_connreset: `recv(sk_connect, buf, 0, 0)` passed [got Success]


test_connreset: `close(sk_connect)` passed [got Success]


test_connreset: `socket(2, SOCK_STREAM, 0)` passed [got Success]


test_connreset: `connect(sk_connect, (struct sockaddr *)&sk_addr, sizeof(sk_addr))` passed [got Success]


test_connreset: `accept(sk_listen, (struct sockaddr *)&sk_addr, &len)` passed [got Success]


test_connreset: `setsockopt(sk_accept, 1, 13, &lin, sizeof(lin))` passed [got Success]


test_connreset: `close(sk_accept)` passed [got Success]


test_connreset: `poll(&pfd, 1, 0)` passed [got Success]


test_connreset: `getsockopt(sk_connect, 1, 4, &err, &len)` passed [got Success]


test_connreset: `poll(&pfd, 1, 0)` passed [got Success]


test_connreset: `getsockopt(sk_connect, 1, 4, &err, &len)` passed [got Success]


test_connreset: `close(sk_connect)` passed [got Success]


test_connreset summary: 41 tests passed, 0 tests failed


test_listen_close: `socket(2, SOCK_STREAM, 0)` passed [got Success]


test_listen_close: `bind(sk_listen, (struct sockaddr *)&sk_addr, sizeof(sk_addr))` passed [got Success]


test_listen_close: `listen(sk_listen, 10)` passed [got Success]


test_listen_close: `socket(2, SOCK_STREAM, 0)` passed [got Success]


test_listen_close: `connect(sk_connect, (struct sockaddr *)&sk_addr, sizeof(sk_addr))` passed [got Success]


test_listen_close: `close(sk_listen)` passed [got Success]


test_listen_close: `send(sk_connect, &sk_connect, sizeof(sk_connect), 0)` passed [got Connection reset by peer]


test_listen_close: `close(sk_connect)` passed [got Success]


test_listen_close summary: 8 tests passed, 0 tests failed


test_poll_unconnected: `poll(&pfd, 1, 0)` passed [got Success]


test_poll_unconnected: `poll(&pfd, 1, 0)` passed [got Success]


test_poll_unconnected summary: 2 tests passed, 0 tests failed


test_poll_listen: `poll(&pfd, 1, 0)` passed [got Success]


test_poll_listen summary: 1 tests passed, 0 tests failed


test_poll_connect_close: `poll(&pfd, 1, 0)` passed [got Success]


test_poll_connect_close: `poll(&pfd, 1, 0)` passed [got Success]


test_poll_connect_close: `poll(&pfd, 1, 0)` passed [got Success]


test_poll_connect_close: `poll(&pfd, 1, 0)` passed [got Success]


test_poll_connect_close summary: 4 tests passed, 0 tests failed


test_poll_connect_accept: `poll(&pfd, 1, 0)` passed [got Success]


test_poll_connect_accept: `poll(&pfd, 1, 0)` passed [got Success]


test_poll_connect_accept: `poll(&pfd, 1, 0)` passed [got Success]


test_poll_connect_accept: `poll(&pfd, 1, 0)` passed [got Success]


test_poll_connect_accept summary: 4 tests passed, 0 tests failed


test_poll_read_write: `poll(&pfd, 1, 0)` passed [got Success]


test_poll_read_write: `read(sk_connect, buf, 4096)` passed [got Success]


test_poll_read_write: `poll(&pfd, 1, 0)` passed [got Success]


test_poll_read_write: `poll(&pfd, 1, 0)` passed [got Success]


test_poll_read_write: `poll(&pfd, 1, 0)` passed [got Success]


test_poll_read_write: `poll(&pfd, 1, 0)` passed [got Success]


test_poll_read_write summary: 6 tests passed, 0 tests failed


test_poll_shutdown_read: `poll(&pfd, 1, 0)` passed [got Success]


test_poll_shutdown_read: `poll(&pfd, 1, 0)` passed [got Success]


test_poll_shutdown_read: `poll(&pfd, 1, 0)` passed [got Success]


test_poll_shutdown_read: `poll(&pfd, 1, 0)` passed [got Success]


test_poll_shutdown_read: `poll(&pfd, 1, 0)` passed [got Success]


test_poll_shutdown_read: `poll(&pfd, 1, 0)` passed [got Success]


test_poll_shutdown_read: `poll(&pfd, 1, 0)` passed [got Success]


test_poll_shutdown_read summary: 7 tests passed, 0 tests failed


test_poll_shutdown_write: `poll(&pfd, 1, 0)` passed [got Success]


test_poll_shutdown_write: `poll(&pfd, 1, 0)` passed [got Success]


test_poll_shutdown_write: `poll(&pfd, 1, 0)` passed [got Success]


test_poll_shutdown_write: `poll(&pfd, 1, 0)` passed [got Success]


test_poll_shutdown_write: `poll(&pfd, 1, 0)` passed [got Success]


test_poll_shutdown_write: `poll(&pfd, 1, 0)` passed [got Success]


test_poll_shutdown_write: `poll(&pfd, 1, 0)` passed [got Success]


test_poll_shutdown_write: `poll(&pfd, 1, 0)` passed [got Success]


test_poll_shutdown_write summary: 8 tests passed, 0 tests failed


test_poll_shutdown_readwrite: `poll(&pfd, 1, 0)` passed [got Success]


test_poll_shutdown_readwrite: `poll(&pfd, 1, 0)` passed [got Success]


test_poll_shutdown_readwrite: `poll(&pfd, 1, 0)` passed [got Success]


test_poll_shutdown_readwrite: `poll(&pfd, 1, 0)` passed [got Success]


test_poll_shutdown_readwrite: `poll(&pfd, 1, 0)` passed [got Success]


test_poll_shutdown_readwrite: `poll(&pfd, 1, 0)` passed [got Success]


test_poll_shutdown_readwrite: `poll(&pfd, 1, 0)` passed [got Success]


test_poll_shutdown_readwrite: `getsockopt(sk_accept, 1, 4, &err, &errlen)` passed [got Success]


test_poll_shutdown_readwrite summary: 8 tests passed, 0 tests failed


test_poll_close: `poll(&pfd, 1, 0)` passed [got Success]


test_poll_close: `poll(&pfd, 1, 0)` passed [got Success]


test_poll_close summary: 2 tests passed, 0 tests failed


test_read_shutdown_read: `poll(&pfd, 1, 0)` passed [got Success]


test_read_shutdown_read: `read(sk_accept, buf, 4096)` passed [got Success]


test_read_shutdown_read: `write(sk_connect, buf, 1)` passed [got Success]


test_read_shutdown_read: `poll(&pfd, 1, 0)` passed [got Success]


test_read_shutdown_read: `read(sk_accept, buf, 4096)` passed [got Success]


test_read_shutdown_read: `poll(&pfd, 1, 0)` passed [got Success]


test_read_shutdown_read: `read(sk_accept, buf, 4096)` passed [got Success]


test_read_shutdown_read: `poll(&pfd, 1, 0)` passed [got Success]


test_read_shutdown_read summary: 8 tests passed, 0 tests failed


test_tcp_listener_readiness: `poll_has_no_read(listen_fd)` passed [got Success]


test_tcp_listener_readiness: `select_has_read(listen_fd, 0)` passed [got Success]


test_tcp_listener_readiness: `epoll_has_no_read(listen_fd)` passed [got Success]


test_tcp_listener_readiness: `poll_has_events(listen_fd, 0x001, 0x001)` passed [got Success]


test_tcp_listener_readiness: `select_has_read(listen_fd, 1)` passed [got Success]


test_tcp_listener_readiness: `epoll_has_events(listen_fd, EPOLLIN, EPOLLIN)` passed [got Success]


test_tcp_listener_readiness: `accept(listen_fd, ((void *)0), ((void *)0))` passed [got Success]


test_tcp_listener_readiness: `close(accept_fd)` passed [got Success]


test_tcp_listener_readiness: `close(connect_fd)` passed [got Success]


test_tcp_listener_readiness: `close(listen_fd)` passed [got Success]


test_tcp_listener_readiness summary: 10 tests passed, 0 tests failed


test_tcp_connected_readiness: `accept(listen_fd, ((void *)0), ((void *)0))` passed [got Success]


test_tcp_connected_readiness: `poll_has_events(accept_fd, 0x001 | 0x004, 0x004)` passed [got Success]


test_tcp_connected_readiness: `select_has_write(accept_fd)` passed [got Success]


test_tcp_connected_readiness: `epoll_has_events(accept_fd, EPOLLIN | EPOLLOUT, EPOLLOUT)` passed [got Success]


test_tcp_connected_readiness: `write(connect_fd, &byte, sizeof(byte))` passed [got Success]


test_tcp_connected_readiness: `poll_has_events(accept_fd, 0x001 | 0x004, 0x001 | 0x004)` passed [got Success]


test_tcp_connected_readiness: `select_has_read(accept_fd, 1)` passed [got Success]


test_tcp_connected_readiness: `epoll_has_events(accept_fd, EPOLLIN | EPOLLOUT, EPOLLIN | EPOLLOUT)` passed [got Success]


test_tcp_connected_readiness: `read(accept_fd, &byte, sizeof(byte))` passed [got Success]


test_tcp_connected_readiness: `close(accept_fd)` passed [got Success]


test_tcp_connected_readiness: `close(connect_fd)` passed [got Success]


test_tcp_connected_readiness: `close(listen_fd)` passed [got Success]


test_tcp_connected_readiness summary: 12 tests passed, 0 tests failed


test_udp_datagram_readiness: `socket(2, SOCK_DGRAM, 0)` passed [got Success]


test_udp_datagram_readiness: `socket(2, SOCK_DGRAM, 0)` passed [got Success]


test_udp_datagram_readiness: `bind(recv_fd, (struct sockaddr *)&recv_addr, sizeof(recv_addr))` passed [got Success]


test_udp_datagram_readiness: `getsockname(recv_fd, (struct sockaddr *)&recv_addr, &recv_addrlen)` passed [got Success]


test_udp_datagram_readiness: `poll_has_events(recv_fd, 0x001 | 0x004, 0x004)` passed [got Success]


test_udp_datagram_readiness: `select_has_read(recv_fd, 0)` passed [got Success]


test_udp_datagram_readiness: `select_has_write(recv_fd)` passed [got Success]


test_udp_datagram_readiness: `epoll_has_events(recv_fd, EPOLLIN | EPOLLOUT, EPOLLOUT)` passed [got Success]


test_udp_datagram_readiness: `sendto(send_fd, &send_byte, sizeof(send_byte), 0, (struct sockaddr *)&recv_addr, sizeof(recv_addr))` passed [got Success]


test_udp_datagram_readiness: `poll_has_events(recv_fd, 0x001 | 0x004, 0x001 | 0x004)` passed [got Success]


test_udp_datagram_readiness: `select_has_read(recv_fd, 1)` passed [got Success]


test_udp_datagram_readiness: `epoll_has_events(recv_fd, EPOLLIN | EPOLLOUT, EPOLLIN | EPOLLOUT)` passed [got Success]


test_udp_datagram_readiness: `read(recv_fd, &recv_byte, sizeof(recv_byte))` passed [got Success]


test_udp_datagram_readiness: `close(send_fd)` passed [got Success]


test_udp_datagram_readiness: `close(recv_fd)` passed [got Success]


test_udp_datagram_readiness summary: 15 tests passed, 0 tests failed


test_bind_to_ephemeral: `setsockopt(sock1, 1, 2, &option, sizeof(option))` passed [got Success]


test_bind_to_ephemeral: `bind(sock1, (struct sockaddr *)&addr, addrlen)` passed [got Success]


test_bind_to_ephemeral: `getsockname(sock1, (struct sockaddr *)&addr, &addrlen)` passed [got Success]


test_bind_to_ephemeral: `bind(sock2, (struct sockaddr *)&addr, addrlen)` passed [got Address already in use]


test_bind_to_ephemeral: `setsockopt(sock2, 1, 2, &option, sizeof(option))` passed [got Success]


test_bind_to_ephemeral: `bind(sock2, (struct sockaddr *)&addr, addrlen)` passed [got Success]


test_bind_to_ephemeral summary: 6 tests passed, 0 tests failed


test_bind_to_listening_port: `setsockopt(sock1, 1, 2, &option, sizeof(option))` passed [got Success]


test_bind_to_listening_port: `bind(sock1, (struct sockaddr *)&addr, addrlen)` passed [got Success]


test_bind_to_listening_port: `listen(sock1, 1)` passed [got Success]


test_bind_to_listening_port: `getsockname(sock1, (struct sockaddr *)&addr, &addrlen)` passed [got Success]


test_bind_to_listening_port: `bind(sock2, (struct sockaddr *)&addr, addrlen)` passed [got Address already in use]


test_bind_to_listening_port: `setsockopt(sock2, 1, 2, &option, sizeof(option))` passed [got Success]


test_bind_to_listening_port summary: 6 tests passed, 0 tests failed


test_listen_on_the_same_port: `setsockopt(sock1, 1, 2, &option, sizeof(option))` passed [got Success]


test_listen_on_the_same_port: `bind(sock1, (struct sockaddr *)&addr, addrlen)` passed [got Success]


test_listen_on_the_same_port: `getsockname(sock1, (struct sockaddr *)&addr, &addrlen)` passed [got Success]


test_listen_on_the_same_port: `setsockopt(sock2, 1, 2, &option, sizeof(option))` passed [got Success]


test_listen_on_the_same_port: `bind(sock2, (struct sockaddr *)&addr, addrlen)` passed [got Success]


test_listen_on_the_same_port: `listen(sock1, 1)` passed [got Success]


test_listen_on_the_same_port: `listen(sock2, 1)` passed [got Address already in use]


test_listen_on_the_same_port: `setsockopt(sock3, 1, 2, &option, sizeof(option))` passed [got Success]


test_listen_on_the_same_port summary: 8 tests passed, 0 tests failed


test_bind_to_connected_port: `setsockopt(sock1, 1, 2, &option, sizeof(option))` passed [got Success]


test_bind_to_connected_port: `bind(sock1, (struct sockaddr *)&addr, addrlen)` passed [got Success]


test_bind_to_connected_port: `listen(sock1, 3)` passed [got Success]


test_bind_to_connected_port: `getsockname(sock1, (struct sockaddr *)&addr, &addrlen)` passed [got Success]


test_bind_to_connected_port: `setsockopt(sock2, 1, 2, &option, sizeof(option))` passed [got Success]


test_bind_to_connected_port: `connect(sock2, (struct sockaddr *)&addr, addrlen)` passed [got Success]


test_bind_to_connected_port: `getsockname(sock2, (struct sockaddr *)&sock2_addr, &addrlen)` passed [got Success]


test_bind_to_connected_port: `socket(2, SOCK_STREAM, 0)` passed [got Success]


test_bind_to_connected_port: `bind(sock3, (struct sockaddr *)&sock2_addr, addrlen)` passed [got Address already in use]


test_bind_to_connected_port: `setsockopt(sock3, 1, 2, &option, sizeof(option))` passed [got Success]


test_bind_to_connected_port: `bind(sock3, (struct sockaddr *)&sock2_addr, addrlen)` passed [got Success]


test_bind_to_connected_port: `connect(sock2, (struct sockaddr *)&addr, addrlen)` passed [got Transport endpoint is already connected]


test_bind_to_connected_port: `close(sock3)` passed [got Success]


test_bind_to_connected_port summary: 13 tests passed, 0 tests failed


test_restart_listener_on_same_port: `socket(2, SOCK_STREAM, 0)` passed [got Success]


test_restart_listener_on_same_port: `setsockopt(first_listener, 1, 2, &option, sizeof(option))` passed [got Success]


test_restart_listener_on_same_port: `bind(first_listener, (struct sockaddr *)&restart_addr, restart_addrlen)` passed [got Success]


test_restart_listener_on_same_port: `getsockname(first_listener, (struct sockaddr *)&restart_addr, &restart_addrlen)` passed [got Success]


test_restart_listener_on_same_port: `listen(first_listener, 1)` passed [got Success]


test_restart_listener_on_same_port: `socket(2, SOCK_STREAM, 0)` passed [got Success]


test_restart_listener_on_same_port: `connect(client, (struct sockaddr *)&restart_addr, restart_addrlen)` passed [got Success]


test_restart_listener_on_same_port: `poll(&poll_fd, 1, 1000)` passed [got Success]


test_restart_listener_on_same_port: `accept(first_listener, ((void *)0), ((void *)0))` passed [got Success]


test_restart_listener_on_same_port: `write(client, &byte, sizeof(byte))` passed [got Success]


test_restart_listener_on_same_port: `read(accepted, &byte, sizeof(byte))` passed [got Success]


test_restart_listener_on_same_port: `close(accepted)` passed [got Success]


test_restart_listener_on_same_port: `close(client)` passed [got Success]


test_restart_listener_on_same_port: `close(first_listener)` passed [got Success]


test_restart_listener_on_same_port: `socket(2, SOCK_STREAM, 0)` passed [got Success]


test_restart_listener_on_same_port: `setsockopt(second_listener, 1, 2, &option, sizeof(option))` passed [got Success]


test_restart_listener_on_same_port: `bind(second_listener, (struct sockaddr *)&restart_addr, restart_addrlen)` passed [got Success]


test_restart_listener_on_same_port: `listen(second_listener, 1)` passed [got Success]


test_restart_listener_on_same_port: `close(second_listener)` passed [got Success]


test_restart_listener_on_same_port summary: 19 tests passed, 0 tests failed


test_enable_reuse_after_bound: `setsockopt(sock1, 1, 2, &option, sizeof(option))` passed [got Success]


test_enable_reuse_after_bound: `bind(sock1, (struct sockaddr *)&addr, addrlen)` passed [got Success]


test_enable_reuse_after_bound: `getsockname(sock1, (struct sockaddr *)&addr, &addrlen)` passed [got Success]


test_enable_reuse_after_bound: `setsockopt(sock2, 1, 2, &option, sizeof(option))` passed [got Success]


test_enable_reuse_after_bound: `bind(sock2, (struct sockaddr *)&addr, addrlen)` passed [got Address already in use]


test_enable_reuse_after_bound: `setsockopt(sock1, 1, 2, &option, sizeof(option))` passed [got Success]


test_enable_reuse_after_bound: `bind(sock2, (struct sockaddr *)&addr, addrlen)` passed [got Success]


test_enable_reuse_after_bound summary: 7 tests passed, 0 tests failed


test_disable_reuse_after_bound: `setsockopt(sock1, 1, 2, &option, sizeof(option))` passed [got Success]


test_disable_reuse_after_bound: `bind(sock1, (struct sockaddr *)&addr, addrlen)` passed [got Success]


test_disable_reuse_after_bound: `setsockopt(sock1, 1, 2, &option, option_len)` passed [got Success]


test_disable_reuse_after_bound: `getsockopt(sock1, 1, 2, &option, &option_len)` passed [got Success]


test_disable_reuse_after_bound: `getsockname(sock1, (struct sockaddr *)&addr, &addrlen)` passed [got Success]


test_disable_reuse_after_bound: `setsockopt(sock2, 1, 2, &option, sizeof(option))` passed [got Success]


test_disable_reuse_after_bound summary: 6 tests passed, 0 tests failed


test_tcp_read_wrap_receive_buffer_tail: `socket(2, SOCK_STREAM, 0)` passed [got Success]


test_tcp_read_wrap_receive_buffer_tail: `socket(2, SOCK_STREAM, 0)` passed [got Success]


test_tcp_read_wrap_receive_buffer_tail: `bind(listen_fd, (struct sockaddr *)&listen_addr, sizeof(listen_addr))` passed [got Success]


test_tcp_read_wrap_receive_buffer_tail: `listen(listen_fd, 4)` passed [got Success]


test_tcp_read_wrap_receive_buffer_tail: `connect(client_fd, (struct sockaddr *)&listen_addr, sizeof(listen_addr))` passed [got Success]


test_tcp_read_wrap_receive_buffer_tail: `accept(listen_fd, ((void *)0), ((void *)0))` passed [got Success]


test_tcp_read_wrap_receive_buffer_tail: `getsockopt(client_fd, 1, 8, &tcp_recv_buf_len, &optlen)` passed [got Success]


test_tcp_read_wrap_receive_buffer_tail: `malloc(two_thirds_buf_len)` passed [got Success]


test_tcp_read_wrap_receive_buffer_tail: `write_all(server_fd, buf, two_thirds_buf_len)` passed [got Success]


test_tcp_read_wrap_receive_buffer_tail: `read_exact(client_fd, buf, one_third_buf_len)` passed [got Success]


test_tcp_read_wrap_receive_buffer_tail: `write_all(server_fd, buf, two_thirds_buf_len)` passed [got Success]


test_tcp_read_wrap_receive_buffer_tail: `read_exact(client_fd, buf, two_thirds_buf_len)` passed [got Success]


test_tcp_read_wrap_receive_buffer_tail: `write_all(server_fd, buf, two_thirds_buf_len)` passed [got Success]


test_tcp_read_wrap_receive_buffer_tail: `read_exact(client_fd, buf, two_thirds_buf_len)` passed [got Success]


test_tcp_read_wrap_receive_buffer_tail: `write_all(server_fd, buf, two_thirds_buf_len)` passed [got Success]


test_tcp_read_wrap_receive_buffer_tail: `read_exact(client_fd, buf, two_thirds_buf_len)` passed [got Success]


test_tcp_read_wrap_receive_buffer_tail: `write_all(server_fd, buf, two_thirds_buf_len)` passed [got Success]


test_tcp_read_wrap_receive_buffer_tail: `read_exact(client_fd, buf, two_thirds_buf_len)` passed [got Success]


test_tcp_read_wrap_receive_buffer_tail: `write_all(server_fd, buf, two_thirds_buf_len)` passed [got Success]


test_tcp_read_wrap_receive_buffer_tail: `read_exact(client_fd, buf, two_thirds_buf_len)` passed [got Success]


test_tcp_read_wrap_receive_buffer_tail: `write_all(server_fd, buf, two_thirds_buf_len)` passed [got Success]


test_tcp_read_wrap_receive_buffer_tail: `read_exact(client_fd, buf, two_thirds_buf_len)` passed [got Success]


test_tcp_read_wrap_receive_buffer_tail: `write_all(server_fd, buf, two_thirds_buf_len)` passed [got Success]


test_tcp_read_wrap_receive_buffer_tail: `read_exact(client_fd, buf, two_thirds_buf_len)` passed [got Success]


test_tcp_read_wrap_receive_buffer_tail: `write_all(server_fd, buf, two_thirds_buf_len)` passed [got Success]


test_tcp_read_wrap_receive_buffer_tail: `read_exact(client_fd, buf, two_thirds_buf_len)` passed [got Success]


test_tcp_read_wrap_receive_buffer_tail: `write_all(server_fd, buf, two_thirds_buf_len)` passed [got Success]


test_tcp_read_wrap_receive_buffer_tail: `read_exact(client_fd, buf, two_thirds_buf_len)` passed [got Success]


test_tcp_read_wrap_receive_buffer_tail: `write_all(server_fd, buf, two_thirds_buf_len)` passed [got Success]


test_tcp_read_wrap_receive_buffer_tail: `read_exact(client_fd, buf, two_thirds_buf_len)` passed [got Success]


test_tcp_read_wrap_receive_buffer_tail: `write_all(server_fd, buf, two_thirds_buf_len)` passed [got Success]


test_tcp_read_wrap_receive_buffer_tail: `read_exact(client_fd, buf, two_thirds_buf_len)` passed [got Success]


test_tcp_read_wrap_receive_buffer_tail: `write_all(server_fd, buf, two_thirds_buf_len)` passed [got Success]


test_tcp_read_wrap_receive_buffer_tail: `read_exact(client_fd, buf, two_thirds_buf_len)` passed [got Success]


test_tcp_read_wrap_receive_buffer_tail: `write_all(server_fd, buf, two_thirds_buf_len)` passed [got Success]


test_tcp_read_wrap_receive_buffer_tail: `read_exact(client_fd, buf, two_thirds_buf_len)` passed [got Success]


test_tcp_read_wrap_receive_buffer_tail: `write_all(server_fd, buf, two_thirds_buf_len)` passed [got Success]


test_tcp_read_wrap_receive_buffer_tail: `read_exact(client_fd, buf, two_thirds_buf_len)` passed [got Success]


test_tcp_read_wrap_receive_buffer_tail: `write_all(server_fd, buf, two_thirds_buf_len)` passed [got Success]


test_tcp_read_wrap_receive_buffer_tail: `read_exact(client_fd, buf, two_thirds_buf_len)` passed [got Success]


test_tcp_read_wrap_receive_buffer_tail: `write_all(server_fd, buf, two_thirds_buf_len)` passed [got Success]


test_tcp_read_wrap_receive_buffer_tail: `read_exact(client_fd, buf, two_thirds_buf_len)` passed [got Success]


test_tcp_read_wrap_receive_buffer_tail: `read_exact(client_fd, buf, one_third_buf_len)` passed [got Success]


test_tcp_read_wrap_receive_buffer_tail: `close(client_fd)` passed [got Success]


test_tcp_read_wrap_receive_buffer_tail: `close(server_fd)` passed [got Success]


test_tcp_read_wrap_receive_buffer_tail: `close(listen_fd)` passed [got Success]


test_tcp_read_wrap_receive_buffer_tail summary: 46 tests passed, 0 tests failed


test_enable_broadcast: `getsockopt(sender, 1, 6, &broadcast_opt, &broadcast_opt_len)` passed [got Success]


test_enable_broadcast: `getsockopt(receiver, 1, 6, &broadcast_opt, &broadcast_opt_len)` passed [got Success]


test_enable_broadcast: `setsockopt(sender, 1, 6, &broadcast_opt, broadcast_opt_len)` passed [got Success]


test_enable_broadcast: `setsockopt(receiver, 1, 6, &broadcast_opt, broadcast_opt_len)` passed [got Success]


test_enable_broadcast: `getsockopt(sender, 1, 6, &broadcast_opt, &broadcast_opt_len)` passed [got Success]


test_enable_broadcast: `getsockopt(receiver, 1, 6, &broadcast_opt, &broadcast_opt_len)` passed [got Success]


test_enable_broadcast summary: 6 tests passed, 0 tests failed


test_basic_broadcast: `sendto(sender, "Hello from broadcast", sizeof("Hello from broadcast"), 0, (struct sockaddr *)&broadcast_addr, addr_len)` passed [got Success]


test_basic_broadcast summary: 1 tests passed, 0 tests failed


test_disable_sender_broadcast: `setsockopt(sender, 1, 6, &broadcast_opt, broadcast_opt_len)` passed [got Success]


test_disable_sender_broadcast: `sendto(sender, "Hello from broadcast", sizeof("Hello from broadcast"), 0, (struct sockaddr *)&broadcast_addr, addr_len)` passed [got Permission denied]


test_disable_sender_broadcast: `connect(sender, (struct sockaddr *)&broadcast_addr, addr_len)` passed [got Permission denied]


test_disable_sender_broadcast: `send(sender, "Hello from broadcast", sizeof("Hello from broadcast"), 0)` passed [got Destination address required]


test_disable_sender_broadcast summary: 4 tests passed, 0 tests failed


test_disable_receiver_broadcast: `setsockopt(sender, 1, 6, &broadcast_opt, broadcast_opt_len)` passed [got Success]


test_disable_receiver_broadcast: `setsockopt(receiver, 1, 6, &broadcast_opt, broadcast_opt_len)` passed [got Success]


test_disable_receiver_broadcast: `sendto(sender, "Hello from broadcast", sizeof("Hello from broadcast"), 0, (struct sockaddr *)&broadcast_addr, addr_len)` passed [got Success]


test_disable_receiver_broadcast summary: 3 tests passed, 0 tests failed


test_connect_then_disable_broadcast: `connect(sender, (struct sockaddr *)&broadcast_addr, addr_len)` passed [got Success]


test_connect_then_disable_broadcast: `send(sender, "Hello from broadcast", sizeof("Hello from broadcast"), 0)` passed [got Success]


test_connect_then_disable_broadcast: `setsockopt(sender, 1, 6, &broadcast_opt, broadcast_opt_len)` passed [got Success]


test_connect_then_disable_broadcast: `send(sender, "Hello from broadcast", sizeof("Hello from broadcast"), 0)` passed [got Success]


test_connect_then_disable_broadcast: `sendto(sender, "Hello from broadcast", sizeof("Hello from broadcast"), 0, (struct sockaddr *)&broadcast_addr, addr_len)` passed [got Permission denied]


test_connect_then_disable_broadcast: `connect(sender, (struct sockaddr *)&broadcast_addr, addr_len)` passed [got Permission denied]


test_connect_then_disable_broadcast summary: 6 tests passed, 0 tests failed


test_getsockname: `getsockname(sk_unbound, psaddr, &addrlen)` passed [got Success]


test_getsockname: `getsockname(sk_unbound, psaddr, &addrlen)` passed [got Success]


test_getsockname: `getsockname(sk_bound, psaddr, &addrlen)` passed [got Success]


test_getsockname: `getsockname(sk_connected, psaddr, &addrlen)` passed [got Success]


test_getsockname summary: 4 tests passed, 0 tests failed


test_getpeername: `getpeername(sk_unbound, psaddr, &addrlen)` passed [got Transport endpoint is not connected]


test_getpeername: `getpeername(sk_bound, psaddr, &addrlen)` passed [got Transport endpoint is not connected]


test_getpeername: `getpeername(sk_connected, psaddr, &addrlen)` passed [got Success]


test_getpeername summary: 3 tests passed, 0 tests failed


test_send: `send(sk_unbound, buf, 1, 0)` passed [got Destination address required]


test_send: `send(sk_unbound, buf, 0, 0)` passed [got Destination address required]


test_send: `write(sk_unbound, buf, 1)` passed [got Destination address required]


test_send: `write(sk_unbound, buf, 0)` passed [got Destination address required]


test_send: `send(sk_bound, buf, 1, 0)` passed [got Destination address required]


test_send: `send(sk_bound, buf, 0, 0)` passed [got Destination address required]


test_send: `write(sk_bound, buf, 1)` passed [got Destination address required]


test_send: `write(sk_bound, buf, 0)` passed [got Destination address required]


test_send summary: 8 tests passed, 0 tests failed


test_recv: `recv(sk_unbound, buf, 1, 0)` passed [got Resource temporarily unavailable]


test_recv: `recv(sk_unbound, buf, 0, 0)` passed [got Resource temporarily unavailable]


test_recv: `read(sk_unbound, buf, 1)` passed [got Resource temporarily unavailable]


test_recv: `read(sk_unbound, buf, 0)` passed [got Success]


test_recv: `recv(sk_bound, buf, 1, 0)` passed [got Resource temporarily unavailable]


test_recv: `recv(sk_bound, buf, 0, 0)` passed [got Resource temporarily unavailable]


test_recv: `read(sk_bound, buf, 1)` passed [got Resource temporarily unavailable]


test_recv: `read(sk_bound, buf, 0)` passed [got Success]


test_recv: `recv(sk_connected, buf, 1, 0)` passed [got Resource temporarily unavailable]


test_recv: `recv(sk_connected, buf, 0, 0)` passed [got Resource temporarily unavailable]


test_recv: `read(sk_connected, buf, 1)` passed [got Resource temporarily unavailable]


test_recv: `read(sk_connected, buf, 0)` passed [got Success]


test_recv summary: 12 tests passed, 0 tests failed


test_send_and_recv: `sendto(sk_bound, buf, 1, 0, (struct sockaddr *)&sk_addr, sizeof(sk_addr))` passed [got Success]


test_send_and_recv: `send(sk_connected, buf, 1, 0)` passed [got Success]


test_send_and_recv: `recvfrom(sk_bound, buf, 1, 0, (struct sockaddr *)&saddr, &addrlen)` passed [got Success]


test_send_and_recv: `recvfrom(sk_bound, buf, 1, 0, (struct sockaddr *)&saddr, &addrlen)` passed [got Success]


test_send_and_recv summary: 4 tests passed, 0 tests failed


test_bind: `bind(sk_unbound, psaddr, addrlen - 1)` passed [got Invalid argument]


test_bind: `bind(sk_bound, psaddr, addrlen)` passed [got Invalid argument]


test_bind: `bind(sk_connected, psaddr, addrlen)` passed [got Invalid argument]


test_bind summary: 3 tests passed, 0 tests failed


test_bind_reuseaddr: `socket(2, SOCK_DGRAM | SOCK_NONBLOCK, 0)` passed [got Success]


test_bind_reuseaddr: `socket(2, SOCK_DGRAM | SOCK_NONBLOCK, 0)` passed [got Success]


test_bind_reuseaddr: `bind(sk1, psaddr, addrlen)` passed [got Success]


test_bind_reuseaddr: `bind(sk2, psaddr, addrlen)` passed [got Address already in use]


test_bind_reuseaddr: `setsockopt(sk1, 1, 2, &disable, sizeof(disable))` passed [got Success]


test_bind_reuseaddr: `setsockopt(sk2, 1, 2, &enable, sizeof(enable))` passed [got Success]


test_bind_reuseaddr: `bind(sk2, psaddr, addrlen)` passed [got Address already in use]


test_bind_reuseaddr: `setsockopt(sk1, 1, 2, &enable, sizeof(enable))` passed [got Success]


test_bind_reuseaddr: `setsockopt(sk2, 1, 2, &disable, sizeof(disable))` passed [got Success]


test_bind_reuseaddr: `bind(sk2, psaddr, addrlen)` passed [got Address already in use]


test_bind_reuseaddr: `setsockopt(sk1, 1, 2, &disable, sizeof(disable))` passed [got Success]


test_bind_reuseaddr: `setsockopt(sk2, 1, 2, &enable, sizeof(enable))` passed [got Success]


test_bind_reuseaddr: `bind(sk2, psaddr, addrlen)` passed [got Address already in use]


test_bind_reuseaddr: `setsockopt(sk1, 1, 2, &enable, sizeof(enable))` passed [got Success]


test_bind_reuseaddr: `setsockopt(sk2, 1, 2, &enable, sizeof(enable))` passed [got Success]


test_bind_reuseaddr: `bind(sk2, psaddr, addrlen)` passed [got Success]


test_bind_reuseaddr: `close(sk1)` passed [got Success]


test_bind_reuseaddr: `close(sk2)` passed [got Success]


test_bind_reuseaddr summary: 18 tests passed, 0 tests failed


test_listen: `listen(sk_unbound, 2)` passed [got Operation not supported]


test_listen: `listen(sk_bound, 2)` passed [got Operation not supported]


test_listen: `listen(sk_connected, 2)` passed [got Operation not supported]


test_listen summary: 3 tests passed, 0 tests failed


test_accept: `accept(sk_unbound, psaddr, &addrlen)` passed [got Operation not supported]


test_accept: `accept(sk_bound, psaddr, &addrlen)` passed [got Operation not supported]


test_accept: `accept(sk_connected, psaddr, &addrlen)` passed [got Operation not supported]


test_accept summary: 3 tests passed, 0 tests failed


test_poll: `poll(&pfd, 1, 0)` passed [got Success]


test_poll: `poll(&pfd, 1, 0)` passed [got Success]


test_poll: `poll(&pfd, 1, 0)` passed [got Success]


test_poll summary: 3 tests passed, 0 tests failed


test_connect: `connect(sk_connected, psaddr, addrlen)` passed [got Success]


test_connect summary: 1 tests passed, 0 tests failed


test_sendmsg_and_recvmsg: `sendmsg(sk_connected, &msg, 0)` passed [got Success]


test_sendmsg_and_recvmsg: `recvmsg(sk_bound, &msg, 0)` passed [got Success]


test_sendmsg_and_recvmsg: `sendmsg(sk_connected, &msg, 0)` passed [got Success]


test_sendmsg_and_recvmsg: `sendmsg(sk_connected, &msg, 0)` passed [got Success]


test_sendmsg_and_recvmsg: `recvmsg(sk_bound, &msg, 0)` passed [got Success]


test_sendmsg_and_recvmsg: `recvmsg(sk_bound, &msg, 0)` passed [got Success]


test_sendmsg_and_recvmsg summary: 6 tests passed, 0 tests failed


test_sendmsg_and_recvmsg_bad_buffer: `sendmsg(sk_connected, &msg, 0)` passed [got Bad address]


test_sendmsg_and_recvmsg_bad_buffer: `sendmsg(sk_connected, &msg, 0)` passed [got Success]


test_sendmsg_and_recvmsg_bad_buffer: `sendmsg(sk_connected, &msg, 0)` passed [got Success]


test_sendmsg_and_recvmsg_bad_buffer: `sendmsg(sk_connected, &msg, 0)` passed [got Success]


test_sendmsg_and_recvmsg_bad_buffer: `sendmsg(sk_connected, &msg, 0)` passed [got Success]


test_sendmsg_and_recvmsg_bad_buffer: `recvmsg(sk_bound, &msg, 0)` passed [got Success]


test_sendmsg_and_recvmsg_bad_buffer: `recvmsg(sk_bound, &msg, 0)` passed [got Bad address]


test_sendmsg_and_recvmsg_bad_buffer: `recvmsg(sk_bound, &msg, 0)` passed [got Success]


test_sendmsg_and_recvmsg_bad_buffer: `recvmsg(sk_bound, &msg, 0)` passed [got Success]


test_sendmsg_and_recvmsg_bad_buffer summary: 9 tests passed, 0 tests failed


test_self_connect: `socket(2, SOCK_DGRAM, 0)` passed [got Success]


test_self_connect: `bind(sk, (struct sockaddr *)&sk_addr, sizeof(sk_addr))` passed [got Success]


test_self_connect: `connect(sk, (struct sockaddr *)&sk_addr, sizeof(sk_addr))` passed [got Success]


test_self_connect: `write(sk, "hello", 5)` passed [got Success]


test_self_connect: `read(sk, buf, 5)` passed [got Success]


test_self_connect: `close(sk)` passed [got Success]


test_self_connect summary: 6 tests passed, 0 tests failed


test_getsockname: `getsockname(sk_unbound, (struct sockaddr *)&addr, &addrlen)` passed [got Success]


test_getsockname: `getsockname(sk_bound, (struct sockaddr *)&addr, &addrlen)` passed [got Success]


test_getsockname: `getsockname(sk_connected, (struct sockaddr *)&addr, &addrlen)` passed [got Success]


test_getsockname summary: 3 tests passed, 0 tests failed


test_getpeername: `getpeername(sk_unbound, (struct sockaddr *)&addr, &addrlen)` passed [got Transport endpoint is not connected]


test_getpeername: `getpeername(sk_bound, (struct sockaddr *)&addr, &addrlen)` passed [got Transport endpoint is not connected]


test_getpeername: `getpeername(sk_connected, (struct sockaddr *)&addr, &addrlen)` passed [got Success]


test_getpeername summary: 3 tests passed, 0 tests failed


test_bind: `bind(sk_bound, (struct sockaddr *)&((struct sockaddr_un){ .sun_family = 1, .sun_path = "\0Z" }), __builtin_offsetof (struct sockaddr_un, sun_path) + 1)` passed [got Invalid argument]


test_bind: `bind(sk_bound, (struct sockaddr *)&((struct sockaddr_un){ .sun_family = 1, .sun_path = "" }), __builtin_offsetof (struct sockaddr_un, sun_path))` passed [got Success]


test_bind summary: 2 tests passed, 0 tests failed


test_bind_connected: `socketpair(1, SOCK_DGRAM, 0, fildes)` passed [got Success]


test_bind_connected: `socket(1, SOCK_DGRAM, 0)` passed [got Success]


test_bind_connected: `bind(fildes[0], (struct sockaddr *)&((struct sockaddr_un){ .sun_family = 1, .sun_path = "\0X" }), __builtin_offsetof (struct sockaddr_un, sun_path) + 2)` passed [got Success]


test_bind_connected: `getpeername(fildes[1], (struct sockaddr *)&addr, &addrlen)` passed [got Success]


test_bind_connected: `bind(fildes[1], (struct sockaddr *)&((struct sockaddr_un){ .sun_family = 1, .sun_path = "\0Y" }), __builtin_offsetof (struct sockaddr_un, sun_path) + 2)` passed [got Success]


test_bind_connected: `getpeername(fildes[0], (struct sockaddr *)&addr, &addrlen)` passed [got Success]


test_bind_connected: `bind(fildes[0], (struct sockaddr *)&((struct sockaddr_un){ .sun_family = 1, .sun_path = "\0Z" }), __builtin_offsetof (struct sockaddr_un, sun_path) + 2)` passed [got Invalid argument]


test_bind_connected: `bind(fildes[1], (struct sockaddr *)&((struct sockaddr_un){ .sun_family = 1, .sun_path = "\0Z" }), __builtin_offsetof (struct sockaddr_un, sun_path) + 2)` passed [got Invalid argument]


test_bind_connected: `bind(fildes[0], (struct sockaddr *)&((struct sockaddr_un){ .sun_family = 1, .sun_path = "" }), __builtin_offsetof (struct sockaddr_un, sun_path))` passed [got Success]


test_bind_connected: `bind(fildes[1], (struct sockaddr *)&((struct sockaddr_un){ .sun_family = 1, .sun_path = "" }), __builtin_offsetof (struct sockaddr_un, sun_path))` passed [got Success]


test_bind_connected: `bind(sk, (struct sockaddr *)&((struct sockaddr_un){ .sun_family = 1, .sun_path = "\0X" }), __builtin_offsetof (struct sockaddr_un, sun_path) + 2)` passed [got Address already in use]


test_bind_connected: `close(fildes[0])` passed [got Success]


test_bind_connected: `bind(sk, (struct sockaddr *)&((struct sockaddr_un){ .sun_family = 1, .sun_path = "\0X" }), __builtin_offsetof (struct sockaddr_un, sun_path) + 2)` passed [got Success]


test_bind_connected: `getpeername(fildes[1], (struct sockaddr *)&addr, &addrlen)` passed [got Success]


test_bind_connected: `close(fildes[1])` passed [got Success]


test_bind_connected: `close(sk)` passed [got Success]


test_bind_connected summary: 16 tests passed, 0 tests failed


test_connect: `connect(sk_unbound, (struct sockaddr *)&((struct sockaddr_un){ .sun_family = 1, .sun_path = "\0X" }), __builtin_offsetof (struct sockaddr_un, sun_path) + 2)` passed [got Connection refused]


test_connect: `connect(sk_bound, (struct sockaddr *)&((struct sockaddr_un){ .sun_family = 1, .sun_path = "\0X" }), __builtin_offsetof (struct sockaddr_un, sun_path) + 2)` passed [got Connection refused]


test_connect: `connect(sk_connected, (struct sockaddr *)&((struct sockaddr_un){ .sun_family = 1, .sun_path = "//tmp/B0" }), (__builtin_offsetof (struct sockaddr_un, sun_path) + 9))` passed [got Success]


test_connect: `connect(sk_connected, (struct sockaddr *)&((struct sockaddr_un){ .sun_family = 1, .sun_path = "\0X" }), __builtin_offsetof (struct sockaddr_un, sun_path) + 2)` passed [got Connection refused]


test_connect summary: 4 tests passed, 0 tests failed


test_listen: `listen(sk_unbound, 10)` passed [got Operation not supported]


test_listen: `listen(sk_bound, 10)` passed [got Operation not supported]


test_listen: `listen(sk_connected, 10)` passed [got Operation not supported]


test_listen summary: 3 tests passed, 0 tests failed


test_accept: `accept(sk_unbound, ((void *)0), ((void *)0))` passed [got Operation not supported]


test_accept: `accept(sk_bound, ((void *)0), ((void *)0))` passed [got Operation not supported]


test_accept: `accept(sk_connected, ((void *)0), ((void *)0))` passed [got Operation not supported]


test_accept summary: 3 tests passed, 0 tests failed


test_send: `send(sk_unbound, buf, 1, 0)` passed [got Transport endpoint is not connected]


test_send: `send(sk_unbound, buf, 0, 0)` passed [got Transport endpoint is not connected]


test_send: `write(sk_unbound, buf, 1)` passed [got Transport endpoint is not connected]


test_send: `write(sk_unbound, buf, 0)` passed [got Transport endpoint is not connected]


test_send: `send(sk_bound, buf, 1, 0)` passed [got Transport endpoint is not connected]


test_send: `send(sk_bound, buf, 0, 0)` passed [got Transport endpoint is not connected]


test_send: `write(sk_bound, buf, 1)` passed [got Transport endpoint is not connected]


test_send: `write(sk_bound, buf, 0)` passed [got Transport endpoint is not connected]


test_send summary: 8 tests passed, 0 tests failed


test_recv: `recv(sk_unbound, buf, 1, 0)` passed [got Resource temporarily unavailable]


test_recv: `recv(sk_unbound, buf, 0, 0)` passed [got Resource temporarily unavailable]


test_recv: `read(sk_unbound, buf, 1)` passed [got Resource temporarily unavailable]


test_recv: `read(sk_unbound, buf, 0)` passed [got Success]


test_recv: `recv(sk_bound, buf, 1, 0)` passed [got Resource temporarily unavailable]


test_recv: `recv(sk_bound, buf, 0, 0)` passed [got Resource temporarily unavailable]


test_recv: `read(sk_bound, buf, 1)` passed [got Resource temporarily unavailable]


test_recv: `read(sk_bound, buf, 0)` passed [got Success]


test_recv summary: 8 tests passed, 0 tests failed


test_blocking_recv: `socket(1, SOCK_DGRAM, 0)` passed [got Success]


test_blocking_recv: `bind(sk1, (struct sockaddr *)&((struct sockaddr_un){ .sun_family = 1, .sun_path = "\0" }), __builtin_offsetof (struct sockaddr_un, sun_path) + 1)` passed [got Success]


test_blocking_recv: `socket(1, SOCK_DGRAM | SOCK_NONBLOCK, 0)` passed [got Success]


test_blocking_recv: `connect(sk2, (struct sockaddr *)&((struct sockaddr_un){ .sun_family = 1, .sun_path = "\0" }), __builtin_offsetof (struct sockaddr_un, sun_path) + 1)` passed [got Success]


test_blocking_recv: `fork()` passed [got Success]


test_blocking_recv: `fork()` passed [got Success]


test_blocking_recv: `recv(sk1, buf, sizeof(buf), 0)` passed [got Success]


test_blocking_recv: `wait(((void *)0))` passed [got Success]


test_blocking_recv: `fork()` passed [got Success]


test_blocking_recv: `fork()` passed [got Success]


test_blocking_recv: `recv(sk1, buf, sizeof(buf), 0)` passed [got Success]


test_blocking_recv: `wait(((void *)0))` passed [got Success]


test_blocking_recv: `close(sk1)` passed [got Success]


test_blocking_recv: `close(sk2)` passed [got Success]


test_blocking_recv summary: 12 tests passed, 0 tests failed


test_send_recv_trunc: `send(sk_connected, "abc", 3, 0)` passed [got Success]


test_send_recv_trunc: `send(sk_connected, "def", 3, 0)` passed [got Success]


test_send_recv_trunc: `send(sk_connected, "hij", 3, 0)` passed [got Success]


test_send_recv_trunc: `recv(sk_bound, buf, 1, 0)` passed [got Success]


test_send_recv_trunc: `recv(sk_bound, buf, 0, 0)` passed [got Success]


test_send_recv_trunc: `recv(sk_bound, buf, 1, 0)` passed [got Success]


test_send_recv_trunc summary: 6 tests passed, 0 tests failed


test_send_recv_zero: `send(sk_connected, buf, 1, 0)` passed [got Success]


test_send_recv_zero: `send(sk_connected, buf, 0, 0)` passed [got Success]


test_send_recv_zero: `send(sk_connected, buf, 0, 0)` passed [got Success]


test_send_recv_zero: `send(sk_connected, buf, 1, 0)` passed [got Success]


test_send_recv_zero: `recv(sk_bound, buf, 1, 0)` passed [got Success]


test_send_recv_zero: `recv(sk_bound, buf, 1, 0)` passed [got Success]


test_send_recv_zero: `recv(sk_bound, buf, 1, 0)` passed [got Success]


test_send_recv_zero: `recv(sk_bound, buf, 1, 0)` passed [got Success]


test_send_recv_zero summary: 8 tests passed, 0 tests failed


test_shutdown_connected: `socketpair(1, SOCK_DGRAM, 0, fildes)` passed [got Success]


test_shutdown_connected: `shutdown(fildes[0], SHUT_RD)` passed [got Success]


test_shutdown_connected: `shutdown(fildes[0], SHUT_WR)` passed [got Success]


test_shutdown_connected: `shutdown(fildes[0], SHUT_RDWR)` passed [got Success]


test_shutdown_connected: `shutdown(fildes[0], SHUT_RD)` passed [got Success]


test_shutdown_connected: `shutdown(fildes[0], SHUT_WR)` passed [got Success]


test_shutdown_connected: `shutdown(fildes[0], SHUT_RDWR)` passed [got Success]


test_shutdown_connected: `close(fildes[0])` passed [got Success]


test_shutdown_connected: `close(fildes[1])` passed [got Success]


test_shutdown_connected summary: 9 tests passed, 0 tests failed


test_shutdown_close_send: `socketpair(1, SOCK_DGRAM, 0, fildes)` passed [got Success]


test_shutdown_close_send: `bind(fildes[0], (struct sockaddr *)&((struct sockaddr_un){ .sun_family = 1, .sun_path = "\0X" }), __builtin_offsetof (struct sockaddr_un, sun_path) + 2)` passed [got Success]


test_shutdown_close_send: `shutdown(fildes[0], SHUT_RDWR)` passed [got Success]


test_shutdown_close_send: `send(fildes[1], "", 0, 0)` passed [got Broken pipe]


test_shutdown_close_send: `getpeername(fildes[1], (struct sockaddr *)&addr, &addrlen)` passed [got Success]


test_shutdown_close_send: `close(fildes[0])` passed [got Success]


test_shutdown_close_send: `send(fildes[1], "", 0, 0)` passed [got Connection refused]


test_shutdown_close_send: `send(fildes[1], "", 0, 0)` passed [got Transport endpoint is not connected]


test_shutdown_close_send: `getpeername(fildes[1], (struct sockaddr *)&addr, &addrlen)` passed [got Transport endpoint is not connected]


test_shutdown_close_send: `close(fildes[1])` passed [got Success]


test_shutdown_close_send summary: 10 tests passed, 0 tests failed


test_poll: `socket(1, SOCK_DGRAM, 0)` passed [got Success]


test_poll: `poll(&pfd, 1, 0)` passed [got Success]


test_poll: `shutdown(sk, SHUT_WR)` passed [got Success]


test_poll: `poll(&pfd, 1, 0)` passed [got Success]


test_poll: `shutdown(sk, SHUT_RD)` passed [got Success]


test_poll: `poll(&pfd, 1, 0)` passed [got Success]


test_poll: `bind(sk, (struct sockaddr *)&((struct sockaddr_un){ .sun_family = 1, .sun_path = "\0" }), __builtin_offsetof (struct sockaddr_un, sun_path) + 1)` passed [got Success]


test_poll: `poll(&pfd, 1, 0)` passed [got Success]


test_poll: `connect(sk, (struct sockaddr *)&((struct sockaddr_un){ .sun_family = 1, .sun_path = "//tmp/B0" }), (__builtin_offsetof (struct sockaddr_un, sun_path) + 9))` passed [got Success]


test_poll: `poll(&pfd, 1, 0)` passed [got Success]


test_poll: `close(sk)` passed [got Success]


test_poll summary: 11 tests passed, 0 tests failed


test_poll_connected_close: `socketpair(1, SOCK_DGRAM, 0, fildes)` passed [got Success]


test_poll_connected_close: `poll(&pfd, 1, 0)` passed [got Success]


test_poll_connected_close: `close(fildes[0])` passed [got Success]


test_poll_connected_close: `poll(&pfd, 1, 0)` passed [got Success]


test_poll_connected_close: `close(fildes[1])` passed [got Success]


test_poll_connected_close summary: 5 tests passed, 0 tests failed


test_poll_connected_shutdown: `socketpair(1, SOCK_DGRAM, 0, fildes)` passed [got Success]


test_poll_connected_shutdown: `shutdown(fildes[0], SHUT_RD)` passed [got Success]


test_poll_connected_shutdown: `poll(&pfd, 1, 0)` passed [got Success]


test_poll_connected_shutdown: `poll(&pfd, 1, 0)` passed [got Success]


test_poll_connected_shutdown: `close(fildes[0])` passed [got Success]


test_poll_connected_shutdown: `close(fildes[1])` passed [got Success]


test_poll_connected_shutdown: `socketpair(1, SOCK_DGRAM, 0, fildes)` passed [got Success]


test_poll_connected_shutdown: `shutdown(fildes[0], SHUT_WR)` passed [got Success]


test_poll_connected_shutdown: `poll(&pfd, 1, 0)` passed [got Success]


test_poll_connected_shutdown: `poll(&pfd, 1, 0)` passed [got Success]


test_poll_connected_shutdown: `close(fildes[0])` passed [got Success]


test_poll_connected_shutdown: `close(fildes[1])` passed [got Success]


test_poll_connected_shutdown: `socketpair(1, SOCK_DGRAM, 0, fildes)` passed [got Success]


test_poll_connected_shutdown: `shutdown(fildes[0], SHUT_RDWR)` passed [got Success]


test_poll_connected_shutdown: `poll(&pfd, 1, 0)` passed [got Success]


test_poll_connected_shutdown: `poll(&pfd, 1, 0)` passed [got Success]


test_poll_connected_shutdown: `close(fildes[0])` passed [got Success]


test_poll_connected_shutdown: `close(fildes[1])` passed [got Success]


test_poll_connected_shutdown summary: 18 tests passed, 0 tests failed


test_zero_recvs_may_fail: `socketpair(1, SOCK_DGRAM | SOCK_NONBLOCK, 0, fildes)` passed [got Success]


test_zero_recvs_may_fail: `recv(fildes[0], buf, 0, 0)` passed [got Resource temporarily unavailable]


test_zero_recvs_may_fail: `send(fildes[1], buf, 1, 0)` passed [got Success]


test_zero_recvs_may_fail: `recv(fildes[0], buf, 0, 0)` passed [got Success]


test_zero_recvs_may_fail: `close(fildes[0])` passed [got Success]


test_zero_recvs_may_fail: `close(fildes[1])` passed [got Success]


test_zero_recvs_may_fail summary: 6 tests passed, 0 tests failed


test_zero_sends_may_fail: `socketpair(1, SOCK_DGRAM | SOCK_NONBLOCK, 0, fildes)` passed [got Success]


test_zero_sends_may_fail: `send(fildes[1], buf, 0, 0)` passed [got Success]


test_zero_sends_may_fail: `close(fildes[0])` passed [got Success]


test_zero_sends_may_fail: `send(fildes[1], buf, 0, 0)` passed [got Connection refused]


test_zero_sends_may_fail: `close(fildes[1])` passed [got Success]


test_zero_sends_may_fail summary: 5 tests passed, 0 tests failed


test_socket_addresses: `socket(1, SOCK_SEQPACKET, 0)` passed [got Success]


test_socket_addresses: `bind(sk, (struct sockaddr *)&addr, __builtin_offsetof (struct sockaddr_un, sun_path) + 8)` passed [got Success]


test_socket_addresses: `getsockname(sk, (struct sockaddr *)&addr, &addrlen)` passed [got Success]


test_socket_addresses: `close(sk)` passed [got Success]


test_socket_addresses: `unlink("/tmp/R0")` passed [got Success]


test_socket_addresses: `socket(1, SOCK_SEQPACKET, 0)` passed [got Success]


test_socket_addresses: `bind(sk, (struct sockaddr *)&addr, __builtin_offsetof (struct sockaddr_un, sun_path) + 9)` passed [got Success]


test_socket_addresses: `getsockname(sk, (struct sockaddr *)&addr, &addrlen)` passed [got Success]


test_socket_addresses: `close(sk)` passed [got Success]


test_socket_addresses: `unlink("/tmp/R1")` passed [got Success]


test_socket_addresses: `socket(1, SOCK_SEQPACKET, 0)` passed [got Success]


test_socket_addresses: `bind(sk, (struct sockaddr *)&addr, __builtin_offsetof (struct sockaddr_un, sun_path) + 6)` passed [got Success]


test_socket_addresses: `getsockname(sk, (struct sockaddr *)&addr, &addrlen)` passed [got Success]


test_socket_addresses: `close(sk)` passed [got Success]


test_socket_addresses: `unlink("/tmp/R")` passed [got Success]


test_socket_addresses: `socket(1, SOCK_SEQPACKET, 0)` passed [got Success]


test_socket_addresses: `bind(sk, (struct sockaddr *)&addr, __builtin_offsetof (struct sockaddr_un, sun_path) + 7)` passed [got Success]


test_socket_addresses: `getsockname(sk, (struct sockaddr *)&addr, &addrlen)` passed [got Success]


test_socket_addresses: `close(sk)` passed [got Success]


test_socket_addresses: `unlink("/tmp/R3")` passed [got Success]


test_socket_addresses: `socket(1, SOCK_SEQPACKET, 0)` passed [got Success]


test_socket_addresses: `bind(sk, (struct sockaddr *)&addr, __builtin_offsetof (struct sockaddr_un, sun_path) + 7)` passed [got Success]


test_socket_addresses: `getsockname(sk, (struct sockaddr *)&addr, &addrlen)` passed [got Success]


test_socket_addresses: `close(sk)` passed [got Success]


test_socket_addresses: `unlink("/tmp/R4")` passed [got Success]


test_socket_addresses: `socket(1, SOCK_SEQPACKET, 0)` passed [got Success]


test_socket_addresses: `bind(sk, (struct sockaddr *)&addr, __builtin_offsetof (struct sockaddr_un, sun_path) + 7)` passed [got Success]


test_socket_addresses: `getsockname(sk, (struct sockaddr *)&addr, &addrlen)` passed [got Success]


test_socket_addresses: `close(sk)` passed [got Success]


test_socket_addresses: `unlink("/tmp/R5")` passed [got Success]


test_socket_addresses: `socket(1, SOCK_SEQPACKET, 0)` passed [got Success]


test_socket_addresses: `bind(sk, (struct sockaddr *)&addr, __builtin_offsetof (struct sockaddr_un, sun_path) + 7)` passed [got Success]


test_socket_addresses: `getsockname(sk, (struct sockaddr *)&addr, &addrlen)` passed [got Success]


test_socket_addresses: `close(sk)` passed [got Success]


test_socket_addresses: `unlink("/tmp/R6")` passed [got Success]


test_socket_addresses: `socket(1, SOCK_SEQPACKET, 0)` passed [got Success]


test_socket_addresses: `bind(sk, (struct sockaddr *)&addr, __builtin_offsetof (struct sockaddr_un, sun_path) + 107)` passed [got Success]


test_socket_addresses: `getsockname(sk, (struct sockaddr *)&addr, &addrlen)` passed [got Success]


test_socket_addresses: `close(sk)` passed [got Success]


test_socket_addresses: `unlink("/tmp/AAAAAAAAAAAAAAAAAAAAAAAAAAAAAAAAAAAAAAAAAAAAAAAAAAAAAAAAAAAAAAAAAAAAAAAAAAAAAAAAAAAAAAAAAAAAAAAAAAAAAA")` passed [got Success]


test_socket_addresses: `socket(1, SOCK_SEQPACKET, 0)` passed [got Success]


test_socket_addresses: `bind(sk, (struct sockaddr *)&addr, __builtin_offsetof (struct sockaddr_un, sun_path) + 108)` passed [got Success]


test_socket_addresses: `getsockname(sk, (struct sockaddr *)&addr, &addrlen)` passed [got Success]


test_socket_addresses: `close(sk)` passed [got Success]


test_socket_addresses: `unlink("/tmp/AAAAAAAAAAAAAAAAAAAAAAAAAAAAAAAAAAAAAAAAAAAAAAAAAAAAAAAAAAAAAAAAAAAAAAAAAAAAAAAAAAAAAAAAAAAAAAAAAAAAAA" "a")` passed [got Success]


test_socket_addresses: `socket(1, SOCK_SEQPACKET, 0)` passed [got Success]


test_socket_addresses: `bind(sk, (struct sockaddr *)&addr, -1)` passed [got Invalid argument]


test_socket_addresses: `bind(sk, (struct sockaddr *)&addr, __builtin_offsetof (struct sockaddr_un, sun_path) - 1)` passed [got Invalid argument]


test_socket_addresses: `bind(sk, (struct sockaddr *)&addr, sizeof(addr) + 1)` passed [got Invalid argument]


test_socket_addresses: `close(sk)` passed [got Success]


test_socket_addresses summary: 50 tests passed, 0 tests failed


test_getsockname: `getsockname(sk_unbound, (struct sockaddr *)&addr, &addrlen)` passed [got Success]


test_getsockname: `getsockname(sk_bound, (struct sockaddr *)&addr, &addrlen)` passed [got Success]


test_getsockname: `getsockname(sk_listen, (struct sockaddr *)&addr, &addrlen)` passed [got Success]


test_getsockname: `getsockname(sk_connected, (struct sockaddr *)&addr, &addrlen)` passed [got Success]


test_getsockname: `getsockname(sk_accepted, (struct sockaddr *)&addr, &addrlen)` passed [got Success]


test_getsockname summary: 5 tests passed, 0 tests failed


test_getpeername: `getpeername(sk_unbound, (struct sockaddr *)&addr, &addrlen)` passed [got Transport endpoint is not connected]


test_getpeername: `getpeername(sk_bound, (struct sockaddr *)&addr, &addrlen)` passed [got Transport endpoint is not connected]


test_getpeername: `getpeername(sk_listen, (struct sockaddr *)&addr, &addrlen)` passed [got Transport endpoint is not connected]


test_getpeername: `getpeername(sk_connected, (struct sockaddr *)&addr, &addrlen)` passed [got Success]


test_getpeername: `getpeername(sk_accepted, (struct sockaddr *)&addr, &addrlen)` passed [got Success]


test_getpeername summary: 5 tests passed, 0 tests failed


test_bind: `bind(sk_bound, (struct sockaddr *)&((struct sockaddr_un){ .sun_family = 1, .sun_path = "\0Z" }), __builtin_offsetof (struct sockaddr_un, sun_path) + 1)` passed [got Invalid argument]


test_bind: `bind(sk_listen, (struct sockaddr *)&((struct sockaddr_un){ .sun_family = 1, .sun_path = "\0Z" }), __builtin_offsetof (struct sockaddr_un, sun_path) + 1)` passed [got Invalid argument]


test_bind: `bind(sk_bound, (struct sockaddr *)&((struct sockaddr_un){ .sun_family = 1, .sun_path = "" }), __builtin_offsetof (struct sockaddr_un, sun_path))` passed [got Success]


test_bind: `bind(sk_listen, (struct sockaddr *)&((struct sockaddr_un){ .sun_family = 1, .sun_path = "" }), __builtin_offsetof (struct sockaddr_un, sun_path))` passed [got Success]


test_bind summary: 4 tests passed, 0 tests failed


test_bind_connected: `socketpair(1, SOCK_SEQPACKET, 0, fildes)` passed [got Success]


test_bind_connected: `socket(1, SOCK_SEQPACKET, 0)` passed [got Success]


test_bind_connected: `bind(fildes[0], (struct sockaddr *)&((struct sockaddr_un){ .sun_family = 1, .sun_path = "\0X" }), __builtin_offsetof (struct sockaddr_un, sun_path) + 2)` passed [got Success]


test_bind_connected: `getpeername(fildes[1], (struct sockaddr *)&addr, &addrlen)` passed [got Success]


test_bind_connected: `bind(fildes[1], (struct sockaddr *)&((struct sockaddr_un){ .sun_family = 1, .sun_path = "\0Y" }), __builtin_offsetof (struct sockaddr_un, sun_path) + 2)` passed [got Success]


test_bind_connected: `getpeername(fildes[0], (struct sockaddr *)&addr, &addrlen)` passed [got Success]


test_bind_connected: `bind(fildes[0], (struct sockaddr *)&((struct sockaddr_un){ .sun_family = 1, .sun_path = "\0Z" }), __builtin_offsetof (struct sockaddr_un, sun_path) + 2)` passed [got Invalid argument]


test_bind_connected: `bind(fildes[1], (struct sockaddr *)&((struct sockaddr_un){ .sun_family = 1, .sun_path = "\0Z" }), __builtin_offsetof (struct sockaddr_un, sun_path) + 2)` passed [got Invalid argument]


test_bind_connected: `bind(fildes[0], (struct sockaddr *)&((struct sockaddr_un){ .sun_family = 1, .sun_path = "" }), __builtin_offsetof (struct sockaddr_un, sun_path))` passed [got Success]


test_bind_connected: `bind(fildes[1], (struct sockaddr *)&((struct sockaddr_un){ .sun_family = 1, .sun_path = "" }), __builtin_offsetof (struct sockaddr_un, sun_path))` passed [got Success]


test_bind_connected: `bind(sk, (struct sockaddr *)&((struct sockaddr_un){ .sun_family = 1, .sun_path = "\0X" }), __builtin_offsetof (struct sockaddr_un, sun_path) + 2)` passed [got Address already in use]


test_bind_connected: `close(fildes[0])` passed [got Success]


test_bind_connected: `bind(sk, (struct sockaddr *)&((struct sockaddr_un){ .sun_family = 1, .sun_path = "\0X" }), __builtin_offsetof (struct sockaddr_un, sun_path) + 2)` passed [got Success]


test_bind_connected: `getpeername(fildes[1], (struct sockaddr *)&addr, &addrlen)` passed [got Success]


test_bind_connected: `close(fildes[1])` passed [got Success]


test_bind_connected: `close(sk)` passed [got Success]


test_bind_connected summary: 16 tests passed, 0 tests failed


test_connect: `connect(sk_unbound, (struct sockaddr *)&((struct sockaddr_un){ .sun_family = 1, .sun_path = "//tmp/B0" }), (__builtin_offsetof (struct sockaddr_un, sun_path) + 9))` passed [got Connection refused]


test_connect: `connect(sk_bound, (struct sockaddr *)&((struct sockaddr_un){ .sun_family = 1, .sun_path = "//tmp/B0" }), (__builtin_offsetof (struct sockaddr_un, sun_path) + 9))` passed [got Connection refused]


test_connect: `connect(sk_listen, (struct sockaddr *)&((struct sockaddr_un){ .sun_family = 1, .sun_path = "/tmp//L0" }), (__builtin_offsetof (struct sockaddr_un, sun_path) + 9))` passed [got Invalid argument]


test_connect: `connect(sk_connected, (struct sockaddr *)&((struct sockaddr_un){ .sun_family = 1, .sun_path = "/tmp//L0" }), (__builtin_offsetof (struct sockaddr_un, sun_path) + 9))` passed [got Transport endpoint is already connected]


test_connect: `connect(sk_connected, (struct sockaddr *)&((struct sockaddr_un){ .sun_family = 1, .sun_path = "/tmp//L0" }), (__builtin_offsetof (struct sockaddr_un, sun_path) + 9))` passed [got Transport endpoint is already connected]


test_connect summary: 5 tests passed, 0 tests failed


test_listen: `listen(sk_unbound, 10)` passed [got Invalid argument]


test_listen: `listen(sk_listen, 10)` passed [got Success]


test_listen: `listen(sk_connected, 10)` passed [got Invalid argument]


test_listen: `listen(sk_accepted, 10)` passed [got Invalid argument]


test_listen summary: 4 tests passed, 0 tests failed


test_accept: `accept(sk_unbound, ((void *)0), ((void *)0))` passed [got Invalid argument]


test_accept: `accept(sk_bound, ((void *)0), ((void *)0))` passed [got Invalid argument]


test_accept: `accept(sk_connected, ((void *)0), ((void *)0))` passed [got Invalid argument]


test_accept: `accept(sk_accepted, ((void *)0), ((void *)0))` passed [got Invalid argument]


test_accept summary: 4 tests passed, 0 tests failed


test_send: `send(sk_unbound, buf, 1, 0)` passed [got Transport endpoint is not connected]


test_send: `send(sk_unbound, buf, 0, 0)` passed [got Transport endpoint is not connected]


test_send: `write(sk_unbound, buf, 1)` passed [got Transport endpoint is not connected]


test_send: `write(sk_unbound, buf, 0)` passed [got Transport endpoint is not connected]


test_send: `send(sk_bound, buf, 1, 0)` passed [got Transport endpoint is not connected]


test_send: `send(sk_bound, buf, 0, 0)` passed [got Transport endpoint is not connected]


test_send: `write(sk_bound, buf, 1)` passed [got Transport endpoint is not connected]


test_send: `write(sk_bound, buf, 0)` passed [got Transport endpoint is not connected]


test_send: `send(sk_listen, buf, 1, 0)` passed [got Transport endpoint is not connected]


test_send: `send(sk_listen, buf, 0, 0)` passed [got Transport endpoint is not connected]


test_send: `write(sk_listen, buf, 1)` passed [got Transport endpoint is not connected]


test_send: `write(sk_listen, buf, 0)` passed [got Transport endpoint is not connected]


test_send summary: 12 tests passed, 0 tests failed


test_recv: `recv(sk_unbound, buf, 1, 0)` passed [got Invalid argument]


test_recv: `recv(sk_unbound, buf, 0, 0)` passed [got Invalid argument]


test_recv: `read(sk_unbound, buf, 1)` passed [got Invalid argument]


test_recv: `read(sk_unbound, buf, 0)` passed [got Success]


test_recv: `recv(sk_bound, buf, 1, 0)` passed [got Invalid argument]


test_recv: `recv(sk_bound, buf, 0, 0)` passed [got Invalid argument]


test_recv: `read(sk_bound, buf, 1)` passed [got Invalid argument]


test_recv: `read(sk_bound, buf, 0)` passed [got Success]


test_recv: `recv(sk_listen, buf, 1, 0)` passed [got Invalid argument]


test_recv: `recv(sk_listen, buf, 0, 0)` passed [got Invalid argument]


test_recv: `read(sk_listen, buf, 1)` passed [got Invalid argument]


test_recv: `read(sk_listen, buf, 0)` passed [got Success]


test_recv: `recv(sk_connected, buf, 1, 0)` passed [got Resource temporarily unavailable]


test_recv: `recv(sk_connected, buf, 0, 0)` passed [got Resource temporarily unavailable]


test_recv: `read(sk_connected, buf, 1)` passed [got Resource temporarily unavailable]


test_recv: `read(sk_connected, buf, 0)` passed [got Success]


test_recv summary: 16 tests passed, 0 tests failed


test_blocking_connect: `socket(1, SOCK_SEQPACKET, 0)` passed [got Success]


test_blocking_connect: `bind(sk, (struct sockaddr *)&((struct sockaddr_un){ .sun_family = 1, .sun_path = "\0" }), __builtin_offsetof (struct sockaddr_un, sun_path) + 1)` passed [got Success]


test_blocking_connect: `listen(sk, 2)` passed [got Success]


test_blocking_connect: `socket(1, SOCK_SEQPACKET | SOCK_NONBLOCK, 0)` passed [got Success]


test_blocking_connect: `connect(sks[i], (struct sockaddr *)&((struct sockaddr_un){ .sun_family = 1, .sun_path = "\0" }), __builtin_offsetof (struct sockaddr_un, sun_path) + 1)` passed [got Success]


test_blocking_connect: `socket(1, SOCK_SEQPACKET | SOCK_NONBLOCK, 0)` passed [got Success]


test_blocking_connect: `connect(sks[i], (struct sockaddr *)&((struct sockaddr_un){ .sun_family = 1, .sun_path = "\0" }), __builtin_offsetof (struct sockaddr_un, sun_path) + 1)` passed [got Success]


test_blocking_connect: `socket(1, SOCK_SEQPACKET | SOCK_NONBLOCK, 0)` passed [got Success]


test_blocking_connect: `connect(sks[i], (struct sockaddr *)&((struct sockaddr_un){ .sun_family = 1, .sun_path = "\0" }), __builtin_offsetof (struct sockaddr_un, sun_path) + 1)` passed [got Success]


test_blocking_connect: `socket(1, SOCK_SEQPACKET | SOCK_NONBLOCK, 0)` passed [got Success]


test_blocking_connect: `connect(sks[i], (struct sockaddr *)&((struct sockaddr_un){ .sun_family = 1, .sun_path = "\0" }), __builtin_offsetof (struct sockaddr_un, sun_path) + 1)` passed [got Resource temporarily unavailable]


test_blocking_connect: `close(sks[i])` passed [got Success]


test_blocking_connect: `fork()` passed [got Success]


test_blocking_connect: `0` passed [got Success]


test_blocking_connect: `socket(1, SOCK_SEQPACKET, 0)` passed [got Success]


test_blocking_connect: `fork()` passed [got Success]


test_blocking_connect: `connect(sks[i], (struct sockaddr *)&((struct sockaddr_un){ .sun_family = 1, .sun_path = "\0" }), __builtin_offsetof (struct sockaddr_un, sun_path) + 1)` passed [got Success]


test_blocking_connect: `close(sks[i])` passed [got Success]


test_blocking_connect: `wait(((void *)0))` passed [got Success]


test_blocking_connect: `socket(1, SOCK_SEQPACKET | SOCK_NONBLOCK, 0)` passed [got Success]


test_blocking_connect: `connect(sks[i], (struct sockaddr *)&((struct sockaddr_un){ .sun_family = 1, .sun_path = "\0" }), __builtin_offsetof (struct sockaddr_un, sun_path) + 1)` passed [got Resource temporarily unavailable]


test_blocking_connect: `close(sks[i])` passed [got Success]


test_blocking_connect: `fork()` passed [got Success]


test_blocking_connect: `0` passed [got Success]


test_blocking_connect: `socket(1, SOCK_SEQPACKET, 0)` passed [got Success]


test_blocking_connect: `fork()` passed [got Success]


test_blocking_connect: `connect(sks[i], (struct sockaddr *)&((struct sockaddr_un){ .sun_family = 1, .sun_path = "\0" }), __builtin_offsetof (struct sockaddr_un, sun_path) + 1)` passed [got Success]


test_blocking_connect: `close(sks[i])` passed [got Success]


test_blocking_connect: `wait(((void *)0))` passed [got Success]


test_blocking_connect: `socket(1, SOCK_SEQPACKET | SOCK_NONBLOCK, 0)` passed [got Success]


test_blocking_connect: `connect(sks[i], (struct sockaddr *)&((struct sockaddr_un){ .sun_family = 1, .sun_path = "\0" }), __builtin_offsetof (struct sockaddr_un, sun_path) + 1)` passed [got Resource temporarily unavailable]


test_blocking_connect: `close(sks[i])` passed [got Success]


test_blocking_connect: `fork()` passed [got Success]


test_blocking_connect: `close(sk)` passed [got Success]


test_blocking_connect: `socket(1, SOCK_SEQPACKET, 0)` passed [got Success]


test_blocking_connect: `fork()` passed [got Success]


test_blocking_connect: `connect(sks[i], (struct sockaddr *)&((struct sockaddr_un){ .sun_family = 1, .sun_path = "\0" }), __builtin_offsetof (struct sockaddr_un, sun_path) + 1)` passed [got Connection refused]


test_blocking_connect: `close(sks[i])` passed [got Success]


test_blocking_connect: `wait(((void *)0))` passed [got Success]


test_blocking_connect: `close(sks[i])` passed [got Success]


test_blocking_connect: `close(sks[i])` passed [got Success]


test_blocking_connect: `close(sks[i])` passed [got Success]


test_blocking_connect summary: 39 tests passed, 0 tests failed


test_ns_path: `creat("/tmp/.good", 0644)` passed [got Success]


test_ns_path: `bind(sk_unbound, (struct sockaddr *)&((struct sockaddr_un){ .sun_family = 1, .sun_path = "/tmp/.good" }), sizeof(struct sockaddr))` passed [got Address already in use]


test_ns_path: `connect(sk_unbound, (struct sockaddr *)&((struct sockaddr_un){ .sun_family = 1, .sun_path = "/tmp/.good" }), sizeof(struct sockaddr))` passed [got Connection refused]


test_ns_path: `close(fd)` passed [got Success]


test_ns_path: `unlink("/tmp/.good")` passed [got Success]


test_ns_path: `creat("/tmp/.bad", 0000)` passed [got Success]


test_ns_path: `bind(sk_unbound, (struct sockaddr *)&((struct sockaddr_un){ .sun_family = 1, .sun_path = "/tmp/.bad" }), sizeof(struct sockaddr))` passed [got Address already in use]


test_ns_path: `connect(sk_unbound, (struct sockaddr *)&((struct sockaddr_un){ .sun_family = 1, .sun_path = "/tmp/.bad" }), sizeof(struct sockaddr))` passed [got Connection refused]


test_ns_path: `close(fd)` passed [got Success]


test_ns_path: `unlink("/tmp/.bad")` passed [got Success]


test_ns_path summary: 10 tests passed, 0 tests failed


test_ns_abs: `socket(1, SOCK_SEQPACKET, 0)` passed [got Success]


test_ns_abs: `bind(sk, (struct sockaddr *)&((struct sockaddr_un){ .sun_family = 1, .sun_path = "" }), __builtin_offsetof (struct sockaddr_un, sun_path))` passed [got Success]


test_ns_abs: `getsockname(sk, (struct sockaddr *)&addr, &addrlen)` passed [got Success]


test_ns_abs: `socket(1, SOCK_SEQPACKET, 0)` passed [got Success]


test_ns_abs: `bind(sk2, (struct sockaddr *)&addr, addrlen)` passed [got Address already in use]


test_ns_abs: `connect(sk2, (struct sockaddr *)&addr, addrlen)` passed [got Connection refused]


test_ns_abs: `listen(sk, 1)` passed [got Success]


test_ns_abs: `connect(sk2, (struct sockaddr *)&addr, addrlen)` passed [got Success]


test_ns_abs: `close(sk)` passed [got Success]


test_ns_abs: `close(sk2)` passed [got Success]


test_ns_abs: `socket(1, SOCK_SEQPACKET, 0)` passed [got Success]


test_ns_abs: `connect(sk, (struct sockaddr *)&addr, addrlen)` passed [got Connection refused]


test_ns_abs: `bind(sk, (struct sockaddr *)&addr, addrlen)` passed [got Success]


test_ns_abs: `close(sk)` passed [got Success]


test_ns_abs summary: 14 tests passed, 0 tests failed


test_shutdown_connected: `socketpair(1, SOCK_SEQPACKET, 0, fildes)` passed [got Success]


test_shutdown_connected: `shutdown(fildes[0], SHUT_RD)` passed [got Success]


test_shutdown_connected: `shutdown(fildes[0], SHUT_WR)` passed [got Success]


test_shutdown_connected: `shutdown(fildes[0], SHUT_RDWR)` passed [got Success]


test_shutdown_connected: `shutdown(fildes[0], SHUT_RD)` passed [got Success]


test_shutdown_connected: `shutdown(fildes[0], SHUT_WR)` passed [got Success]


test_shutdown_connected: `shutdown(fildes[0], SHUT_RDWR)` passed [got Success]


test_shutdown_connected: `close(fildes[0])` passed [got Success]


test_shutdown_connected: `close(fildes[1])` passed [got Success]


test_shutdown_connected summary: 9 tests passed, 0 tests failed


test_poll_unbound: `socket(1, SOCK_SEQPACKET, 0)` passed [got Success]


test_poll_unbound: `poll(&pfd, 1, 0)` passed [got Success]


test_poll_unbound: `shutdown(sk, SHUT_WR)` passed [got Success]


test_poll_unbound: `poll(&pfd, 1, 0)` passed [got Success]


test_poll_unbound: `shutdown(sk, SHUT_RD)` passed [got Success]


test_poll_unbound: `poll(&pfd, 1, 0)` passed [got Success]


test_poll_unbound: `bind(sk, (struct sockaddr *)&((struct sockaddr_un){ .sun_family = 1, .sun_path = "\0" }), __builtin_offsetof (struct sockaddr_un, sun_path) + 1)` passed [got Success]


test_poll_unbound: `listen(sk, 10)` passed [got Success]


test_poll_unbound: `poll(&pfd, 1, 0)` passed [got Success]


test_poll_unbound: `close(sk)` passed [got Success]


test_poll_unbound summary: 10 tests passed, 0 tests failed


test_poll_listen: `socket(1, SOCK_SEQPACKET, 0)` passed [got Success]


test_poll_listen: `bind(sk, (struct sockaddr *)&((struct sockaddr_un){ .sun_family = 1, .sun_path = "\0" }), __builtin_offsetof (struct sockaddr_un, sun_path) + 1)` passed [got Success]


test_poll_listen: `listen(sk, 10)` passed [got Success]


test_poll_listen: `poll(&pfd, 1, 0)` passed [got Success]


test_poll_listen: `shutdown(sk, SHUT_RD)` passed [got Success]


test_poll_listen: `poll(&pfd, 1, 0)` passed [got Success]


test_poll_listen: `shutdown(sk, SHUT_WR)` passed [got Success]


test_poll_listen: `poll(&pfd, 1, 0)` passed [got Success]


test_poll_listen: `close(sk)` passed [got Success]


test_poll_listen summary: 9 tests passed, 0 tests failed


test_poll_connected_close: `socketpair(1, SOCK_SEQPACKET, 0, fildes)` passed [got Success]


test_poll_connected_close: `poll(&pfd, 1, 0)` passed [got Success]


test_poll_connected_close: `close(fildes[0])` passed [got Success]


test_poll_connected_close: `poll(&pfd, 1, 0)` passed [got Success]


test_poll_connected_close: `close(fildes[1])` passed [got Success]


test_poll_connected_close summary: 5 tests passed, 0 tests failed


test_poll_connected_shutdown: `socketpair(1, SOCK_SEQPACKET, 0, fildes)` passed [got Success]


test_poll_connected_shutdown: `shutdown(fildes[0], SHUT_RD)` passed [got Success]


test_poll_connected_shutdown: `poll(&pfd, 1, 0)` passed [got Success]


test_poll_connected_shutdown: `poll(&pfd, 1, 0)` passed [got Success]


test_poll_connected_shutdown: `close(fildes[0])` passed [got Success]


test_poll_connected_shutdown: `close(fildes[1])` passed [got Success]


test_poll_connected_shutdown: `socketpair(1, SOCK_SEQPACKET, 0, fildes)` passed [got Success]


test_poll_connected_shutdown: `shutdown(fildes[0], SHUT_WR)` passed [got Success]


test_poll_connected_shutdown: `poll(&pfd, 1, 0)` passed [got Success]


test_poll_connected_shutdown: `poll(&pfd, 1, 0)` passed [got Success]


test_poll_connected_shutdown: `close(fildes[0])` passed [got Success]


test_poll_connected_shutdown: `close(fildes[1])` passed [got Success]


test_poll_connected_shutdown: `socketpair(1, SOCK_SEQPACKET, 0, fildes)` passed [got Success]


test_poll_connected_shutdown: `shutdown(fildes[0], SHUT_RDWR)` passed [got Success]


test_poll_connected_shutdown: `poll(&pfd, 1, 0)` passed [got Success]


test_poll_connected_shutdown: `poll(&pfd, 1, 0)` passed [got Success]


test_poll_connected_shutdown: `close(fildes[0])` passed [got Success]


test_poll_connected_shutdown: `close(fildes[1])` passed [got Success]


test_poll_connected_shutdown summary: 18 tests passed, 0 tests failed


test_epoll: `socket(1, SOCK_SEQPACKET, 0)` passed [got Success]


test_epoll: `socket(1, SOCK_SEQPACKET, 0)` passed [got Success]


test_epoll: `epoll_create1(0)` passed [got Success]


test_epoll: `epoll_ctl(epfd_listen, 1, sk2_listen, &ev)` passed [got Success]


test_epoll: `epoll_create1(0)` passed [got Success]


test_epoll: `epoll_ctl(epfd_connected, 1, sk2_connected, &ev)` passed [got Success]


test_epoll: `bind(sk2_listen, (struct sockaddr *)&((struct sockaddr_un){ .sun_family = 1, .sun_path = "\0" }), __builtin_offsetof (struct sockaddr_un, sun_path) + 1)` passed [got Success]


test_epoll: `listen(sk2_listen, 10)` passed [got Success]


test_epoll: `epoll_wait(epfd_listen, &ev, 1, 0)` passed [got Success]


test_epoll: `connect(sk2_connected, (struct sockaddr *)&((struct sockaddr_un){ .sun_family = 1, .sun_path = "\0" }), __builtin_offsetof (struct sockaddr_un, sun_path) + 1)` passed [got Success]


test_epoll: `epoll_wait(epfd_listen, &ev, 1, 0)` passed [got Success]


test_epoll: `epoll_wait(epfd_connected, &ev, 1, 0)` passed [got Success]


test_epoll: `accept(sk2_listen, ((void *)0), 0)` passed [got Success]


test_epoll: `write(sk2_accepted, "", 1)` passed [got Success]


test_epoll: `epoll_wait(epfd_connected, &ev, 1, 0)` passed [got Success]


test_epoll: `close(epfd_listen)` passed [got Success]


test_epoll: `close(epfd_connected)` passed [got Success]


test_epoll: `close(sk2_connected)` passed [got Success]


test_epoll: `close(sk2_accepted)` passed [got Success]


test_epoll: `close(sk2_listen)` passed [got Success]


test_epoll summary: 20 tests passed, 0 tests failed


test_zero_recvs_may_fail: `socketpair(1, SOCK_SEQPACKET | SOCK_NONBLOCK, 0, fildes)` passed [got Success]


test_zero_recvs_may_fail: `recv(fildes[0], buf, 0, 0)` passed [got Resource temporarily unavailable]


test_zero_recvs_may_fail: `send(fildes[1], buf, 1, 0)` passed [got Success]


test_zero_recvs_may_fail: `recv(fildes[0], buf, 0, 0)` passed [got Success]


test_zero_recvs_may_fail: `close(fildes[0])` passed [got Success]


test_zero_recvs_may_fail: `close(fildes[1])` passed [got Success]


test_zero_recvs_may_fail summary: 6 tests passed, 0 tests failed


test_zero_sends_may_fail: `socketpair(1, SOCK_SEQPACKET | SOCK_NONBLOCK, 0, fildes)` passed [got Success]


test_zero_sends_may_fail: `send(fildes[1], buf, 0, 0)` passed [got Success]


test_zero_sends_may_fail: `close(fildes[0])` passed [got Success]


test_zero_sends_may_fail: `send(fildes[1], buf, 0, 0)` passed [got Broken pipe]


test_zero_sends_may_fail: `close(fildes[1])` passed [got Success]


test_zero_sends_may_fail summary: 5 tests passed, 0 tests failed


test_sendto: `sendto(sk_unbound, buf, 1, 0, &((struct sockaddr_un){ .sun_family = 1, .sun_path = "/tmp//L0" }), (__builtin_offsetof (struct sockaddr_un, sun_path) + 9))` passed [got Transport endpoint is not connected]


test_sendto: `sendto(sk_bound, buf, 1, 0, &((struct sockaddr_un){ .sun_family = 1, .sun_path = "/tmp/L0" }), (__builtin_offsetof (struct sockaddr_un, sun_path) + 8))` passed [got Transport endpoint is not connected]


test_sendto: `sendto(sk_listen, buf, 1, 0, &((struct sockaddr_un){ .sun_family = 1, .sun_path = "//tmp/B0" }), (__builtin_offsetof (struct sockaddr_un, sun_path) + 9))` passed [got Transport endpoint is not connected]


test_sendto summary: 3 tests passed, 0 tests failed


test_send_recv_trunc: `socketpair(1, SOCK_SEQPACKET | SOCK_NONBLOCK, 0, fildes)` passed [got Success]


test_send_recv_trunc: `send(fildes[0], "abc", 3, 0)` passed [got Success]


test_send_recv_trunc: `send(fildes[0], "def", 3, 0)` passed [got Success]


test_send_recv_trunc: `send(fildes[0], "hij", 3, 0)` passed [got Success]


test_send_recv_trunc: `recv(fildes[1], buf, 1, 0)` passed [got Success]


test_send_recv_trunc: `recv(fildes[1], buf, 0, 0)` passed [got Success]


test_send_recv_trunc: `recv(fildes[1], buf, 1, 0)` passed [got Success]


test_send_recv_trunc: `close(fildes[0])` passed [got Success]


test_send_recv_trunc: `close(fildes[1])` passed [got Success]


test_send_recv_trunc summary: 9 tests passed, 0 tests failed


test_send_recv_zero: `socketpair(1, SOCK_SEQPACKET | SOCK_NONBLOCK, 0, fildes)` passed [got Success]


test_send_recv_zero: `send(fildes[0], buf, 1, 0)` passed [got Success]


test_send_recv_zero: `send(fildes[0], buf, 0, 0)` passed [got Success]


test_send_recv_zero: `send(fildes[0], buf, 0, 0)` passed [got Success]


test_send_recv_zero: `send(fildes[0], buf, 1, 0)` passed [got Success]


test_send_recv_zero: `recv(fildes[1], buf, 1, 0)` passed [got Success]


test_send_recv_zero: `recv(fildes[1], buf, 1, 0)` passed [got Success]


test_send_recv_zero: `recv(fildes[1], buf, 1, 0)` passed [got Success]


test_send_recv_zero: `recv(fildes[1], buf, 1, 0)` passed [got Success]


test_send_recv_zero: `close(fildes[0])` passed [got Success]


test_send_recv_zero: `close(fildes[1])` passed [got Success]


test_send_recv_zero summary: 11 tests passed, 0 tests failed


test_socket_addresses: `socket(1, SOCK_STREAM, 0)` passed [got Success]


test_socket_addresses: `bind(sk, (struct sockaddr *)&addr, __builtin_offsetof (struct sockaddr_un, sun_path) + 8)` passed [got Success]


test_socket_addresses: `getsockname(sk, (struct sockaddr *)&addr, &addrlen)` passed [got Success]


test_socket_addresses: `close(sk)` passed [got Success]


test_socket_addresses: `unlink("/tmp/R0")` passed [got Success]


test_socket_addresses: `socket(1, SOCK_STREAM, 0)` passed [got Success]


test_socket_addresses: `bind(sk, (struct sockaddr *)&addr, __builtin_offsetof (struct sockaddr_un, sun_path) + 9)` passed [got Success]


test_socket_addresses: `getsockname(sk, (struct sockaddr *)&addr, &addrlen)` passed [got Success]


test_socket_addresses: `close(sk)` passed [got Success]


test_socket_addresses: `unlink("/tmp/R1")` passed [got Success]


test_socket_addresses: `socket(1, SOCK_STREAM, 0)` passed [got Success]


test_socket_addresses: `bind(sk, (struct sockaddr *)&addr, __builtin_offsetof (struct sockaddr_un, sun_path) + 6)` passed [got Success]


test_socket_addresses: `getsockname(sk, (struct sockaddr *)&addr, &addrlen)` passed [got Success]


test_socket_addresses: `close(sk)` passed [got Success]


test_socket_addresses: `unlink("/tmp/R")` passed [got Success]


test_socket_addresses: `socket(1, SOCK_STREAM, 0)` passed [got Success]


test_socket_addresses: `bind(sk, (struct sockaddr *)&addr, __builtin_offsetof (struct sockaddr_un, sun_path) + 7)` passed [got Success]


test_socket_addresses: `getsockname(sk, (struct sockaddr *)&addr, &addrlen)` passed [got Success]


test_socket_addresses: `close(sk)` passed [got Success]


test_socket_addresses: `unlink("/tmp/R3")` passed [got Success]


test_socket_addresses: `socket(1, SOCK_STREAM, 0)` passed [got Success]


test_socket_addresses: `bind(sk, (struct sockaddr *)&addr, __builtin_offsetof (struct sockaddr_un, sun_path) + 7)` passed [got Success]


test_socket_addresses: `getsockname(sk, (struct sockaddr *)&addr, &addrlen)` passed [got Success]


test_socket_addresses: `close(sk)` passed [got Success]


test_socket_addresses: `unlink("/tmp/R4")` passed [got Success]


test_socket_addresses: `socket(1, SOCK_STREAM, 0)` passed [got Success]


test_socket_addresses: `bind(sk, (struct sockaddr *)&addr, __builtin_offsetof (struct sockaddr_un, sun_path) + 7)` passed [got Success]


test_socket_addresses: `getsockname(sk, (struct sockaddr *)&addr, &addrlen)` passed [got Success]


test_socket_addresses: `close(sk)` passed [got Success]


test_socket_addresses: `unlink("/tmp/R5")` passed [got Success]


test_socket_addresses: `socket(1, SOCK_STREAM, 0)` passed [got Success]


test_socket_addresses: `bind(sk, (struct sockaddr *)&addr, __builtin_offsetof (struct sockaddr_un, sun_path) + 7)` passed [got Success]


test_socket_addresses: `getsockname(sk, (struct sockaddr *)&addr, &addrlen)` passed [got Success]


test_socket_addresses: `close(sk)` passed [got Success]


test_socket_addresses: `unlink("/tmp/R6")` passed [got Success]


test_socket_addresses: `socket(1, SOCK_STREAM, 0)` passed [got Success]


test_socket_addresses: `bind(sk, (struct sockaddr *)&addr, __builtin_offsetof (struct sockaddr_un, sun_path) + 107)` passed [got Success]


test_socket_addresses: `getsockname(sk, (struct sockaddr *)&addr, &addrlen)` passed [got Success]


test_socket_addresses: `close(sk)` passed [got Success]


test_socket_addresses: `unlink("/tmp/AAAAAAAAAAAAAAAAAAAAAAAAAAAAAAAAAAAAAAAAAAAAAAAAAAAAAAAAAAAAAAAAAAAAAAAAAAAAAAAAAAAAAAAAAAAAAAAAAAAAAA")` passed [got Success]


test_socket_addresses: `socket(1, SOCK_STREAM, 0)` passed [got Success]


test_socket_addresses: `bind(sk, (struct sockaddr *)&addr, __builtin_offsetof (struct sockaddr_un, sun_path) + 108)` passed [got Success]


test_socket_addresses: `getsockname(sk, (struct sockaddr *)&addr, &addrlen)` passed [got Success]


test_socket_addresses: `close(sk)` passed [got Success]


test_socket_addresses: `unlink("/tmp/AAAAAAAAAAAAAAAAAAAAAAAAAAAAAAAAAAAAAAAAAAAAAAAAAAAAAAAAAAAAAAAAAAAAAAAAAAAAAAAAAAAAAAAAAAAAAAAAAAAAAA" "a")` passed [got Success]


test_socket_addresses: `socket(1, SOCK_STREAM, 0)` passed [got Success]


test_socket_addresses: `bind(sk, (struct sockaddr *)&addr, -1)` passed [got Invalid argument]


test_socket_addresses: `bind(sk, (struct sockaddr *)&addr, __builtin_offsetof (struct sockaddr_un, sun_path) - 1)` passed [got Invalid argument]


test_socket_addresses: `bind(sk, (struct sockaddr *)&addr, sizeof(addr) + 1)` passed [got Invalid argument]


test_socket_addresses: `close(sk)` passed [got Success]


test_socket_addresses summary: 50 tests passed, 0 tests failed


test_getsockname: `getsockname(sk_unbound, (struct sockaddr *)&addr, &addrlen)` passed [got Success]


test_getsockname: `getsockname(sk_bound, (struct sockaddr *)&addr, &addrlen)` passed [got Success]


test_getsockname: `getsockname(sk_listen, (struct sockaddr *)&addr, &addrlen)` passed [got Success]


test_getsockname: `getsockname(sk_connected, (struct sockaddr *)&addr, &addrlen)` passed [got Success]


test_getsockname: `getsockname(sk_accepted, (struct sockaddr *)&addr, &addrlen)` passed [got Success]


test_getsockname summary: 5 tests passed, 0 tests failed


test_getpeername: `getpeername(sk_unbound, (struct sockaddr *)&addr, &addrlen)` passed [got Transport endpoint is not connected]


test_getpeername: `getpeername(sk_bound, (struct sockaddr *)&addr, &addrlen)` passed [got Transport endpoint is not connected]


test_getpeername: `getpeername(sk_listen, (struct sockaddr *)&addr, &addrlen)` passed [got Transport endpoint is not connected]


test_getpeername: `getpeername(sk_connected, (struct sockaddr *)&addr, &addrlen)` passed [got Success]


test_getpeername: `getpeername(sk_accepted, (struct sockaddr *)&addr, &addrlen)` passed [got Success]


test_getpeername summary: 5 tests passed, 0 tests failed


test_bind: `bind(sk_bound, (struct sockaddr *)&((struct sockaddr_un){ .sun_family = 1, .sun_path = "\0Z" }), __builtin_offsetof (struct sockaddr_un, sun_path) + 1)` passed [got Invalid argument]


test_bind: `bind(sk_listen, (struct sockaddr *)&((struct sockaddr_un){ .sun_family = 1, .sun_path = "\0Z" }), __builtin_offsetof (struct sockaddr_un, sun_path) + 1)` passed [got Invalid argument]


test_bind: `bind(sk_bound, (struct sockaddr *)&((struct sockaddr_un){ .sun_family = 1, .sun_path = "" }), __builtin_offsetof (struct sockaddr_un, sun_path))` passed [got Success]


test_bind: `bind(sk_listen, (struct sockaddr *)&((struct sockaddr_un){ .sun_family = 1, .sun_path = "" }), __builtin_offsetof (struct sockaddr_un, sun_path))` passed [got Success]


test_bind summary: 4 tests passed, 0 tests failed


test_bind_connected: `socketpair(1, SOCK_STREAM, 0, fildes)` passed [got Success]


test_bind_connected: `socket(1, SOCK_STREAM, 0)` passed [got Success]


test_bind_connected: `bind(fildes[0], (struct sockaddr *)&((struct sockaddr_un){ .sun_family = 1, .sun_path = "\0X" }), __builtin_offsetof (struct sockaddr_un, sun_path) + 2)` passed [got Success]


test_bind_connected: `getpeername(fildes[1], (struct sockaddr *)&addr, &addrlen)` passed [got Success]


test_bind_connected: `bind(fildes[1], (struct sockaddr *)&((struct sockaddr_un){ .sun_family = 1, .sun_path = "\0Y" }), __builtin_offsetof (struct sockaddr_un, sun_path) + 2)` passed [got Success]


test_bind_connected: `getpeername(fildes[0], (struct sockaddr *)&addr, &addrlen)` passed [got Success]


test_bind_connected: `bind(fildes[0], (struct sockaddr *)&((struct sockaddr_un){ .sun_family = 1, .sun_path = "\0Z" }), __builtin_offsetof (struct sockaddr_un, sun_path) + 2)` passed [got Invalid argument]


test_bind_connected: `bind(fildes[1], (struct sockaddr *)&((struct sockaddr_un){ .sun_family = 1, .sun_path = "\0Z" }), __builtin_offsetof (struct sockaddr_un, sun_path) + 2)` passed [got Invalid argument]


test_bind_connected: `bind(fildes[0], (struct sockaddr *)&((struct sockaddr_un){ .sun_family = 1, .sun_path = "" }), __builtin_offsetof (struct sockaddr_un, sun_path))` passed [got Success]


test_bind_connected: `bind(fildes[1], (struct sockaddr *)&((struct sockaddr_un){ .sun_family = 1, .sun_path = "" }), __builtin_offsetof (struct sockaddr_un, sun_path))` passed [got Success]


test_bind_connected: `bind(sk, (struct sockaddr *)&((struct sockaddr_un){ .sun_family = 1, .sun_path = "\0X" }), __builtin_offsetof (struct sockaddr_un, sun_path) + 2)` passed [got Address already in use]


test_bind_connected: `close(fildes[0])` passed [got Success]


test_bind_connected: `bind(sk, (struct sockaddr *)&((struct sockaddr_un){ .sun_family = 1, .sun_path = "\0X" }), __builtin_offsetof (struct sockaddr_un, sun_path) + 2)` passed [got Success]


test_bind_connected: `getpeername(fildes[1], (struct sockaddr *)&addr, &addrlen)` passed [got Success]


test_bind_connected: `close(fildes[1])` passed [got Success]


test_bind_connected: `close(sk)` passed [got Success]


test_bind_connected summary: 16 tests passed, 0 tests failed


test_connect: `connect(sk_unbound, (struct sockaddr *)&((struct sockaddr_un){ .sun_family = 1, .sun_path = "//tmp/B0" }), (__builtin_offsetof (struct sockaddr_un, sun_path) + 9))` passed [got Connection refused]


test_connect: `connect(sk_bound, (struct sockaddr *)&((struct sockaddr_un){ .sun_family = 1, .sun_path = "//tmp/B0" }), (__builtin_offsetof (struct sockaddr_un, sun_path) + 9))` passed [got Connection refused]


test_connect: `connect(sk_listen, (struct sockaddr *)&((struct sockaddr_un){ .sun_family = 1, .sun_path = "/tmp//L0" }), (__builtin_offsetof (struct sockaddr_un, sun_path) + 9))` passed [got Invalid argument]


test_connect: `connect(sk_connected, (struct sockaddr *)&((struct sockaddr_un){ .sun_family = 1, .sun_path = "/tmp//L0" }), (__builtin_offsetof (struct sockaddr_un, sun_path) + 9))` passed [got Transport endpoint is already connected]


test_connect: `connect(sk_connected, (struct sockaddr *)&((struct sockaddr_un){ .sun_family = 1, .sun_path = "/tmp//L0" }), (__builtin_offsetof (struct sockaddr_un, sun_path) + 9))` passed [got Transport endpoint is already connected]


test_connect summary: 5 tests passed, 0 tests failed


test_listen: `listen(sk_unbound, 10)` passed [got Invalid argument]


test_listen: `listen(sk_listen, 10)` passed [got Success]


test_listen: `listen(sk_connected, 10)` passed [got Invalid argument]


test_listen: `listen(sk_accepted, 10)` passed [got Invalid argument]


test_listen summary: 4 tests passed, 0 tests failed


test_accept: `accept(sk_unbound, ((void *)0), ((void *)0))` passed [got Invalid argument]


test_accept: `accept(sk_bound, ((void *)0), ((void *)0))` passed [got Invalid argument]


test_accept: `accept(sk_connected, ((void *)0), ((void *)0))` passed [got Invalid argument]


test_accept: `accept(sk_accepted, ((void *)0), ((void *)0))` passed [got Invalid argument]


test_accept summary: 4 tests passed, 0 tests failed


test_send: `send(sk_unbound, buf, 1, 0)` passed [got Transport endpoint is not connected]


test_send: `send(sk_unbound, buf, 0, 0)` passed [got Transport endpoint is not connected]


test_send: `write(sk_unbound, buf, 1)` passed [got Transport endpoint is not connected]


test_send: `write(sk_unbound, buf, 0)` passed [got Transport endpoint is not connected]


test_send: `send(sk_bound, buf, 1, 0)` passed [got Transport endpoint is not connected]


test_send: `send(sk_bound, buf, 0, 0)` passed [got Transport endpoint is not connected]


test_send: `write(sk_bound, buf, 1)` passed [got Transport endpoint is not connected]


test_send: `write(sk_bound, buf, 0)` passed [got Transport endpoint is not connected]


test_send: `send(sk_listen, buf, 1, 0)` passed [got Transport endpoint is not connected]


test_send: `send(sk_listen, buf, 0, 0)` passed [got Transport endpoint is not connected]


test_send: `write(sk_listen, buf, 1)` passed [got Transport endpoint is not connected]


test_send: `write(sk_listen, buf, 0)` passed [got Transport endpoint is not connected]


test_send summary: 12 tests passed, 0 tests failed


test_recv: `recv(sk_unbound, buf, 1, 0)` passed [got Invalid argument]


test_recv: `recv(sk_unbound, buf, 0, 0)` passed [got Invalid argument]


test_recv: `read(sk_unbound, buf, 1)` passed [got Invalid argument]


test_recv: `read(sk_unbound, buf, 0)` passed [got Success]


test_recv: `recv(sk_bound, buf, 1, 0)` passed [got Invalid argument]


test_recv: `recv(sk_bound, buf, 0, 0)` passed [got Invalid argument]


test_recv: `read(sk_bound, buf, 1)` passed [got Invalid argument]


test_recv: `read(sk_bound, buf, 0)` passed [got Success]


test_recv: `recv(sk_listen, buf, 1, 0)` passed [got Invalid argument]


test_recv: `recv(sk_listen, buf, 0, 0)` passed [got Invalid argument]


test_recv: `read(sk_listen, buf, 1)` passed [got Invalid argument]


test_recv: `read(sk_listen, buf, 0)` passed [got Success]


test_recv: `recv(sk_connected, buf, 1, 0)` passed [got Resource temporarily unavailable]


test_recv: `recv(sk_connected, buf, 0, 0)` passed [got Resource temporarily unavailable]


test_recv: `read(sk_connected, buf, 1)` passed [got Resource temporarily unavailable]


test_recv: `read(sk_connected, buf, 0)` passed [got Success]


test_recv summary: 16 tests passed, 0 tests failed


test_blocking_connect: `socket(1, SOCK_STREAM, 0)` passed [got Success]


test_blocking_connect: `bind(sk, (struct sockaddr *)&((struct sockaddr_un){ .sun_family = 1, .sun_path = "\0" }), __builtin_offsetof (struct sockaddr_un, sun_path) + 1)` passed [got Success]


test_blocking_connect: `listen(sk, 2)` passed [got Success]


test_blocking_connect: `socket(1, SOCK_STREAM | SOCK_NONBLOCK, 0)` passed [got Success]


test_blocking_connect: `connect(sks[i], (struct sockaddr *)&((struct sockaddr_un){ .sun_family = 1, .sun_path = "\0" }), __builtin_offsetof (struct sockaddr_un, sun_path) + 1)` passed [got Success]


test_blocking_connect: `socket(1, SOCK_STREAM | SOCK_NONBLOCK, 0)` passed [got Success]


test_blocking_connect: `connect(sks[i], (struct sockaddr *)&((struct sockaddr_un){ .sun_family = 1, .sun_path = "\0" }), __builtin_offsetof (struct sockaddr_un, sun_path) + 1)` passed [got Success]


test_blocking_connect: `socket(1, SOCK_STREAM | SOCK_NONBLOCK, 0)` passed [got Success]


test_blocking_connect: `connect(sks[i], (struct sockaddr *)&((struct sockaddr_un){ .sun_family = 1, .sun_path = "\0" }), __builtin_offsetof (struct sockaddr_un, sun_path) + 1)` passed [got Success]


test_blocking_connect: `socket(1, SOCK_STREAM | SOCK_NONBLOCK, 0)` passed [got Success]


test_blocking_connect: `connect(sks[i], (struct sockaddr *)&((struct sockaddr_un){ .sun_family = 1, .sun_path = "\0" }), __builtin_offsetof (struct sockaddr_un, sun_path) + 1)` passed [got Resource temporarily unavailable]


test_blocking_connect: `close(sks[i])` passed [got Success]


test_blocking_connect: `fork()` passed [got Success]


test_blocking_connect: `0` passed [got Success]


test_blocking_connect: `socket(1, SOCK_STREAM, 0)` passed [got Success]


test_blocking_connect: `fork()` passed [got Success]


test_blocking_connect: `connect(sks[i], (struct sockaddr *)&((struct sockaddr_un){ .sun_family = 1, .sun_path = "\0" }), __builtin_offsetof (struct sockaddr_un, sun_path) + 1)` passed [got Success]


test_blocking_connect: `close(sks[i])` passed [got Success]


test_blocking_connect: `wait(((void *)0))` passed [got Success]


test_blocking_connect: `socket(1, SOCK_STREAM | SOCK_NONBLOCK, 0)` passed [got Success]


test_blocking_connect: `connect(sks[i], (struct sockaddr *)&((struct sockaddr_un){ .sun_family = 1, .sun_path = "\0" }), __builtin_offsetof (struct sockaddr_un, sun_path) + 1)` passed [got Resource temporarily unavailable]


test_blocking_connect: `close(sks[i])` passed [got Success]


test_blocking_connect: `fork()` passed [got Success]


test_blocking_connect: `0` passed [got Success]


test_blocking_connect: `socket(1, SOCK_STREAM, 0)` passed [got Success]


test_blocking_connect: `fork()` passed [got Success]


test_blocking_connect: `connect(sks[i], (struct sockaddr *)&((struct sockaddr_un){ .sun_family = 1, .sun_path = "\0" }), __builtin_offsetof (struct sockaddr_un, sun_path) + 1)` passed [got Success]


test_blocking_connect: `close(sks[i])` passed [got Success]


test_blocking_connect: `wait(((void *)0))` passed [got Success]


test_blocking_connect: `socket(1, SOCK_STREAM | SOCK_NONBLOCK, 0)` passed [got Success]


test_blocking_connect: `connect(sks[i], (struct sockaddr *)&((struct sockaddr_un){ .sun_family = 1, .sun_path = "\0" }), __builtin_offsetof (struct sockaddr_un, sun_path) + 1)` passed [got Resource temporarily unavailable]


test_blocking_connect: `close(sks[i])` passed [got Success]


test_blocking_connect: `fork()` passed [got Success]


test_blocking_connect: `close(sk)` passed [got Success]


test_blocking_connect: `socket(1, SOCK_STREAM, 0)` passed [got Success]


test_blocking_connect: `fork()` passed [got Success]


test_blocking_connect: `connect(sks[i], (struct sockaddr *)&((struct sockaddr_un){ .sun_family = 1, .sun_path = "\0" }), __builtin_offsetof (struct sockaddr_un, sun_path) + 1)` passed [got Connection refused]


test_blocking_connect: `close(sks[i])` passed [got Success]


test_blocking_connect: `wait(((void *)0))` passed [got Success]


test_blocking_connect: `close(sks[i])` passed [got Success]


test_blocking_connect: `close(sks[i])` passed [got Success]


test_blocking_connect: `close(sks[i])` passed [got Success]


test_blocking_connect summary: 39 tests passed, 0 tests failed


test_ns_path: `creat("/tmp/.good", 0644)` passed [got Success]


test_ns_path: `bind(sk_unbound, (struct sockaddr *)&((struct sockaddr_un){ .sun_family = 1, .sun_path = "/tmp/.good" }), sizeof(struct sockaddr))` passed [got Address already in use]


test_ns_path: `connect(sk_unbound, (struct sockaddr *)&((struct sockaddr_un){ .sun_family = 1, .sun_path = "/tmp/.good" }), sizeof(struct sockaddr))` passed [got Connection refused]


test_ns_path: `close(fd)` passed [got Success]


test_ns_path: `unlink("/tmp/.good")` passed [got Success]


test_ns_path: `creat("/tmp/.bad", 0000)` passed [got Success]


test_ns_path: `bind(sk_unbound, (struct sockaddr *)&((struct sockaddr_un){ .sun_family = 1, .sun_path = "/tmp/.bad" }), sizeof(struct sockaddr))` passed [got Address already in use]


test_ns_path: `connect(sk_unbound, (struct sockaddr *)&((struct sockaddr_un){ .sun_family = 1, .sun_path = "/tmp/.bad" }), sizeof(struct sockaddr))` passed [got Connection refused]


test_ns_path: `close(fd)` passed [got Success]


test_ns_path: `unlink("/tmp/.bad")` passed [got Success]


test_ns_path summary: 10 tests passed, 0 tests failed


test_ns_abs: `socket(1, SOCK_STREAM, 0)` passed [got Success]


test_ns_abs: `bind(sk, (struct sockaddr *)&((struct sockaddr_un){ .sun_family = 1, .sun_path = "" }), __builtin_offsetof (struct sockaddr_un, sun_path))` passed [got Success]


test_ns_abs: `getsockname(sk, (struct sockaddr *)&addr, &addrlen)` passed [got Success]


test_ns_abs: `socket(1, SOCK_STREAM, 0)` passed [got Success]


test_ns_abs: `bind(sk2, (struct sockaddr *)&addr, addrlen)` passed [got Address already in use]


test_ns_abs: `connect(sk2, (struct sockaddr *)&addr, addrlen)` passed [got Connection refused]


test_ns_abs: `listen(sk, 1)` passed [got Success]


test_ns_abs: `connect(sk2, (struct sockaddr *)&addr, addrlen)` passed [got Success]


test_ns_abs: `close(sk)` passed [got Success]


test_ns_abs: `close(sk2)` passed [got Success]


test_ns_abs: `socket(1, SOCK_STREAM, 0)` passed [got Success]


test_ns_abs: `connect(sk, (struct sockaddr *)&addr, addrlen)` passed [got Connection refused]


test_ns_abs: `bind(sk, (struct sockaddr *)&addr, addrlen)` passed [got Success]


test_ns_abs: `close(sk)` passed [got Success]


test_ns_abs summary: 14 tests passed, 0 tests failed


test_shutdown_connected: `socketpair(1, SOCK_STREAM, 0, fildes)` passed [got Success]


test_shutdown_connected: `shutdown(fildes[0], SHUT_RD)` passed [got Success]


test_shutdown_connected: `shutdown(fildes[0], SHUT_WR)` passed [got Success]


test_shutdown_connected: `shutdown(fildes[0], SHUT_RDWR)` passed [got Success]


test_shutdown_connected: `shutdown(fildes[0], SHUT_RD)` passed [got Success]


test_shutdown_connected: `shutdown(fildes[0], SHUT_WR)` passed [got Success]


test_shutdown_connected: `shutdown(fildes[0], SHUT_RDWR)` passed [got Success]


test_shutdown_connected: `close(fildes[0])` passed [got Success]


test_shutdown_connected: `close(fildes[1])` passed [got Success]


test_shutdown_connected summary: 9 tests passed, 0 tests failed


test_poll_unbound: `socket(1, SOCK_STREAM, 0)` passed [got Success]


test_poll_unbound: `poll(&pfd, 1, 0)` passed [got Success]


test_poll_unbound: `shutdown(sk, SHUT_WR)` passed [got Success]


test_poll_unbound: `poll(&pfd, 1, 0)` passed [got Success]


test_poll_unbound: `shutdown(sk, SHUT_RD)` passed [got Success]


test_poll_unbound: `poll(&pfd, 1, 0)` passed [got Success]


test_poll_unbound: `bind(sk, (struct sockaddr *)&((struct sockaddr_un){ .sun_family = 1, .sun_path = "\0" }), __builtin_offsetof (struct sockaddr_un, sun_path) + 1)` passed [got Success]


test_poll_unbound: `listen(sk, 10)` passed [got Success]


test_poll_unbound: `poll(&pfd, 1, 0)` passed [got Success]


test_poll_unbound: `close(sk)` passed [got Success]


test_poll_unbound summary: 10 tests passed, 0 tests failed


test_poll_listen: `socket(1, SOCK_STREAM, 0)` passed [got Success]


test_poll_listen: `bind(sk, (struct sockaddr *)&((struct sockaddr_un){ .sun_family = 1, .sun_path = "\0" }), __builtin_offsetof (struct sockaddr_un, sun_path) + 1)` passed [got Success]


test_poll_listen: `listen(sk, 10)` passed [got Success]


test_poll_listen: `poll(&pfd, 1, 0)` passed [got Success]


test_poll_listen: `shutdown(sk, SHUT_RD)` passed [got Success]


test_poll_listen: `poll(&pfd, 1, 0)` passed [got Success]


test_poll_listen: `shutdown(sk, SHUT_WR)` passed [got Success]


test_poll_listen: `poll(&pfd, 1, 0)` passed [got Success]


test_poll_listen: `close(sk)` passed [got Success]


test_poll_listen summary: 9 tests passed, 0 tests failed


test_poll_connected_close: `socketpair(1, SOCK_STREAM, 0, fildes)` passed [got Success]


test_poll_connected_close: `poll(&pfd, 1, 0)` passed [got Success]


test_poll_connected_close: `close(fildes[0])` passed [got Success]


test_poll_connected_close: `poll(&pfd, 1, 0)` passed [got Success]


test_poll_connected_close: `close(fildes[1])` passed [got Success]


test_poll_connected_close summary: 5 tests passed, 0 tests failed


test_poll_connected_shutdown: `socketpair(1, SOCK_STREAM, 0, fildes)` passed [got Success]


test_poll_connected_shutdown: `shutdown(fildes[0], SHUT_RD)` passed [got Success]


test_poll_connected_shutdown: `poll(&pfd, 1, 0)` passed [got Success]


test_poll_connected_shutdown: `poll(&pfd, 1, 0)` passed [got Success]


test_poll_connected_shutdown: `close(fildes[0])` passed [got Success]


test_poll_connected_shutdown: `close(fildes[1])` passed [got Success]


test_poll_connected_shutdown: `socketpair(1, SOCK_STREAM, 0, fildes)` passed [got Success]


test_poll_connected_shutdown: `shutdown(fildes[0], SHUT_WR)` passed [got Success]


test_poll_connected_shutdown: `poll(&pfd, 1, 0)` passed [got Success]


test_poll_connected_shutdown: `poll(&pfd, 1, 0)` passed [got Success]


test_poll_connected_shutdown: `close(fildes[0])` passed [got Success]


test_poll_connected_shutdown: `close(fildes[1])` passed [got Success]


test_poll_connected_shutdown: `socketpair(1, SOCK_STREAM, 0, fildes)` passed [got Success]


test_poll_connected_shutdown: `shutdown(fildes[0], SHUT_RDWR)` passed [got Success]


test_poll_connected_shutdown: `poll(&pfd, 1, 0)` passed [got Success]


test_poll_connected_shutdown: `poll(&pfd, 1, 0)` passed [got Success]


test_poll_connected_shutdown: `close(fildes[0])` passed [got Success]


test_poll_connected_shutdown: `close(fildes[1])` passed [got Success]


test_poll_connected_shutdown summary: 18 tests passed, 0 tests failed


test_epoll: `socket(1, SOCK_STREAM, 0)` passed [got Success]


test_epoll: `socket(1, SOCK_STREAM, 0)` passed [got Success]


test_epoll: `epoll_create1(0)` passed [got Success]


test_epoll: `epoll_ctl(epfd_listen, 1, sk2_listen, &ev)` passed [got Success]


test_epoll: `epoll_create1(0)` passed [got Success]


test_epoll: `epoll_ctl(epfd_connected, 1, sk2_connected, &ev)` passed [got Success]


test_epoll: `bind(sk2_listen, (struct sockaddr *)&((struct sockaddr_un){ .sun_family = 1, .sun_path = "\0" }), __builtin_offsetof (struct sockaddr_un, sun_path) + 1)` passed [got Success]


test_epoll: `listen(sk2_listen, 10)` passed [got Success]


test_epoll: `epoll_wait(epfd_listen, &ev, 1, 0)` passed [got Success]


test_epoll: `connect(sk2_connected, (struct sockaddr *)&((struct sockaddr_un){ .sun_family = 1, .sun_path = "\0" }), __builtin_offsetof (struct sockaddr_un, sun_path) + 1)` passed [got Success]


test_epoll: `epoll_wait(epfd_listen, &ev, 1, 0)` passed [got Success]


test_epoll: `epoll_wait(epfd_connected, &ev, 1, 0)` passed [got Success]


test_epoll: `accept(sk2_listen, ((void *)0), 0)` passed [got Success]


test_epoll: `write(sk2_accepted, "", 1)` passed [got Success]


test_epoll: `epoll_wait(epfd_connected, &ev, 1, 0)` passed [got Success]


test_epoll: `close(epfd_listen)` passed [got Success]


test_epoll: `close(epfd_connected)` passed [got Success]


test_epoll: `close(sk2_connected)` passed [got Success]


test_epoll: `close(sk2_accepted)` passed [got Success]


test_epoll: `close(sk2_listen)` passed [got Success]


test_epoll summary: 20 tests passed, 0 tests failed


test_zero_recvs_may_fail: `socketpair(1, SOCK_STREAM | SOCK_NONBLOCK, 0, fildes)` passed [got Success]


test_zero_recvs_may_fail: `recv(fildes[0], buf, 0, 0)` passed [got Resource temporarily unavailable]


test_zero_recvs_may_fail: `send(fildes[1], buf, 1, 0)` passed [got Success]


test_zero_recvs_may_fail: `recv(fildes[0], buf, 0, 0)` passed [got Success]


test_zero_recvs_may_fail: `close(fildes[0])` passed [got Success]


test_zero_recvs_may_fail: `close(fildes[1])` passed [got Success]


test_zero_recvs_may_fail summary: 6 tests passed, 0 tests failed


test_zero_sends_may_fail: `socketpair(1, SOCK_STREAM | SOCK_NONBLOCK, 0, fildes)` passed [got Success]


test_zero_sends_may_fail: `send(fildes[1], buf, 0, 0)` passed [got Success]


test_zero_sends_may_fail: `close(fildes[0])` passed [got Success]


test_zero_sends_may_fail: `send(fildes[1], buf, 0, 0)` passed [got Broken pipe]


test_zero_sends_may_fail: `close(fildes[1])` passed [got Success]


test_zero_sends_may_fail summary: 5 tests passed, 0 tests failed


test_sendto: `sendto(sk_unbound, buf, 1, 0, &((struct sockaddr_un){ .sun_family = 1, .sun_path = "/tmp//L0" }), (__builtin_offsetof (struct sockaddr_un, sun_path) + 9))` passed [got Operation not supported]


test_sendto: `sendto(sk_bound, buf, 1, 0, &((struct sockaddr_un){ .sun_family = 1, .sun_path = "/tmp/L0" }), (__builtin_offsetof (struct sockaddr_un, sun_path) + 8))` passed [got Operation not supported]


test_sendto: `sendto(sk_listen, buf, 1, 0, &((struct sockaddr_un){ .sun_family = 1, .sun_path = "//tmp/B0" }), (__builtin_offsetof (struct sockaddr_un, sun_path) + 9))` passed [got Operation not supported]


test_sendto: `sendto(sk_accepted, buf, 1, 0, &((struct sockaddr_un){ .sun_family = 1, .sun_path = "" }), __builtin_offsetof (struct sockaddr_un, sun_path))` passed [got Transport endpoint is already connected]


test_sendto summary: 4 tests passed, 0 tests failed


test_scm_rights: `socketpair(1, SOCK_STREAM | SOCK_NONBLOCK, 0, fildes)` passed [got Success]


test_scm_rights: `pipe(cfds)` passed [got Success]


test_scm_rights: `sendmsg(fildes[0], &mhdr, 0)` passed [got Success]


test_scm_rights: `send(fildes[0], buf, 4, 0)` passed [got Success]


test_scm_rights: `sendmsg(fildes[0], &mhdr, 0)` passed [got Success]


test_scm_rights: `send(fildes[0], buf, 4, 0)` passed [got Success]


test_scm_rights: `recvmsg(fildes[1], &mhdr, 0)` passed [got Success]


test_scm_rights: `recv(fildes[1], buf, sizeof(buf), 0)` passed [got Success]


test_scm_rights: `write(cfds[1], "x", 1)` passed [got Success]


test_scm_rights: `read(cdata[0], buf, 1)` passed [got Success]


test_scm_rights: `write(cfds[1], "y", 1)` passed [got Success]


test_scm_rights: `read(cdata[1], buf, 1)` passed [got Success]


test_scm_rights: `close(cdata[0])` passed [got Success]


test_scm_rights: `close(cdata[1])` passed [got Success]


test_scm_rights: `close(cfds[0])` passed [got Success]


test_scm_rights: `write(cfds[1], "y", 1)` passed [got Broken pipe]


test_scm_rights: `close(cfds[1])` passed [got Success]


test_scm_rights: `close(fildes[0])` passed [got Success]


test_scm_rights: `close(fildes[1])` passed [got Success]


test_scm_rights summary: 19 tests passed, 0 tests failed


test_passcred_in_listen_wont_inherit: `socket(1, SOCK_STREAM, 0)` passed [got Success]


test_passcred_in_listen_wont_inherit: `bind(sk2_listen, &((struct sockaddr_un){ .sun_family = 1, .sun_path = "\0abcd" }), __builtin_offsetof (struct sockaddr_un, sun_path) + 5)` passed [got Success]


test_passcred_in_listen_wont_inherit: `setsockopt(sk2_listen, 1, 16, &one, sizeof(one))` passed [got Success]


test_passcred_in_listen_wont_inherit: `listen(sk2_listen, 0)` passed [got Success]


test_passcred_in_listen_wont_inherit: `setsockopt(sk2_listen, 1, 16, &zero, sizeof(zero))` passed [got Success]


test_passcred_in_listen_wont_inherit: `socket(1, SOCK_STREAM, 0)` passed [got Success]


test_passcred_in_listen_wont_inherit: `connect(sk2_connected, &((struct sockaddr_un){ .sun_family = 1, .sun_path = "\0abcd" }), __builtin_offsetof (struct sockaddr_un, sun_path) + 5)` passed [got Success]


test_passcred_in_listen_wont_inherit: `accept(sk2_listen, ((void *)0), ((void *)0))` passed [got Success]


test_passcred_in_listen_wont_inherit: `getsockopt(sk2_accepted, 1, 16, &val, &val_len)` passed [got Success]


test_passcred_in_listen_wont_inherit: `close(sk2_listen)` passed [got Success]


test_passcred_in_listen_wont_inherit: `close(sk2_connected)` passed [got Success]


test_passcred_in_listen_wont_inherit: `close(sk2_accepted)` passed [got Success]


test_passcred_in_listen_wont_inherit summary: 12 tests passed, 0 tests failed


test_passcred_in_connect_will_inherit: `socket(1, SOCK_STREAM, 0)` passed [got Success]


test_passcred_in_connect_will_inherit: `bind(sk2_listen, &((struct sockaddr_un){ .sun_family = 1, .sun_path = "\0abcd" }), __builtin_offsetof (struct sockaddr_un, sun_path) + 5)` passed [got Success]


test_passcred_in_connect_will_inherit: `listen(sk2_listen, 0)` passed [got Success]


test_passcred_in_connect_will_inherit: `setsockopt(sk2_listen, 1, 16, &one, sizeof(one))` passed [got Success]


test_passcred_in_connect_will_inherit: `socket(1, SOCK_STREAM, 0)` passed [got Success]


test_passcred_in_connect_will_inherit: `connect(sk2_connected, &((struct sockaddr_un){ .sun_family = 1, .sun_path = "\0abcd" }), __builtin_offsetof (struct sockaddr_un, sun_path) + 5)` passed [got Success]


test_passcred_in_connect_will_inherit: `setsockopt(sk2_listen, 1, 16, &zero, sizeof(zero))` passed [got Success]


test_passcred_in_connect_will_inherit: `accept(sk2_listen, ((void *)0), ((void *)0))` passed [got Success]


test_passcred_in_connect_will_inherit: `getsockopt(sk2_accepted, 1, 16, &val, &val_len)` passed [got Success]


test_passcred_in_connect_will_inherit: `close(sk2_listen)` passed [got Success]


test_passcred_in_connect_will_inherit: `close(sk2_connected)` passed [got Success]


test_passcred_in_connect_will_inherit: `close(sk2_accepted)` passed [got Success]


test_passcred_in_connect_will_inherit summary: 12 tests passed, 0 tests failed


test_passcred_in_accept_wont_inherit: `socket(1, SOCK_STREAM, 0)` passed [got Success]


test_passcred_in_accept_wont_inherit: `bind(sk2_listen, &((struct sockaddr_un){ .sun_family = 1, .sun_path = "\0abcd" }), __builtin_offsetof (struct sockaddr_un, sun_path) + 5)` passed [got Success]


test_passcred_in_accept_wont_inherit: `listen(sk2_listen, 0)` passed [got Success]


test_passcred_in_accept_wont_inherit: `socket(1, SOCK_STREAM, 0)` passed [got Success]


test_passcred_in_accept_wont_inherit: `connect(sk2_connected, &((struct sockaddr_un){ .sun_family = 1, .sun_path = "\0abcd" }), __builtin_offsetof (struct sockaddr_un, sun_path) + 5)` passed [got Success]


test_passcred_in_accept_wont_inherit: `setsockopt(sk2_listen, 1, 16, &one, sizeof(one))` passed [got Success]


test_passcred_in_accept_wont_inherit: `accept(sk2_listen, ((void *)0), ((void *)0))` passed [got Success]


test_passcred_in_accept_wont_inherit: `getsockopt(sk2_accepted, 1, 16, &val, &val_len)` passed [got Success]


test_passcred_in_accept_wont_inherit: `close(sk2_listen)` passed [got Success]


test_passcred_in_accept_wont_inherit: `close(sk2_connected)` passed [got Success]


test_passcred_in_accept_wont_inherit: `close(sk2_accepted)` passed [got Success]


test_passcred_in_accept_wont_inherit summary: 11 tests passed, 0 tests failed


test_if_nameindex: `find_lo_and_eth0_by_libc(if_ni)` passed [got Success]


test_if_nameindex summary: 1 tests passed, 0 tests failed


test_get_link_by_libnl: `nl_connect(sock, 0)` passed [got Success]


test_get_link_by_libnl: `rtnl_link_alloc_cache(sock, 0, &link_cache)` passed [got Success]


test_get_link_by_libnl: `((nl_cache_foreach(link_cache, find_lo_and_eth0_by_libnl, &found_links)), 0)` passed [got Success]


test_get_link_by_libnl summary: 3 tests passed, 0 tests failed


test_get_loopback_address: `nl_connect(sock, 0)` passed [got Success]


test_get_loopback_address: `rtnl_addr_alloc_cache(sock, &addr_cache)` passed [got Success]


test_get_loopback_address: `((nl_cache_foreach(addr_cache, find_loopback_address, &found_loopback)), 0)` passed [got Success]


test_get_loopback_address summary: 3 tests passed, 0 tests failed


test_get_link_error: `socket(16, SOCK_RAW, 0)` passed [got Success]


test_get_link_error: `bind(sock_fd, (struct sockaddr *)&sa, sizeof(sa))` passed [got Success]


test_get_link_error: `sendmsg(sock_fd, &msg, 0)` passed [got Success]


test_get_link_error: `recv(sock_fd, buffer, 8192, 0)` passed [got Success]


test_get_link_error: `sendmsg(sock_fd, &msg, 0)` passed [got Success]


test_get_link_error: `recv(sock_fd, buffer, 8192, 0)` passed [got Success]


test_get_link_error: `sendmsg(sock_fd, &msg, 0)` passed [got Success]


test_get_link_error: `recv(sock_fd, buffer, 8192, 0)` passed [got Success]


test_get_link_error: `sendmsg(sock_fd, &msg, 0)` passed [got Success]


test_get_link_error: `recv(sock_fd, buffer, 8192, 0)` passed [got Success]


test_get_link_error: `sendmsg(sock_fd, &msg, 0)` passed [got Success]


test_get_link_error: `recv(sock_fd, buffer, 8192, 0)` passed [got Success]


test_get_link_error: `sendmsg(sock_fd, &msg, 0)` passed [got Success]


test_get_link_error: `recv(sock_fd, buffer, 8192, 0)` passed [got Success]


test_get_link_error: `sendmsg(sock_fd, &msg, 0)` passed [got Success]


test_get_link_error: `recv(sock_fd, buffer, 8192, 0)` passed [got Success]


test_get_link_error: `sendmsg(sock_fd, &msg, 0)` passed [got Success]


test_get_link_error: `recv(sock_fd, buffer, 8192, 0)` passed [got Success]


test_get_link_error: `sendmsg(sock_fd, &msg, 0)` passed [got Success]


test_get_link_error: `recv(sock_fd, buffer, 8192, 0)` passed [got Success]


test_get_link_error: `sendmsg(sock_fd, &msg, 0)` passed [got Success]


test_get_link_error: `recv(sock_fd, buffer, 8192, 0)` passed [got Success]


test_get_link_error: `sendmsg(sock_fd, &msg, 0)` passed [got Success]


test_get_link_error: `recv(sock_fd, buffer, 8192, 0)` passed [got Success]


test_get_link_error: `close(sock_fd)` passed [got Success]


test_get_link_error summary: 25 tests passed, 0 tests failed


test_get_addr_error: `socket(16, SOCK_RAW, 0)` passed [got Success]


test_get_addr_error: `bind(sock_fd, (struct sockaddr *)&sa, sizeof(sa))` passed [got Success]


test_get_addr_error: `sendmsg(sock_fd, &msg, 0)` passed [got Success]


test_get_addr_error: `recv(sock_fd, buffer, 8192, 0)` passed [got Success]


test_get_addr_error: `sendmsg(sock_fd, &msg, 0)` passed [got Success]


test_get_addr_error: `recv(sock_fd, buffer, 8192, 0)` passed [got Success]


test_get_addr_error: `find_new_addr_until_done(buffer, recv_len, &found_new_addr)` passed [got Success]


test_get_addr_error: `sendmsg(sock_fd, &msg, 0)` passed [got Success]


test_get_addr_error: `recv(sock_fd, buffer, 8192, 0)` passed [got Success]


test_get_addr_error: `find_new_addr_until_done(buffer, recv_len, &found_new_addr)` passed [got Success]


test_get_addr_error: `sendmsg(sock_fd, &msg, 0)` passed [got Success]


test_get_addr_error: `recv(sock_fd, buffer, 8192, 0)` passed [got Success]


test_get_addr_error: `find_new_addr_until_done(buffer, recv_len, &found_new_addr)` passed [got Success]


test_get_addr_error: `close(sock_fd)` passed [got Success]


test_get_addr_error summary: 14 tests passed, 0 tests failed


test_bufsize_msgsize: `socket(16, SOCK_RAW | SOCK_NONBLOCK, 0)` passed [got Success]


test_bufsize_msgsize: `send(sock_fd, &req, sizeof(req), 0)` passed [got Success]


test_bufsize_msgsize: `recv(sock_fd, buffer, 1, 0)` passed [got Success]


test_bufsize_msgsize: `recv(sock_fd, buffer, 8192, 0)` passed [got Resource temporarily unavailable]


test_bufsize_msgsize: `close(sock_fd)` passed [got Success]


test_bufsize_msgsize summary: 5 tests passed, 0 tests failed


test_enobufs: `socket(16, SOCK_RAW | SOCK_NONBLOCK, 0)` passed [got Success]


test_enobufs: `fill_receive_buffer(sock_fd, &req)` passed [got Success]


test_enobufs: `send(sock_fd, &req, sizeof(req), 0)` passed [got Success]


test_enobufs: `recv(sock_fd, buffer, 1, 0)` passed [got No buffer space available]


test_enobufs: `recv(sock_fd, buffer, 1, 0)` passed [got Success]


test_enobufs: `close(sock_fd)` passed [got Success]


test_enobufs summary: 6 tests passed, 0 tests failed


test_getsockname: `getsockname(sk_unbound, psaddr, &addrlen)` passed [got Success]


test_getsockname: `getsockname(sk_unbound, psaddr, &addrlen)` passed [got Success]


test_getsockname: `getsockname(sk_bound, psaddr, &addrlen)` passed [got Success]


test_getsockname: `getsockname(sk_connected, psaddr, &addrlen)` passed [got Success]


test_getsockname summary: 4 tests passed, 0 tests failed


test_getpeername: `getpeername(sk_unbound, psaddr, &addrlen)` passed [got Success]


test_getpeername: `getpeername(sk_bound, psaddr, &addrlen)` passed [got Success]


test_getpeername: `getpeername(sk_connected, psaddr, &addrlen)` passed [got Success]


test_getpeername summary: 3 tests passed, 0 tests failed


test_send: `send(sk_bound, buf, 1, 0)` passed [got Success]


test_send: `send(sk_bound, buf, 0, 0)` passed [got No data available]


test_send: `write(sk_bound, buf, 1)` passed [got Success]


test_send: `write(sk_bound, buf, 0)` passed [got No data available]


test_send: `send(sk_connected, buf, 1, 0)` passed [got Connection refused]


test_send: `send(sk_connected, buf, 0, 0)` passed [got No data available]


test_send: `write(sk_connected, buf, 1)` passed [got Connection refused]


test_send: `write(sk_connected, buf, 0)` passed [got No data available]


test_send summary: 8 tests passed, 0 tests failed


test_recv: `recv(sk_unbound, buf, 1, 0)` passed [got Resource temporarily unavailable]


test_recv: `recv(sk_unbound, buf, 0, 0)` passed [got Resource temporarily unavailable]


test_recv: `read(sk_unbound, buf, 1)` passed [got Resource temporarily unavailable]


test_recv: `read(sk_unbound, buf, 0)` passed [got Success]


test_recv: `recv(sk_bound, buf, 1, 0)` passed [got Resource temporarily unavailable]


test_recv: `recv(sk_bound, buf, 0, 0)` passed [got Resource temporarily unavailable]


test_recv: `read(sk_bound, buf, 1)` passed [got Resource temporarily unavailable]


test_recv: `read(sk_bound, buf, 0)` passed [got Success]


test_recv: `recv(sk_connected, buf, 1, 0)` passed [got Resource temporarily unavailable]


test_recv: `recv(sk_connected, buf, 0, 0)` passed [got Resource temporarily unavailable]


test_recv: `read(sk_connected, buf, 1)` passed [got Resource temporarily unavailable]


test_recv: `read(sk_connected, buf, 0)` passed [got Success]


test_recv summary: 12 tests passed, 0 tests failed


test_bind: `bind(sk_unbound, psaddr, addrlen - 1)` passed [got Invalid argument]


test_bind: `bind(sk_bound, psaddr, addrlen)` passed [got Invalid argument]


test_bind: `bind(sk_connected, psaddr, addrlen)` passed [got Invalid argument]


test_bind summary: 3 tests passed, 0 tests failed


test_listen: `listen(sk_unbound, 2)` passed [got Operation not supported]


test_listen: `listen(sk_bound, 2)` passed [got Operation not supported]


test_listen: `listen(sk_connected, 2)` passed [got Operation not supported]


test_listen summary: 3 tests passed, 0 tests failed


test_accept: `accept(sk_unbound, psaddr, &addrlen)` passed [got Operation not supported]


test_accept: `accept(sk_bound, psaddr, &addrlen)` passed [got Operation not supported]


test_accept: `accept(sk_connected, psaddr, &addrlen)` passed [got Operation not supported]


test_accept summary: 3 tests passed, 0 tests failed


test_poll: `poll(&pfd, 1, 0)` passed [got Success]


test_poll: `poll(&pfd, 1, 0)` passed [got Success]


test_poll: `poll(&pfd, 1, 0)` passed [got Success]


test_poll summary: 3 tests passed, 0 tests failed


test_connect: `connect(sk_connected, psaddr, addrlen)` passed [got Success]


test_connect summary: 1 tests passed, 0 tests failed


test_getsockname: `getsockname(sk_unbound, psaddr, &addrlen)` passed [got Success]


test_getsockname: `getsockname(sk_unbound, psaddr, &addrlen)` passed [got Success]


test_getsockname: `getsockname(sk_bound, psaddr, &addrlen)` passed [got Success]


test_getsockname: `getsockname(sk_connected, psaddr, &addrlen)` passed [got Success]


test_getsockname summary: 4 tests passed, 0 tests failed


test_getpeername: `getpeername(sk_unbound, psaddr, &addrlen)` passed [got Success]


test_getpeername: `getpeername(sk_bound, psaddr, &addrlen)` passed [got Success]


test_getpeername: `getpeername(sk_connected, psaddr, &addrlen)` passed [got Success]


test_getpeername summary: 3 tests passed, 0 tests failed


test_send: `send(sk_bound, buf, 1, 0)` passed [got Success]


test_send: `send(sk_bound, buf, 0, 0)` passed [got No data available]


test_send: `write(sk_bound, buf, 1)` passed [got Success]


test_send: `write(sk_bound, buf, 0)` passed [got No data available]


test_send: `send(sk_connected, buf, 1, 0)` passed [got Connection refused]


test_send: `send(sk_connected, buf, 0, 0)` passed [got No data available]


test_send: `write(sk_connected, buf, 1)` passed [got Connection refused]


test_send: `write(sk_connected, buf, 0)` passed [got No data available]


test_send summary: 8 tests passed, 0 tests failed


test_recv: `recv(sk_unbound, buf, 1, 0)` passed [got Resource temporarily unavailable]


test_recv: `recv(sk_unbound, buf, 0, 0)` passed [got Resource temporarily unavailable]


test_recv: `read(sk_unbound, buf, 1)` passed [got Resource temporarily unavailable]


test_recv: `read(sk_unbound, buf, 0)` passed [got Success]


test_recv: `recv(sk_bound, buf, 1, 0)` passed [got Resource temporarily unavailable]


test_recv: `recv(sk_bound, buf, 0, 0)` passed [got Resource temporarily unavailable]


test_recv: `read(sk_bound, buf, 1)` passed [got Resource temporarily unavailable]


test_recv: `read(sk_bound, buf, 0)` passed [got Success]


test_recv: `recv(sk_connected, buf, 1, 0)` passed [got Resource temporarily unavailable]


test_recv: `recv(sk_connected, buf, 0, 0)` passed [got Resource temporarily unavailable]


test_recv: `read(sk_connected, buf, 1)` passed [got Resource temporarily unavailable]


test_recv: `read(sk_connected, buf, 0)` passed [got Success]


test_recv summary: 12 tests passed, 0 tests failed


test_bind: `bind(sk_unbound, psaddr, addrlen - 1)` passed [got Invalid argument]


test_bind: `bind(sk_bound, psaddr, addrlen)` passed [got Invalid argument]


test_bind: `bind(sk_connected, psaddr, addrlen)` passed [got Invalid argument]


test_bind summary: 3 tests passed, 0 tests failed


test_listen: `listen(sk_unbound, 2)` passed [got Operation not supported]


test_listen: `listen(sk_bound, 2)` passed [got Operation not supported]


test_listen: `listen(sk_connected, 2)` passed [got Operation not supported]


test_listen summary: 3 tests passed, 0 tests failed


test_accept: `accept(sk_unbound, psaddr, &addrlen)` passed [got Operation not supported]


test_accept: `accept(sk_bound, psaddr, &addrlen)` passed [got Operation not supported]


test_accept: `accept(sk_connected, psaddr, &addrlen)` passed [got Operation not supported]


test_accept summary: 3 tests passed, 0 tests failed


test_poll: `poll(&pfd, 1, 0)` passed [got Success]


test_poll: `poll(&pfd, 1, 0)` passed [got Success]


test_poll: `poll(&pfd, 1, 0)` passed [got Success]


test_poll summary: 3 tests passed, 0 tests failed


test_connect: `connect(sk_connected, psaddr, addrlen)` passed [got Success]


test_connect summary: 1 tests passed, 0 tests failed


test_bind_to_group: `socket(16, SOCK_DGRAM | SOCK_NONBLOCK, 15)` passed [got Success]


test_bind_to_group: `bind(sk_new, psaddr, addrlen)` passed [got Success]


test_bind_to_group: `getsockname(sk_new, psaddr, &addrlen)` passed [got Success]


test_bind_to_group: `bind(sk_new, psaddr, addrlen)` passed [got Success]


test_bind_to_group: `getsockname(sk_new, psaddr, &addrlen)` passed [got Success]


test_bind_to_group: `bind(sk_new, psaddr, addrlen)` passed [got Success]


test_bind_to_group: `getsockname(sk_new, psaddr, &addrlen)` passed [got Success]


test_bind_to_group: `bind(sk_new, psaddr, addrlen)` passed [got Invalid argument]


test_bind_to_group: `close(sk_new)` passed [got Success]


test_bind_to_group summary: 9 tests passed, 0 tests failed


test_add_and_drop_membership: `socket(16, SOCK_DGRAM | SOCK_NONBLOCK, 15)` passed [got Success]


test_add_and_drop_membership: `setsockopt(sk_new, 270, 1, &group, sizeof(group))` passed [got Success]


test_add_and_drop_membership: `getsockname(sk_new, psaddr, &addrlen)` passed [got Success]


test_add_and_drop_membership: `recv(sk_new, buf, 1, 0)` passed [got Resource temporarily unavailable]


test_add_and_drop_membership: `bind(sk_new, psaddr, addrlen)` passed [got Success]


test_add_and_drop_membership: `getsockname(sk_new, psaddr, &addrlen)` passed [got Success]


test_add_and_drop_membership: `setsockopt(sk_new, 270, 1, &group, sizeof(group))` passed [got Success]


test_add_and_drop_membership: `getsockname(sk_new, psaddr, &addrlen)` passed [got Success]


test_add_and_drop_membership: `setsockopt(sk_new, 270, 2, &group, sizeof(group))` passed [got Success]


test_add_and_drop_membership: `getsockname(sk_new, psaddr, &addrlen)` passed [got Success]


test_add_and_drop_membership: `setsockopt(sk_new, 270, 2, &group, sizeof(group))` passed [got Success]


test_add_and_drop_membership: `close(sk_new)` passed [got Success]


test_add_and_drop_membership summary: 12 tests passed, 0 tests failed


test_getsockopt_membership: `getsockopt(sk_unbound, 270, 1, &group, &group_size)` passed [got Protocol not available]


test_getsockopt_membership: `getsockopt(sk_unbound, 270, 2, &group, &group_size)` passed [got Protocol not available]


test_getsockopt_membership: `getsockopt(sk_bound, 270, 1, &group, &group_size)` passed [got Protocol not available]


test_getsockopt_membership: `getsockopt(sk_bound, 270, 2, &group, &group_size)` passed [got Protocol not available]


test_getsockopt_membership: `getsockopt(sk_connected, 270, 1, &group, &group_size)` passed [got Protocol not available]


test_getsockopt_membership: `getsockopt(sk_connected, 270, 2, &group, &group_size)` passed [got Protocol not available]


test_getsockopt_membership summary: 6 tests passed, 0 tests failed


All test in /test/network passed.


Running test in /test/ipc


test_close_without_data_then_read: `pipe(fildes)` passed [got Success]


test_close_without_data_then_read: `close(fildes[1])` passed [got Success]


test_close_without_data_then_read: `read(fildes[0], buf, sizeof(buf))` passed [got Success]


test_close_without_data_then_read: `write(fildes[0], buf, sizeof(buf))` passed [got Bad file descriptor]


test_close_without_data_then_read: `read(fildes[0], buf, 0)` passed [got Success]


test_close_without_data_then_read: `write(fildes[0], buf, 0)` passed [got Bad file descriptor]


test_close_without_data_then_read: `close(fildes[0])` passed [got Success]


test_close_without_data_then_read summary: 7 tests passed, 0 tests failed


test_close_without_data_then_write: `pipe(fildes)` passed [got Success]


test_close_without_data_then_write: `close(fildes[0])` passed [got Success]


test_close_without_data_then_write: `read(fildes[1], buf, sizeof(buf))` passed [got Bad file descriptor]


test_close_without_data_then_write: `write(fildes[1], buf, sizeof(buf))` passed [got Broken pipe]


test_close_without_data_then_write: `read(fildes[1], buf, 0)` passed [got Bad file descriptor]


test_close_without_data_then_write: `write(fildes[1], buf, 0)` passed [got Success]


test_close_without_data_then_write: `close(fildes[1])` passed [got Success]


test_close_without_data_then_write summary: 7 tests passed, 0 tests failed


test_close_with_data_then_read: `pipe(fildes)` passed [got Success]


test_close_with_data_then_read: `write(fildes[1], "hello", 5)` passed [got Success]


test_close_with_data_then_read: `close(fildes[1])` passed [got Success]


test_close_with_data_then_read: `read(fildes[0], buf, 2)` passed [got Success]


test_close_with_data_then_read: `read(fildes[0], buf, sizeof(buf))` passed [got Success]


test_close_with_data_then_read: `read(fildes[0], buf, sizeof(buf))` passed [got Success]


test_close_with_data_then_read: `write(fildes[0], buf, sizeof(buf))` passed [got Bad file descriptor]


test_close_with_data_then_read: `read(fildes[0], buf, 0)` passed [got Success]


test_close_with_data_then_read: `write(fildes[0], buf, 0)` passed [got Bad file descriptor]


test_close_with_data_then_read: `close(fildes[0])` passed [got Success]


test_close_with_data_then_read summary: 10 tests passed, 0 tests failed


test_close_with_data_then_write: `pipe(fildes)` passed [got Success]


test_close_with_data_then_write: `write(fildes[1], "hello", 5)` passed [got Success]


test_close_with_data_then_write: `close(fildes[0])` passed [got Success]


test_close_with_data_then_write: `read(fildes[1], buf, sizeof(buf))` passed [got Bad file descriptor]


test_close_with_data_then_write: `write(fildes[1], buf, sizeof(buf))` passed [got Broken pipe]


test_close_with_data_then_write: `read(fildes[1], buf, 0)` passed [got Bad file descriptor]


test_close_with_data_then_write: `write(fildes[1], buf, 0)` passed [got Success]


test_close_with_data_then_write: `close(fildes[1])` passed [got Success]


test_close_with_data_then_write summary: 8 tests passed, 0 tests failed


test_poll_basic: `pipe(fildes)` passed [got Success]


test_poll_basic: `poll(&pfd, 1, 0)` passed [got Success]


test_poll_basic: `poll(&pfd, 1, 0)` passed [got Success]


test_poll_basic: `write(fildes[1], "hello", 5)` passed [got Success]


test_poll_basic: `poll(&pfd, 1, 0)` passed [got Success]


test_poll_basic: `poll(&pfd, 1, 0)` passed [got Success]


test_poll_basic: `read(fildes[0], buf, sizeof(buf))` passed [got Success]


test_poll_basic: `poll(&pfd, 1, 0)` passed [got Success]


test_poll_basic: `poll(&pfd, 1, 0)` passed [got Success]


test_poll_basic: `close(fildes[0])` passed [got Success]


test_poll_basic: `close(fildes[1])` passed [got Success]


test_poll_basic summary: 11 tests passed, 0 tests failed


test_close_first_then_poll: `pipe(fildes)` passed [got Success]


test_close_first_then_poll: `write(fildes[1], "hello", 5)` passed [got Success]


test_close_first_then_poll: `close(fildes[0])` passed [got Success]


test_close_first_then_poll: `poll(&pfd, 1, 0)` passed [got Success]


test_close_first_then_poll: `close(fildes[1])` passed [got Success]


test_close_first_then_poll summary: 5 tests passed, 0 tests failed


test_close_second_then_poll: `pipe(fildes)` passed [got Success]


test_close_second_then_poll: `write(fildes[1], "hello", 5)` passed [got Success]


test_close_second_then_poll: `close(fildes[1])` passed [got Success]


test_close_second_then_poll: `poll(&pfd, 1, 0)` passed [got Success]


test_close_second_then_poll: `read(fildes[0], buf, sizeof(buf))` passed [got Success]


test_close_second_then_poll: `poll(&pfd, 1, 0)` passed [got Success]


test_close_second_then_poll: `close(fildes[0])` passed [got Success]


test_close_second_then_poll summary: 7 tests passed, 0 tests failed


test_zero_reads_always_succeed: `pipe(fildes)` passed [got Success]


test_zero_reads_always_succeed: `read(fildes[0], buf, 0)` passed [got Success]


test_zero_reads_always_succeed: `write(fildes[1], buf, 1)` passed [got Success]


test_zero_reads_always_succeed: `read(fildes[0], buf, 0)` passed [got Success]


test_zero_reads_always_succeed: `close(fildes[0])` passed [got Success]


test_zero_reads_always_succeed summary: 5 tests passed, 0 tests failed


test_zero_writes_always_succeed: `pipe(fildes)` passed [got Success]


test_zero_writes_always_succeed: `write(fildes[1], buf, 0)` passed [got Success]


test_zero_writes_always_succeed: `close(fildes[0])` passed [got Success]


test_zero_writes_always_succeed: `write(fildes[1], buf, 0)` passed [got Success]


test_zero_writes_always_succeed: `close(fildes[1])` passed [got Success]


test_zero_writes_always_succeed summary: 5 tests passed, 0 tests failed


test_zero_length_positional_io_fails_on_pipe: `pipe(fildes)` passed [got Success]


test_zero_length_positional_io_fails_on_pipe: `syscall(17, fildes[0], buf, 0, 3)` passed [got Illegal seek]


test_zero_length_positional_io_fails_on_pipe: `syscall(17, fildes[1], buf, 0, 3)` passed [got Illegal seek]


test_zero_length_positional_io_fails_on_pipe: `syscall(18, fildes[1], buf, 0, 3)` passed [got Illegal seek]


test_zero_length_positional_io_fails_on_pipe: `syscall(18, fildes[0], buf, 0, 3)` passed [got Illegal seek]


test_zero_length_positional_io_fails_on_pipe: `syscall(295, fildes[0], ((void *)0), 0, 3, 0)` passed [got Illegal seek]


test_zero_length_positional_io_fails_on_pipe: `syscall(295, fildes[1], ((void *)0), 0, 3, 0)` passed [got Illegal seek]


test_zero_length_positional_io_fails_on_pipe: `syscall(296, fildes[1], ((void *)0), 0, 3, 0)` passed [got Illegal seek]


test_zero_length_positional_io_fails_on_pipe: `syscall(296, fildes[0], ((void *)0), 0, 3, 0)` passed [got Illegal seek]


test_zero_length_positional_io_fails_on_pipe: `syscall(295, fildes[0], &iov, 1, 3, 0)` passed [got Illegal seek]


test_zero_length_positional_io_fails_on_pipe: `syscall(295, fildes[1], &iov, 1, 3, 0)` passed [got Illegal seek]


test_zero_length_positional_io_fails_on_pipe: `syscall(296, fildes[1], &iov, 1, 3, 0)` passed [got Illegal seek]


test_zero_length_positional_io_fails_on_pipe: `syscall(296, fildes[0], &iov, 1, 3, 0)` passed [got Illegal seek]


test_zero_length_positional_io_fails_on_pipe: `close(fildes[0])` passed [got Success]


test_zero_length_positional_io_fails_on_pipe: `close(fildes[1])` passed [got Success]


test_zero_length_positional_io_fails_on_pipe summary: 15 tests passed, 0 tests failed


test_process_pipe_available_probe: `pipe(fildes)` passed [got Success]


test_process_pipe_available_probe: `fork()` passed [got Success]


test_process_pipe_available_probe: `close(fildes[1])` passed [got Success]


test_process_pipe_available_probe: `fork()` passed [got Success]


test_process_pipe_available_probe: `waitpid(pid, ((void *)0), 0)` passed [got Success]


test_process_pipe_available_probe: `fstat(fildes[0], &stat_buf)` passed [got Success]


test_process_pipe_available_probe: `ioctl(fildes[0], 0x541B, &pending)` passed [got Success]


test_process_pipe_available_probe: `lseek(fildes[0], 0, 1)` passed [got Illegal seek]


test_process_pipe_available_probe: `read(fildes[0], buf, sizeof(buf))` passed [got Success]


test_process_pipe_available_probe: `close(fildes[0])` passed [got Success]


test_process_pipe_available_probe summary: 9 tests passed, 0 tests failed


test_short_read_and_write: `read(rfd, buf, 2)` passed [got Bad address]


test_short_read_and_write: `read(rfd, buf, 1)` passed [got Success]


test_short_read_and_write: `write(wfd, buf, 2)` passed [got Bad address]


test_short_read_and_write: `write(wfd, buf, 1)` passed [got Success]


test_short_read_and_write summary: 4 tests passed, 0 tests failed


[Producer] send 1st Hello


[Consumer] receive 1st Hello


[Consumer] send 2nd Hello


[Producer] receive 2nd Hello


[Producer] send 3rd Hello


[Consumer] receive 3rd Hello


[Consumer] send 4th Hello


[Producer] receive 4th Hello


All test in /test/ipc passed.


Running test in /test/process





=== Section 1: Basic cgroup setup ===





==> 1.1 Change to cgroup root directory


Current directory: /sys/fs/cgroup





==> 1.2 Check initial controller attributes





==> Verify: cpuset.cpus.effective exists in root


Run: ls cpuset.cpus.effective


Got: cpuset.cpus.effective


Expected: cpuset.cpus.effective


Verified





==> Verify: cpu.stat exists in root


Run: ls cpu.stat


Got: cpu.stat


Expected: cpu.stat


Verified





==> 1.3 Create user hierarchy





==> Verify: user hierarchy exists


Run: ls -d user


Got: user


Expected: user


Verified





==> 1.4 Enter user directory


Current directory: /sys/fs/cgroup/user





==> 1.5 Check initial memory.max in child





==> Verify: memory.max doesn't exist initially


Run: ls memory.max


Got: ls: memory.max: No such file or directory


Expected: ls: memory.max: No such file or directory


Verified





==> Verify: cpu.stat exists initially in child


Run: ls cpu.stat


Got: cpu.stat


Expected: cpu.stat


Verified





==> 1.5.1 Check initial child cpu.stat only reports usage fields


cpu.stat lines before enabling CPU sub-controller: 3


Verified





==> 1.6 Check initial cgroup of process 1





==> Verify: Process 1 initially in root cgroup


Run: grep -a '0::/' /proc/1/cgroup


Got: 0::/


Expected: 0::/


Verified





==> 1.7 Check initial cgroup.events populated status





==> Verify: Initial cgroup.events populated=0


Run: grep '^populated' cgroup.events


Got: populated 0


Expected: populated 0


Verified





=== Section 2: Controller activation / deactivation ===





==> 2.1 Enable cpu, memory, and pids in root





==> Verify: root subtree_control has cpu, memory, and pids


Run: cat cgroup.subtree_control


Got: cpu memory pids


Expected: cpu memory pids


Verified





==> 2.2 Check child now has cpu, memory, and pids controller files


Current directory: /sys/fs/cgroup/user





==> Verify: cpu.stat still exists


Run: ls cpu.stat


Got: cpu.stat


Expected: cpu.stat


Verified





==> Verify: memory.max now exists


Run: ls memory.max


Got: memory.max


Expected: memory.max


Verified





==> Verify: pids.max now exists


Run: ls pids.max


Got: pids.max


Expected: pids.max


Verified





==> Verify: cpu.stat has nr_periods after enabling CPU sub-controller


Run: grep '^nr_periods ' cpu.stat


Got: nr_periods 0


Expected: nr_periods 0


Verified





==> Verify: cpu.stat has burst_usec after enabling CPU sub-controller


Run: grep '^burst_usec ' cpu.stat


Got: burst_usec 0


Expected: burst_usec 0


Verified





==> 2.2.1 Verify cpu.stat grows for a busy cgroup task


cpu.stat before measurement: usage_usec=929000 user_usec=934000


cpu.stat after measurement: usage_usec=2809000 user_usec=2814000


cpu.stat delta: usage_usec=1880000 user_usec=1880000


Verified





==> 2.3 Check child cgroup.controllers





==> Verify: child controllers are cpu, memory, and pids


Run: cat cgroup.controllers


Got: cpu memory pids


Expected: cpu memory pids


Verified





==> 2.4 Disable memory in root





==> Verify: root subtree_control removed memory


Run: cat cgroup.subtree_control


Got: cpu pids


Expected: cpu pids


Verified





==> 2.5 Check child lost memory.max after deactivation





==> Verify: memory.max removed after disabling


Run: ls memory.max


Got: ls: memory.max: No such file or directory


Expected: ls: memory.max: No such file or directory


Verified





=== Section 3: Process membership ===





==> 3.1 Bind process 1 to user hierarchy





==> Verify: Process 1 added to user hierarchy


Run: cat cgroup.procs | grep -w 1


Got: 1


Expected: 1


Verified





==> 3.2 Try enabling pids in child with process attached (expect EBUSY)





==> Verify: Cannot enable pids with process attached


Run: echo +pids > cgroup.subtree_control


Got: sh: write error: Device or resource busy


Expected: sh: write error: Device or resource busy


Verified





==> 3.3 Remove process 1 from child





==> Verify: Process 1 back in root cgroup


Run: grep -a '0::/' /proc/1/cgroup


Got: 0::/


Expected: 0::/


Verified





==> 3.4 Enable pids in child after process removed (expect success)





==> Verify: pids enabled successfully in child


Run: cat cgroup.subtree_control


Got: pids


Expected: pids


Verified





==> 3.5 Try binding process when child pids enabled (expect EBUSY)





==> Verify: Cannot bind process when child pids enabled


Run: echo 1 > cgroup.procs


Got: sh: write error: Device or resource busy


Expected: sh: write error: Device or resource busy


Verified





==> 3.6 Disable pids in child and bind process again





==> Verify: Process 1 added to user hierarchy


Run: cat cgroup.procs | grep -w 1


Got: 1


Expected: 1


Verified





=== Section 4: pids sub-controller ===





=== Section 4.1: pids.max ===





==> 4.1.1 Check default pids.max is 'max' (unlimited)





==> Verify: pids.max defaults to max


Run: cat /sys/fs/cgroup/user/pids.max


Got: max


Expected: max


Verified





==> 4.1.2 Set pids.max to a specific limit





==> Verify: pids.max set to 10


Run: cat /sys/fs/cgroup/user/pids.max


Got: 10


Expected: 10


Verified





==> 4.1.3 Reset pids.max back to unlimited





==> Verify: pids.max reset to max


Run: cat /sys/fs/cgroup/user/pids.max


Got: max


Expected: max


Verified





==> 4.1.4 Verify pids.max enforces the fork limit


Fork attempt result: fork_failed


Verified: fork was correctly rejected by pids.max





=== Section 4.2: pids.current ===





==> 4.2.1 Check pids.current with process 1 in cgroup





==> Verify: pids.current >= 1 with one process


Run: cat /sys/fs/cgroup/user/pids.current


Got: 1


Expected: >= 1


Verified





==> 4.2.2 Spawn a child process and verify pids.current increases


pids.current before fork: 1


pids.current after fork: 3





==> Verify: pids.current increased after fork


Run: cat /sys/fs/cgroup/user/pids.current


Got: 2


Expected: >= 2


Verified





==> 4.2.3 Kill child process and verify pids.current decreases





==> Verify: pids.current back to pre-fork value


Run: cat /sys/fs/cgroup/user/pids.current


Got: 1


Expected: 1


Verified





==> 4.2.4 Verify pids.current does not exceed pids.max





==> pids.current=1, pids.max=5


Verified: pids.current within pids.max





==> 4.2.5 Verify pids.current accuracy after pids controller is toggled


Processes in cgroup before toggle: 3


pids.current before toggle: 3


pids controller disabled


pids controller re-enabled


Processes in cgroup after toggle: 3


pids.current after toggle: 3


Verified: pids.current matches actual process count after controller toggle


Processes in cgroup after kill: 1


pids.current after kill: 1


Verified: pids.current matches actual process count after process exit





=== Section 4.3: pids.peak ===





==> 4.3.1 Record initial pids.peak


Initial pids.peak: 3





==> Verify: pids.peak >= 1 initially


Run: cat /sys/fs/cgroup/user/pids.peak


Got: 3


Expected: >= 1


Verified





==> 4.3.2 Spawn multiple child processes to drive pids up


pids.peak during burst: 5





==> Verify: pids.peak increased during burst


Run: cat /sys/fs/cgroup/user/pids.peak


Got: 5


Expected: >= 4


Verified





==> 4.3.3 Kill child processes





==> 4.3.4 Verify pids.peak is retained after processes exit


pids.peak after children exit: 5


Verified: pids.peak retained





=== Section 5: Teardown ===





==> 5.1 Move process 1 back to root





==> Verify: Process 1 back in root cgroup


Run: grep -a '0::' /proc/1/cgroup


Got: 0::/


Expected: 0::/


Verified





==> 5.2 Remove user hierarchy





==> Verify: user hierarchy removed


Run: ls -d user


Got: ls: user: No such file or directory


Expected: ls: user: No such file or directory


Verified


All test steps completed successfully!





==> Cleaning up


Moving process 1 back to root cgroup


Cleanup complete


Child process with pid 208


Received child exit signal


test_clone_files_and_close: `open("/dev/null", 00)` passed [got Success]


test_clone_files_and_close: `open("/dev/null", 00)` passed [got Success]


test_clone_files_and_close: `clone(&child_close, (child_stack + sizeof(child_stack) / sizeof(child_stack[0])), 0x00000400 | 17, ((void *)0), ((void *)0), ((void *)0), ((void *)0))` passed [got Success]


test_clone_files_and_close: `wait(&status)` passed [got Success]


test_clone_files_and_close: `close(fd1)` passed [got Success]


test_clone_files_and_close: `close(fd2)` passed [got Bad file descriptor]


test_clone_files_and_close summary: 6 tests passed, 0 tests failed


test_clone_normalizes_invalid_exit_signal: `syscall(56, 255UL, 0UL, 0UL, 0UL, 0UL)` passed [got Success]


test_clone_normalizes_invalid_exit_signal: `syscall(56, 255UL, 0UL, 0UL, 0UL, 0UL)` passed [got Success]


test_clone_normalizes_invalid_exit_signal: `waitpid(pid, &status, 0)` passed [got Success]


test_clone_normalizes_invalid_exit_signal summary: 2 tests passed, 0 tests failed


test_clone3_rejects_invalid_exit_signal: `sys_clone3(&args)` passed [got Invalid argument]


test_clone3_rejects_invalid_exit_signal: `sys_clone3(&args)` passed [got Invalid argument]


test_clone3_rejects_invalid_exit_signal summary: 2 tests passed, 0 tests failed


Child process with pid 214


test_clone_process: `wait4(-1, ((void *)0), 0, ((void *)0))` passed [got No child processes]


test_clone_process: `fork()` passed [got Success]


test_clone_process: `fork()` passed [got Success]


test_clone_process: `wait4(-1, &status, 0, ((void *)0))` passed [got Success]


test_clone_process: `wait4(-1, &status, 0, ((void *)0))` passed [got Success]


test_clone_process: `wait4(-1, &status, 0, ((void *)0))` passed [got Success]


test_clone_process: `wait4(-1, &status, 0, ((void *)0))` passed [got Success]


test_clone_process: `wait4(-1, ((void *)0), 0, ((void *)0))` passed [got No child processes]


test_clone_process summary: 7 tests passed, 0 tests failed


test_clone_thread: `(pipe(pipefds))` passed [got Success]


test_clone_thread: `clone(child_function, child_stack + (1024 * 1024), 0x00008000 | 0x00010000 | 0x00000100 | 0x00000800, ((void *)0))` passed [got Success]


test_clone_thread: `read(pipefds[0], buf, 1)` passed [got Success]


test_clone_thread: `clone(child_function, child_stack + (1024 * 1024), 0x00008000 | 0x00010000 | 0x00000100 | 0x00000800 | 17, ((void *)0))` passed [got Success]


test_clone_thread: `read(pipefds[0], buf, 1)` passed [got Success]


test_clone_thread: `sys_clone3(&args)` passed [got Invalid argument]


test_clone_thread: `sys_clone3(&args)` passed [got Invalid argument]


test_clone_thread summary: 7 tests passed, 0 tests failed


Parent process: child's pid 223


Parent process: child's pid 223 in parent_tid


Child process with pid 223


Current CPU affinity: 0 1 2 3


Set CPU affinity to CPU 0


New CPU affinity: 0


Execve a new file /execve/hello:


Hello world from hello.c!


argc = 2


argv1


argv2


home=/


version=1.1


test_good_exec: `do_execve_good()` passed [got Success]


test_good_exec summary: 1 tests passed, 0 tests failed


test_bad_magic: `do_execve()` passed [got Exec format error]


test_bad_magic: `do_execve()` passed [got Exec format error]


test_bad_magic: `do_execve()` passed [got Exec format error]


test_bad_magic: `do_execve()` passed [got Exec format error]


test_bad_magic summary: 4 tests passed, 0 tests failed


test_bad_machine: `do_execve()` passed [got Exec format error]


test_bad_machine summary: 1 tests passed, 0 tests failed


test_bad_type: `do_execve()` passed [got Exec format error]


test_bad_type summary: 1 tests passed, 0 tests failed


test_bad_phoff: `do_execve()` passed [got Exec format error]


test_bad_phoff summary: 1 tests passed, 0 tests failed


test_bad_phentsize: `do_execve()` passed [got Exec format error]


test_bad_phentsize: `do_execve()` passed [got Exec format error]


test_bad_phentsize summary: 2 tests passed, 0 tests failed


test_bad_phnum: `do_execve()` passed [got Exec format error]


test_bad_phnum summary: 1 tests passed, 0 tests failed


test_interp_too_long: `do_execve()` passed [got Exec format error]


test_interp_too_long summary: 1 tests passed, 0 tests failed


test_interp_missing_nul: `do_execve()` passed [got Exec format error]


test_interp_missing_nul summary: 1 tests passed, 0 tests failed


test_interp_trunc_eof: `do_execve()` passed [got Input/output error]


test_interp_trunc_eof summary: 1 tests passed, 0 tests failed


test_interp_overflow_end: `do_execve()` passed [got Invalid argument]


test_interp_overflow_end: `do_execve()` passed [got Invalid argument]


test_interp_overflow_end: `do_execve()` passed [got Invalid argument]


test_interp_overflow_end: `do_execve()` passed [got Invalid argument]


test_interp_overflow_end summary: 4 tests passed, 0 tests failed


test_interp_doesnt_exist: `do_execve()` passed [got No such file or directory]


test_interp_doesnt_exist summary: 1 tests passed, 0 tests failed


test_interp_bad_perm: `do_execve()` passed [got Permission denied]


test_interp_bad_perm summary: 1 tests passed, 0 tests failed


test_interp_bad_format: `open("/tmp/my_lib", 01 | 0100 | 01000, 0755)` passed [got Success]


test_interp_bad_format: `write(fd, "#!", 2)` passed [got Success]


test_interp_bad_format: `close(fd)` passed [got Success]


test_interp_bad_format: `do_execve()` passed [got Input/output error]


test_interp_bad_format: `truncate("/tmp/my_lib", 0x1000)` passed [got Success]


test_interp_bad_format: `do_execve()` passed [got Accessing a corrupted shared library]


test_interp_bad_format: `do_execve()` passed [got Accessing a corrupted shared library]


test_interp_bad_format: `unlink("/tmp/my_lib")` passed [got Success]


test_interp_bad_format summary: 8 tests passed, 0 tests failed


test_unaglined_offset: `do_execve_fatal()` passed [got Invalid argument]


test_unaglined_offset summary: 1 tests passed, 0 tests failed


test_unaligned_vaddr: `do_execve_fatal()` passed [got Invalid argument]


test_unaligned_vaddr summary: 1 tests passed, 0 tests failed


test_overflow_offset_plus_filesz: `do_execve_fatal()` passed [got Invalid argument]


test_overflow_offset_plus_filesz: `do_execve_fatal()` passed [got Value too large for defined data type]


test_overflow_offset_plus_filesz summary: 2 tests passed, 0 tests failed


test_overflow_vaddr_plus_memsz: `do_execve_fatal()` passed [got Cannot allocate memory]


test_overflow_vaddr_plus_memsz: `do_execve_fatal()` passed [got Cannot allocate memory]


test_overflow_vaddr_plus_memsz: `do_execve_fatal()` passed [got Cannot allocate memory]


test_overflow_vaddr_plus_memsz summary: 3 tests passed, 0 tests failed


test_underflow_vaddr: `do_execve_fatal()` passed [got Operation not permitted]


test_underflow_vaddr summary: 1 tests passed, 0 tests failed


test_memsz_larger_than_filesz summary: 0 tests passed, 0 tests failed


test_filesz_larger_than_memsz: `do_execve_fatal()` passed [got Invalid argument]


test_filesz_larger_than_memsz summary: 1 tests passed, 0 tests failed


test_good_dyn: `do_execve_good()` passed [got Success]


test_good_dyn summary: 1 tests passed, 0 tests failed


test_bad_align: `do_execve_good()` passed [got Success]


test_bad_align: `do_execve_good()` passed [got Success]


test_bad_align summary: 2 tests passed, 0 tests failed


test_large_align: `do_execve_good()` passed [got Success]


test_large_align: `do_execve_good()` passed [got Success]


test_large_align: `do_execve_fatal()` passed [got Cannot allocate memory]


test_large_align summary: 3 tests passed, 0 tests failed


test_memfd_noexec_seal: `memfd_create("test_memfd_execve", 1U | 8U)` passed [got Success]


test_memfd_noexec_seal: `fcntl(memfd, 1034)` passed [got Success]


test_memfd_noexec_seal: `fstat(memfd, &st)` passed [got Success]


test_memfd_noexec_seal: `fchmod(memfd, 0777)` passed [got Operation not permitted]


test_memfd_noexec_seal: `close(memfd)` passed [got Success]


test_memfd_noexec_seal summary: 5 tests passed, 0 tests failed


test_execveat_memfd: `open("/test/process/execve/hello", 00)` passed [got Success]


test_execveat_memfd: `memfd_create("test_memfd_execve", 1U | 2U)` passed [got Success]


test_execveat_memfd: `read(hello_fd, buffer, sizeof(buffer))` passed [got Success]


test_execveat_memfd: `write(memfd, buffer, bytes_read)` passed [got Success]


test_execveat_memfd: `read(hello_fd, buffer, sizeof(buffer))` passed [got Success]


test_execveat_memfd: `close(hello_fd)` passed [got Success]


test_execveat_memfd: `fcntl(memfd, 1033, 0x0020)` passed [got Success]


test_execveat_memfd: `fcntl(memfd, 1034)` passed [got Success]


test_execveat_memfd: `fork()` passed [got Success]


test_execveat_memfd: `fork()` passed [got Success]


Hello world from hello.c!


argc = 1


memfd_hello


PATH=/bin:/usr/bin


test_execveat_memfd: `wait4(pid, &status, 0, ((void *)0))` passed [got Success]


test_execveat_memfd summary: 10 tests passed, 0 tests failed


test_exec_in_main_thread: `fork()` passed [got Success]


test_exec_in_main_thread: `fork()` passed [got Success]


test_exec_in_main_thread: `wait4(pid, &status, 0, ((void *)0))` passed [got Success]


test_exec_in_main_thread summary: 2 tests passed, 0 tests failed


test_exec_in_slave_thread: `fork()` passed [got Success]


test_exec_in_slave_thread: `fork()` passed [got Success]


test_exec_in_slave_thread: `wait4(pid, &status, 0, ((void *)0))` passed [got Success]


test_exec_in_slave_thread summary: 2 tests passed, 0 tests failed


test_clone_files: `syscall(293, pipefds, 02000000)` passed [got Success]


test_clone_files: `syscall(292, pipefds[0], dupped_pipe_fd, 02000000)` passed [got Success]


test_clone_files: `close(pipefds[0])` passed [got Success]


test_clone_files: `sys_clone3(&args)` passed [got Success]


test_clone_files: `sys_clone3(&args)` passed [got Success]


test_clone_files: `wait4(pid, &status, 0, ((void *)0))` passed [got Success]


test_clone_files: `sys_clone3(&args)` passed [got Success]


test_clone_files: `sys_clone3(&args)` passed [got Success]


test_clone_files: `wait4(pid, &status, 0, ((void *)0))` passed [got Success]


test_clone_files: `close(dupped_pipe_fd)` passed [got Success]


test_clone_files: `close(pipefds[1])` passed [got Bad file descriptor]


test_clone_files summary: 9 tests passed, 0 tests failed


test_exit_two_threads: `wait(&stat)` passed [got Success]


test_exit_two_threads: `wait(&stat)` passed [got Success]


test_exit_two_threads: `wait(&stat)` passed [got Success]


test_exit_two_threads: `wait(&stat)` passed [got Success]


test_exit_two_threads summary: 4 tests passed, 0 tests failed


Threads:	2


Threads:	1


test_exit_procfs: `wait(&stat)` passed [got Success]


Threads:	2


Threads:	2


test_exit_procfs: `wait(&stat)` passed [got Success]


test_exit_procfs summary: 2 tests passed, 0 tests failed


Hello, world in fork


Hello world from child


Hello world from parent


before fork


after fork: Hello from parent


test_getcpu: `syscall(309, ((void *)0), ((void *)0))` passed [got Success]


test_getcpu: `syscall(309, &cpu, &node)` passed [got Success]


test_getcpu summary: 2 tests passed, 0 tests failed


after fork: Hello from child


Process 278 executed the getpid() syscall 1000000 times.


Syscall average latency: 11 nanoseconds.


Timer was set to go off every second for a total of 3 times.


Elapsed time: 3 seconds.


The actual elapsed time matches the expected time.


Caught signal 34


test_read_initial_bounding_set: `prctl(23, 21)` passed [got Success]


test_read_initial_bounding_set summary: 1 tests passed, 0 tests failed


test_read_invalid_capability: `prctl(23, 40 + 1)` passed [got Invalid argument]


test_read_invalid_capability summary: 1 tests passed, 0 tests failed


test_drop_bounding_cap: `fork()` passed [got Success]


test_drop_bounding_cap: `fork()` passed [got Success]


test_drop_bounding_cap: `waitpid(pid, &status, 0)` passed [got Success]


test_drop_bounding_cap: `prctl(23, 21)` passed [got Success]


test_drop_bounding_cap summary: 3 tests passed, 0 tests failed


test_drop_bounding_cap_without_cap_setpcap: `fork()` passed [got Success]


test_drop_bounding_cap_without_cap_setpcap: `fork()` passed [got Success]


test_drop_bounding_cap_without_cap_setpcap: `waitpid(pid, &status, 0)` passed [got Success]


test_drop_bounding_cap_without_cap_setpcap: `prctl(23, 21)` passed [got Success]


test_drop_bounding_cap_without_cap_setpcap summary: 3 tests passed, 0 tests failed


test_get_initial_securebits: `prctl(27)` passed [got Success]


test_get_initial_securebits summary: 1 tests passed, 0 tests failed


test_set_and_get_keep_caps: `prctl(27)` passed [got Success]


test_set_and_get_keep_caps: `prctl(28, initial_bits | ((1 << (4))))` passed [got Success]


test_set_and_get_keep_caps: `prctl(27)` passed [got Success]


test_set_and_get_keep_caps: `prctl(28, initial_bits & ~((1 << (4))))` passed [got Success]


test_set_and_get_keep_caps: `prctl(27)` passed [got Success]


test_set_and_get_keep_caps: `prctl(28, initial_bits)` passed [got Success]


test_set_and_get_keep_caps summary: 6 tests passed, 0 tests failed


test_set_multiple_bits: `prctl(27)` passed [got Success]


test_set_multiple_bits: `prctl(28, initial_bits | combined_bits)` passed [got Success]


test_set_multiple_bits: `prctl(27)` passed [got Success]


test_set_multiple_bits: `prctl(28, initial_bits)` passed [got Success]


test_set_multiple_bits summary: 4 tests passed, 0 tests failed


test_lock_keep_caps_bit: `prctl(27)` passed [got Success]


test_lock_keep_caps_bit: `prctl(28, initial_bits | ((1 << (4))) | ((1 << (5))))` passed [got Success]


test_lock_keep_caps_bit: `prctl(27)` passed [got Success]


test_lock_keep_caps_bit: `prctl(28, initial_bits & ~((1 << (4))))` passed [got Operation not permitted]


test_lock_keep_caps_bit: `prctl(28, initial_bits & ~((1 << (5))))` passed [got Operation not permitted]


test_lock_keep_caps_bit: `prctl(27)` passed [got Success]


test_lock_keep_caps_bit summary: 6 tests passed, 0 tests failed


Process 285 is now a child subreaper


Process 285 has_child_subreaper: 1


Parent process: PID=285, PPID=106


Child process: PID=286, PPID=285


Grandchild process: PID=287, PPID=286


Child process 286 exiting


Parent process 285: child 286 exited


Parent process 285 waiting for grandchild


Grandchild process 287 exiting


Parent process 285: grandchild 287 exited with status 0


Parent process 285: no more children to wait for


Main thread: Mutex locked.


Thread: Trying to lock mutex...


Main thread: Signal sent to the thread.


Main thread: Mutex unlocked.


Thread: Got the mutex!


Thread: Exiting.


All tests passed.


test_ptrace_signal_stop_wait_continue: `fork()` passed [got Success]


test_ptrace_signal_stop_wait_continue: `fork()` passed [got Success]


test_ptrace_signal_stop_wait_continue: `waitpid(pid, &status, 0)` passed [got Success]


test_ptrace_signal_stop_wait_continue: `ptrace(PTRACE_CONT, pid, 0, 0)` passed [got Success]


test_ptrace_signal_stop_wait_continue: `waitpid(pid, &status, 0)` passed [got Success]


test_ptrace_signal_stop_wait_continue summary: 4 tests passed, 0 tests failed


test_ptrace_sigkill_interrupts_ptrace_stop: `fork()` passed [got Success]


test_ptrace_sigkill_interrupts_ptrace_stop: `fork()` passed [got Success]


test_ptrace_sigkill_interrupts_ptrace_stop: `waitpid(pid, &status, 0)` passed [got Success]


test_ptrace_sigkill_interrupts_ptrace_stop: `kill(pid, 9)` passed [got Success]


test_ptrace_sigkill_interrupts_ptrace_stop: `waitpid(pid, &status, 0)` passed [got Success]


test_ptrace_sigkill_interrupts_ptrace_stop summary: 4 tests passed, 0 tests failed


test_ptrace_execve_reports_sigtrap: `fork()` passed [got Success]


test_ptrace_execve_reports_sigtrap: `fork()` passed [got Success]


test_ptrace_execve_reports_sigtrap: `waitpid(pid, &status, 0)` passed [got Success]


test_ptrace_execve_reports_sigtrap: `ptrace(PTRACE_CONT, pid, 0, 0)` passed [got Success]


test_ptrace_execve_reports_sigtrap: `waitpid(pid, &status, 0)` passed [got Success]


test_ptrace_execve_reports_sigtrap summary: 4 tests passed, 0 tests failed


test_ptrace_tracer_exit_does_not_reinject_waited_signal: `prctl(36, 1)` passed [got Success]


test_ptrace_tracer_exit_does_not_reinject_waited_signal: `pipe(pid_pipe)` passed [got Success]


test_ptrace_tracer_exit_does_not_reinject_waited_signal: `fork()` passed [got Success]


test_ptrace_tracer_exit_does_not_reinject_waited_signal: `close(pid_pipe[1])` passed [got Success]


test_ptrace_tracer_exit_does_not_reinject_waited_signal: `fork()` passed [got Success]


test_ptrace_tracer_exit_does_not_reinject_waited_signal: `read(pid_pipe[0], &tracee_pid, sizeof(tracee_pid))` passed [got Success]


test_ptrace_tracer_exit_does_not_reinject_waited_signal: `close(pid_pipe[0])` passed [got Success]


test_ptrace_tracer_exit_does_not_reinject_waited_signal: `waitpid(tracer_pid, &status, 0)` passed [got Success]


test_ptrace_tracer_exit_does_not_reinject_waited_signal: `waitpid(tracee_pid, &status, 0)` passed [got Success]


test_ptrace_tracer_exit_does_not_reinject_waited_signal summary: 8 tests passed, 0 tests failed


test_ptrace_tracer_exit_reinjects_unwaited_signal: `prctl(36, 1)` passed [got Success]


test_ptrace_tracer_exit_reinjects_unwaited_signal: `pipe(pid_pipe)` passed [got Success]


test_ptrace_tracer_exit_reinjects_unwaited_signal: `fork()` passed [got Success]


test_ptrace_tracer_exit_reinjects_unwaited_signal: `close(pid_pipe[1])` passed [got Success]


test_ptrace_tracer_exit_reinjects_unwaited_signal: `fork()` passed [got Success]


test_ptrace_tracer_exit_reinjects_unwaited_signal: `read(pid_pipe[0], &tracee_pid, sizeof(tracee_pid))` passed [got Success]


test_ptrace_tracer_exit_reinjects_unwaited_signal: `close(pid_pipe[0])` passed [got Success]


test_ptrace_tracer_exit_reinjects_unwaited_signal: `waitpid(tracer_pid, &status, 0)` passed [got Success]


test_ptrace_tracer_exit_reinjects_unwaited_signal: `waitpid(tracee_pid, &status, 0)` passed [got Success]


test_ptrace_tracer_exit_reinjects_unwaited_signal summary: 8 tests passed, 0 tests failed


test_ptrace_cont_injects_signal: `fork()` passed [got Success]


test_ptrace_cont_injects_signal: `fork()` passed [got Success]


test_ptrace_cont_injects_signal: `waitpid(pid, &status, 0)` passed [got Success]


test_ptrace_cont_injects_signal: `ptrace(PTRACE_CONT, pid, 0, 12)` passed [got Success]


test_ptrace_cont_injects_signal: `waitpid(pid, &status, 0)` passed [got Success]


test_ptrace_cont_injects_signal summary: 4 tests passed, 0 tests failed


test_ptrace_tracee_exit_without_stop: `fork()` passed [got Success]


test_ptrace_tracee_exit_without_stop: `fork()` passed [got Success]


test_ptrace_tracee_exit_without_stop: `waitpid(pid, &status, 0)` passed [got Success]


test_ptrace_tracee_exit_without_stop summary: 2 tests passed, 0 tests failed


test_ptrace_proc_pid_status_reports_tracer_pid: `fork()` passed [got Success]


test_ptrace_proc_pid_status_reports_tracer_pid: `fork()` passed [got Success]


test_ptrace_proc_pid_status_reports_tracer_pid: `waitpid(pid, &status, 0)` passed [got Success]


test_ptrace_proc_pid_status_reports_tracer_pid: `read_tracer_pid(pid)` passed [got Success]


test_ptrace_proc_pid_status_reports_tracer_pid: `ptrace(PTRACE_CONT, pid, 0, 0)` passed [got Success]


test_ptrace_proc_pid_status_reports_tracer_pid: `waitpid(pid, &status, 0)` passed [got Success]


test_ptrace_proc_pid_status_reports_tracer_pid summary: 5 tests passed, 0 tests failed


test_ptrace_invalid_op_fails_with_eio: `fork()` passed [got Success]


test_ptrace_invalid_op_fails_with_eio: `fork()` passed [got Success]


test_ptrace_invalid_op_fails_with_eio: `waitpid(pid, &status, 0)` passed [got Success]


test_ptrace_invalid_op_fails_with_eio: `ptrace(0x3c3c3c3c, pid, 0, 0)` passed [got Input/output error]


test_ptrace_invalid_op_fails_with_eio: `ptrace(PTRACE_CONT, pid, 0, 0)` passed [got Success]


test_ptrace_invalid_op_fails_with_eio: `waitpid(pid, &status, 0)` passed [got Success]


test_ptrace_invalid_op_fails_with_eio summary: 5 tests passed, 0 tests failed


test_ptrace_double_traceme_fails_with_eperm: `fork()` passed [got Success]


test_ptrace_double_traceme_fails_with_eperm: `fork()` passed [got Success]


test_ptrace_double_traceme_fails_with_eperm: `waitpid(pid, &status, 0)` passed [got Success]


test_ptrace_double_traceme_fails_with_eperm summary: 2 tests passed, 0 tests failed


test_ptrace_cont_non_stopped_tracee_fails_with_esrch: `fork()` passed [got Success]


test_ptrace_cont_non_stopped_tracee_fails_with_esrch: `fork()` passed [got Success]


test_ptrace_cont_non_stopped_tracee_fails_with_esrch: `ptrace(PTRACE_CONT, pid, 0, 0)` passed [got No such process]


test_ptrace_cont_non_stopped_tracee_fails_with_esrch: `kill(pid, 9)` passed [got Success]


test_ptrace_cont_non_stopped_tracee_fails_with_esrch: `waitpid(pid, &status, 0)` passed [got Success]


test_ptrace_cont_non_stopped_tracee_fails_with_esrch summary: 4 tests passed, 0 tests failed


test_ptrace_wait_nohang_on_running_tracee: `fork()` passed [got Success]


test_ptrace_wait_nohang_on_running_tracee: `fork()` passed [got Success]


test_ptrace_wait_nohang_on_running_tracee: `waitpid(pid, &status, 0)` passed [got Success]


test_ptrace_wait_nohang_on_running_tracee: `ptrace(PTRACE_CONT, pid, 0, 0)` passed [got Success]


test_ptrace_wait_nohang_on_running_tracee: `waitpid(pid, &status, 1)` passed [got Success]


test_ptrace_wait_nohang_on_running_tracee: `kill(pid, 9)` passed [got Success]


test_ptrace_wait_nohang_on_running_tracee: `waitpid(pid, &status, 0)` passed [got Success]


test_ptrace_wait_nohang_on_running_tracee summary: 6 tests passed, 0 tests failed


test_ptrace_wait_nowait_does_not_consume_ptrace_stop: `fork()` passed [got Success]


test_ptrace_wait_nowait_does_not_consume_ptrace_stop: `fork()` passed [got Success]


test_ptrace_wait_nowait_does_not_consume_ptrace_stop: `waitid(P_PID, pid, &info, 2 | 0x01000000)` passed [got Success]


test_ptrace_wait_nowait_does_not_consume_ptrace_stop: `waitpid(pid, &status, 0)` passed [got Success]


test_ptrace_wait_nowait_does_not_consume_ptrace_stop: `ptrace(PTRACE_CONT, pid, 0, 0)` passed [got Success]


test_ptrace_wait_nowait_does_not_consume_ptrace_stop: `waitpid(pid, &status, 0)` passed [got Success]


test_ptrace_wait_nowait_does_not_consume_ptrace_stop summary: 5 tests passed, 0 tests failed


test_ptrace_multiple_tracees: `fork()` passed [got Success]


test_ptrace_multiple_tracees: `fork()` passed [got Success]


test_ptrace_multiple_tracees: `fork()` passed [got Success]


test_ptrace_multiple_tracees: `fork()` passed [got Success]


test_ptrace_multiple_tracees: `fork()` passed [got Success]


test_ptrace_multiple_tracees: `fork()` passed [got Success]


test_ptrace_multiple_tracees: `fork()` passed [got Success]


test_ptrace_multiple_tracees: `fork()` passed [got Success]


test_ptrace_multiple_tracees: `fork()` passed [got Success]


test_ptrace_multiple_tracees: `fork()` passed [got Success]


test_ptrace_multiple_tracees: `fork()` passed [got Success]


test_ptrace_multiple_tracees: `fork()` passed [got Success]


test_ptrace_multiple_tracees: `fork()` passed [got Success]


test_ptrace_multiple_tracees: `waitpid(0, &status, 0)` passed [got Success]


test_ptrace_multiple_tracees: `found` passed [got Success]


test_ptrace_multiple_tracees: `waitpid(0, &status, 0)` passed [got Success]


test_ptrace_multiple_tracees: `found` passed [got Success]


test_ptrace_multiple_tracees: `waitpid(0, &status, 0)` passed [got Success]


test_ptrace_multiple_tracees: `found` passed [got Success]


test_ptrace_multiple_tracees: `waitpid(0, &status, 0)` passed [got Success]


test_ptrace_multiple_tracees: `found` passed [got Success]


test_ptrace_multiple_tracees: `waitpid(0, &status, 0)` passed [got Success]


test_ptrace_multiple_tracees: `found` passed [got Success]


test_ptrace_multiple_tracees: `fork()` passed [got Success]


test_ptrace_multiple_tracees: `waitpid(0, &status, 0)` passed [got Success]


test_ptrace_multiple_tracees: `found` passed [got Success]


test_ptrace_multiple_tracees: `fork()` passed [got Success]


test_ptrace_multiple_tracees: `waitpid(0, &status, 0)` passed [got Success]


test_ptrace_multiple_tracees: `found` passed [got Success]


test_ptrace_multiple_tracees: `fork()` passed [got Success]


test_ptrace_multiple_tracees: `waitpid(0, &status, 0)` passed [got Success]


test_ptrace_multiple_tracees: `found` passed [got Success]


test_ptrace_multiple_tracees: `ptrace(PTRACE_CONT, pids[i], 0, 0)` passed [got Success]


test_ptrace_multiple_tracees: `ptrace(PTRACE_CONT, pids[i], 0, 0)` passed [got Success]


test_ptrace_multiple_tracees: `ptrace(PTRACE_CONT, pids[i], 0, 0)` passed [got Success]


test_ptrace_multiple_tracees: `ptrace(PTRACE_CONT, pids[i], 0, 0)` passed [got Success]


test_ptrace_multiple_tracees: `ptrace(PTRACE_CONT, pids[i], 0, 0)` passed [got Success]


test_ptrace_multiple_tracees: `ptrace(PTRACE_CONT, pids[i], 0, 0)` passed [got Success]


test_ptrace_multiple_tracees: `ptrace(PTRACE_CONT, pids[i], 0, 0)` passed [got Success]


test_ptrace_multiple_tracees: `ptrace(PTRACE_CONT, pids[i], 0, 0)` passed [got Success]


test_ptrace_multiple_tracees: `waitpid(0, &status, 0)` passed [got Success]


test_ptrace_multiple_tracees: `found` passed [got Success]


test_ptrace_multiple_tracees: `waitpid(0, &status, 0)` passed [got Success]


test_ptrace_multiple_tracees: `found` passed [got Success]


test_ptrace_multiple_tracees: `waitpid(0, &status, 0)` passed [got Success]


test_ptrace_multiple_tracees: `found` passed [got Success]


test_ptrace_multiple_tracees: `waitpid(0, &status, 0)` passed [got Success]


test_ptrace_multiple_tracees: `found` passed [got Success]


test_ptrace_multiple_tracees: `waitpid(0, &status, 0)` passed [got Success]


test_ptrace_multiple_tracees: `found` passed [got Success]


test_ptrace_multiple_tracees: `waitpid(0, &status, 0)` passed [got Success]


test_ptrace_multiple_tracees: `found` passed [got Success]


test_ptrace_multiple_tracees: `waitpid(0, &status, 0)` passed [got Success]


test_ptrace_multiple_tracees: `found` passed [got Success]


test_ptrace_multiple_tracees: `waitpid(0, &status, 0)` passed [got Success]


test_ptrace_multiple_tracees: `found` passed [got Success]


test_ptrace_multiple_tracees summary: 48 tests passed, 0 tests failed


test_sched_attr: `sched_getattr(0, &attr.sched, 48 - 1, 0)` passed [got Invalid argument]


test_sched_attr: `sched_getattr(0, &attr.sched, 4096 + 1, 0)` passed [got Invalid argument]


test_sched_attr: `sched_getattr(0, &attr.sched, 48, 0)` passed [got Success]


test_sched_attr: `sched_getattr(0, &attr.sched, sizeof(attr.sched), 0)` passed [got Success]


test_sched_attr: `sched_getattr(0, &attr.sched, sizeof(attr.buf), 0)` passed [got Success]


test_sched_attr: `sched_setattr(0, &attr.sched, 0)` passed [got Argument list too long]


test_sched_attr: `sched_setattr(0, &attr.sched, 0)` passed [got Argument list too long]


test_sched_attr: `sched_setattr(0, &attr.sched, 0)` passed [got Success]


test_sched_attr: `sched_setattr(0, &attr.sched, 0)` passed [got Success]


test_sched_attr: `sched_setattr(0, &attr.sched, 0)` passed [got Success]


test_sched_attr: `sched_setattr(0, &attr.sched, 0)` passed [got Argument list too long]


test_sched_attr: `sched_setattr(0, &attr.sched, 0)` passed [got Argument list too long]


test_sched_attr: `sched_setattr(0, &attr.sched, 0)` passed [got Argument list too long]


test_sched_attr: `sched_setattr(0, &attr.sched, 0)` passed [got Argument list too long]


test_sched_attr: `sched_setattr(0, &attr.sched, 0)` passed [got Argument list too long]


test_sched_attr: `sched_setattr(0, &attr.sched, 0)` passed [got Argument list too long]


test_sched_attr: `sched_setattr(0, &attr.sched, 0)` passed [got Argument list too long]


test_sched_attr: `sched_setattr(0, &attr.sched, 0)` passed [got Argument list too long]


test_sched_attr: `sched_setattr(0, &attr.sched, 0)` passed [got Argument list too long]


test_sched_attr: `sched_setattr(0, &attr.sched, 0)` passed [got Argument list too long]


test_sched_attr: `sched_setattr(0, &attr.sched, 0)` passed [got Argument list too long]


test_sched_attr: `sched_setattr(0, &attr.sched, 0)` passed [got Argument list too long]


test_sched_attr: `sched_setattr(0, &attr.sched, 0)` passed [got Argument list too long]


test_sched_attr summary: 23 tests passed, 0 tests failed


test_sched_param: `sched_getscheduler(-100)` passed [got Invalid argument]


test_sched_param: `sched_getscheduler(1234567890)` passed [got No such process]


test_sched_param: `sched_getscheduler(0)` passed [got Success]


test_sched_param: `sched_getparam(0, ((void *)0))` passed [got Invalid argument]


test_sched_param: `sched_getparam(0, (void *)1)` passed [got Bad address]


test_sched_param: `sched_getparam(0, &param)` passed [got Success]


test_sched_param: `sched_setscheduler(0, 1, ((void *)0))` passed [got Invalid argument]


test_sched_param: `sched_setscheduler(0, 1, (void *)1)` passed [got Bad address]


test_sched_param: `sched_setscheduler(0, 1234567890, &param)` passed [got Invalid argument]


test_sched_param: `sched_setscheduler(-100, 1, &param)` passed [got Invalid argument]


test_sched_param: `sched_setscheduler(1234567890, 1, &param)` passed [got No such process]


test_sched_param: `sched_setscheduler(0, 1, &param)` passed [got Success]


test_sched_param: `sched_getscheduler(0)` passed [got Success]


test_sched_param: `sched_getparam(0, &param)` passed [got Success]


test_sched_param: `sched_setparam(0, ((void *)0))` passed [got Invalid argument]


test_sched_param: `sched_setparam(0, (void *)1)` passed [got Bad address]


test_sched_param: `sched_setparam(-100, &param)` passed [got Invalid argument]


test_sched_param: `sched_setparam(1234567890, &param)` passed [got No such process]


test_sched_param: `sched_setparam(0, &param)` passed [got Invalid argument]


test_sched_param: `sched_setparam(0, &param)` passed [got Success]


test_sched_param: `sched_getparam(0, &param)` passed [got Success]


test_sched_param summary: 21 tests passed, 0 tests failed


test_sched_prio_limit: `sched_get_priority_max(-100)` passed [got Invalid argument]


test_sched_prio_limit: `sched_get_priority_max(1234567890)` passed [got Invalid argument]


test_sched_prio_limit: `sched_get_priority_min(-100)` passed [got Invalid argument]


test_sched_prio_limit: `sched_get_priority_min(1234567890)` passed [got Invalid argument]


test_sched_prio_limit: `sched_get_priority_max(0)` passed [got Success]


test_sched_prio_limit: `sched_get_priority_min(0)` passed [got Success]


test_sched_prio_limit: `sched_get_priority_max(1)` passed [got Success]


test_sched_prio_limit: `sched_get_priority_min(1)` passed [got Success]


test_sched_prio_limit: `sched_get_priority_max(2)` passed [got Success]


test_sched_prio_limit: `sched_get_priority_min(2)` passed [got Success]


test_sched_prio_limit: `sched_get_priority_max(5)` passed [got Success]


test_sched_prio_limit: `sched_get_priority_min(5)` passed [got Success]


test_sched_prio_limit summary: 12 tests passed, 0 tests failed


Test completed


test_kill_dead_process: `getpid()` passed [got Success]


test_kill_dead_process: `fork()` passed [got Success]


test_kill_dead_process: `fork()` passed [got Success]


test_kill_dead_process: `kill(ppid, 17)` passed [got Success]


test_kill_dead_process: `kill(-ppid, 17)` passed [got Success]


test_kill_dead_process: `kill(cpid, 17)` passed [got Success]


test_kill_dead_process: `kill(-cpid, 17)` passed [got No such process]


test_kill_dead_process: `wait(&status)` passed [got Success]


test_kill_dead_process summary: 7 tests passed, 0 tests failed


test_kill_dead_group: `getpid()` passed [got Success]


test_kill_dead_group: `fork()` passed [got Success]


test_kill_dead_group: `fork()` passed [got Success]


test_kill_dead_group: `kill(ppid, 17)` passed [got Success]


test_kill_dead_group: `kill(-ppid, 17)` passed [got Success]


test_kill_dead_group: `kill(cpid, 17)` passed [got Success]


test_kill_dead_group: `kill(-cpid, 17)` passed [got Success]


test_kill_dead_group: `wait(&status)` passed [got Success]


test_kill_dead_group summary: 7 tests passed, 0 tests failed


test_kill_dead_thread: `fork()` passed [got Success]


test_kill_dead_thread: `fork()` passed [got Success]


test_kill_dead_thread: `kill(cpid, 17)` passed [got Success]


test_kill_dead_thread: `tgkill(cpid, cpid, 17)` passed [got Success]


test_kill_dead_thread: `syscall(200, cpid, 17)` passed [got Success]


test_kill_dead_thread: `kill(cpid, 9)` passed [got Success]


test_kill_dead_thread: `wait(&status)` passed [got Success]


test_kill_dead_thread summary: 6 tests passed, 0 tests failed


Parent PID: 330


CHild PID: 331


child process receives SIGTERM


test_pidfd_send_signal_errnos: `pidfd_send_signal(process_pidfd, sig, &siginfo, (1UL << 2))` passed [got Operation not permitted]


test_pidfd_send_signal_errnos: `pidfd_send_signal(process_pidfd, sig + 1, &siginfo, 0)` passed [got Invalid argument]


test_pidfd_send_signal_errnos summary: 2 tests passed, 0 tests failed


test_pidfd_send_signal_process: `pidfd_send_signal(process_pidfd, sig, &siginfo, 0)` passed [got Success]


test_pidfd_send_signal_process: `waitid(P_PID, process_pid, ((void *)0), 0x01000000 | 4)` passed [got Success]


test_pidfd_send_signal_process summary: 2 tests passed, 0 tests failed


test_pidfd_send_signal_self_process_group: `fork()` passed [got Success]


test_pidfd_send_signal_self_process_group: `fork()` passed [got Success]


test_pidfd_send_signal_self_process_group: `waitpid(pid, &stat, 0)` passed [got Success]


test_pidfd_send_signal_self_process_group summary: 2 tests passed, 0 tests failed


test_pidfd_send_signal_self_thread_group: `fork()` passed [got Success]


test_pidfd_send_signal_self_thread_group: `fork()` passed [got Success]


test_pidfd_send_signal_self_thread_group: `waitpid(pid, &stat, 0)` passed [got Success]


test_pidfd_send_signal_self_thread_group summary: 2 tests passed, 0 tests failed


test_pidfd_send_signal_self_process_group_non_main_thread: `fork()` passed [got Success]


test_pidfd_send_signal_self_process_group_non_main_thread: `fork()` passed [got Success]


test_pidfd_send_signal_self_process_group_non_main_thread: `waitpid(pid, &stat, 0)` passed [got Success]


test_pidfd_send_signal_self_process_group_non_main_thread summary: 2 tests passed, 0 tests failed


test_receive_ignored_signal: `signal(10, ((__sighandler_t) 1))` passed [got Success]


test_receive_ignored_signal: `signal(12, ((__sighandler_t) 1))` passed [got Success]


test_receive_ignored_signal: `raise(10)` passed [got Success]


test_receive_ignored_signal: `raise(12)` passed [got Success]


test_receive_ignored_signal: `read(sfd, &fdsi, sizeof(fdsi))` passed [got Success]


test_receive_ignored_signal: `read(sfd, &fdsi, sizeof(fdsi))` passed [got Success]


test_receive_ignored_signal summary: 6 tests passed, 0 tests failed


test_ignored_signal_does_not_interrupt: `pipe(pipefds)` passed [got Success]


test_ignored_signal_does_not_interrupt: `fork()` passed [got Success]


test_ignored_signal_does_not_interrupt: `close(pipefds[0])` passed [got Success]


test_ignored_signal_does_not_interrupt: `fork()` passed [got Success]


test_ignored_signal_does_not_interrupt: `kill(pid, 12)` passed [got Success]


test_ignored_signal_does_not_interrupt: `kill(pid, 10)` passed [got Success]


test_ignored_signal_does_not_interrupt: `write(pipefds[1], buf, sizeof(buf))` passed [got Success]


test_ignored_signal_does_not_interrupt: `wait4(pid, &status, 0, ((void *)0))` passed [got Success]


test_ignored_signal_does_not_interrupt: `close(pipefds[1])` passed [got Success]


test_ignored_signal_does_not_interrupt summary: 8 tests passed, 0 tests failed


test_poll_sigchld: `sigprocmask(0, &mask2, ((void *)0))` passed [got Success]


test_poll_sigchld: `signalfd(-1, &mask2, SFD_NONBLOCK)` passed [got Success]


test_poll_sigchld: `fork()` passed [got Success]


test_poll_sigchld: `fork()` passed [got Success]


test_poll_sigchld: `poll(&pfd, 1, -1)` passed [got Success]


test_poll_sigchld: `read(sfd2, &fdsi, sizeof(fdsi))` passed [got Success]


test_poll_sigchld: `wait4(pid, &status, 0, ((void *)0))` passed [got Success]


test_poll_sigchld: `close(sfd2)` passed [got Success]


test_poll_sigchld summary: 7 tests passed, 0 tests failed


test_close_and_reopen_sfd: `raise(10)` passed [got Success]


test_close_and_reopen_sfd: `poll(&pfd, 1, -1)` passed [got Success]


test_close_and_reopen_sfd: `close(sfd)` passed [got Success]


test_close_and_reopen_sfd: `poll(&pfd, 1, -1)` passed [got Success]


test_close_and_reopen_sfd: `read(sfd, &fdsi, sizeof(fdsi))` passed [got Success]


test_close_and_reopen_sfd summary: 5 tests passed, 0 tests failed


test_kill_thread: `getpid()` passed [got Success]


test_kill_thread: `tgkill(pid, pid, 10)` passed [got Success]


test_kill_thread: `read(sfd, &fdsi, sizeof(fdsi))` passed [got Success]


test_kill_thread summary: 3 tests passed, 0 tests failed


test_kill_thread_and_process: `getpid()` passed [got Success]


test_kill_thread_and_process: `tgkill(pid, pid, 10)` passed [got Success]


test_kill_thread_and_process: `kill(pid, 10)` passed [got Success]


test_kill_thread_and_process: `read(sfd, fdsi, 2 * sizeof(struct signalfd_siginfo))` passed [got Success]


test_kill_thread_and_process summary: 4 tests passed, 0 tests failed


test_kill_process_and_thread: `getpid()` passed [got Success]


test_kill_process_and_thread: `kill(pid, 10)` passed [got Success]


test_kill_process_and_thread: `tgkill(pid, pid, 10)` passed [got Success]


test_kill_process_and_thread: `read(sfd, fdsi, 2 * sizeof(struct signalfd_siginfo))` passed [got Success]


test_kill_process_and_thread summary: 4 tests passed, 0 tests failed


test_tgkill_other_thread: `pthread_create(&tid, ((void *)0), thread_func, ((void *)0))` passed [got Success]


test_tgkill_other_thread: `read(sfd, &fdsi, sizeof(fdsi))` passed [got Success]


test_tgkill_other_thread summary: 2 tests passed, 0 tests failed


test_blocking_syscall_dequeue_ignored_signals: `pipe(pipefds)` passed [got Success]


test_blocking_syscall_dequeue_ignored_signals: `sigprocmask(2, &mask2, ((void *)0))` passed [got Success]


test_blocking_syscall_dequeue_ignored_signals: `pthread_create(&tid, ((void *)0), thread_func2, (void *)pipefds)` passed [got Success]


test_blocking_syscall_dequeue_ignored_signals: `signal(12, ((__sighandler_t) 1))` passed [got Success]


test_blocking_syscall_dequeue_ignored_signals: `sigprocmask(2, &mask2, ((void *)0))` passed [got Success]


test_blocking_syscall_dequeue_ignored_signals: `read(pipefds[0], &real_tid, sizeof(real_tid))` passed [got Success]


test_blocking_syscall_dequeue_ignored_signals: `tgkill(getpid(), real_tid, 12)` passed [got Success]


test_blocking_syscall_dequeue_ignored_signals: `kill(getpid(), 12)` passed [got Success]


test_blocking_syscall_dequeue_ignored_signals: `sigpending(&sigset)` passed [got Success]


test_blocking_syscall_dequeue_ignored_signals: `write(pipefds[1], buf, sizeof(buf))` passed [got Success]


test_blocking_syscall_dequeue_ignored_signals: `pthread_join(tid, ((void *)0))` passed [got Success]


test_blocking_syscall_dequeue_ignored_signals: `close(pipefds[0])` passed [got Success]


test_blocking_syscall_dequeue_ignored_signals: `close(pipefds[1])` passed [got Success]


test_blocking_syscall_dequeue_ignored_signals summary: 13 tests passed, 0 tests failed


test_kill_blocked_and_ignored: `sigprocmask(0, &sigs, ((void *)0))` passed [got Success]


test_kill_blocked_and_ignored: `kill(getpid(), 17)` passed [got Success]


test_kill_blocked_and_ignored: `sigprocmask(1, &sigs, ((void *)0))` passed [got Success]


test_kill_blocked_and_ignored summary: 3 tests passed, 0 tests failed


test_kill_blocked_not_ignored: `sigprocmask(0, &sigs, ((void *)0))` passed [got Success]


test_kill_blocked_not_ignored: `kill(getpid(), 17)` passed [got Success]


test_kill_blocked_not_ignored: `sigprocmask(1, &sigs, ((void *)0))` passed [got Success]


test_kill_blocked_not_ignored summary: 3 tests passed, 0 tests failed


test_change_blocked_to_ignored: `sigprocmask(0, &sigs, ((void *)0))` passed [got Success]


test_change_blocked_to_ignored: `kill(getpid(), 17)` passed [got Success]


test_change_blocked_to_ignored: `sigprocmask(1, &sigs, ((void *)0))` passed [got Success]


test_change_blocked_to_ignored summary: 3 tests passed, 0 tests failed


test_of_exception_to_sigsegv: `fork()` passed [got Success]


test_of_exception_to_sigsegv: `fork()` passed [got Success]


test_of_exception_to_sigsegv: `waitpid(pid, &status, 0)` passed [got Success]


test_of_exception_to_sigsegv summary: 2 tests passed, 0 tests failed


test_ss_exception_to_sigsegv: `fork()` passed [got Success]


test_ss_exception_to_sigsegv: `fork()` passed [got Success]


test_ss_exception_to_sigsegv: `waitpid(pid, &status, 0)` passed [got Success]


test_ss_exception_to_sigsegv summary: 2 tests passed, 0 tests failed


test_br_exception_cannot_be_generated: `fork()` passed [got Success]


test_br_exception_cannot_be_generated: `fork()` passed [got Success]


test_br_exception_cannot_be_generated: `waitpid(pid, &status, 0)` passed [got Success]


test_br_exception_cannot_be_generated: `fork()` passed [got Success]


test_br_exception_cannot_be_generated: `fork()` passed [got Success]


test_br_exception_cannot_be_generated: `waitpid(pid, &status, 0)` passed [got Success]


test_br_exception_cannot_be_generated: `fork()` passed [got Success]


test_br_exception_cannot_be_generated: `fork()` passed [got Success]


test_br_exception_cannot_be_generated: `waitpid(pid, &status, 0)` passed [got Success]


test_br_exception_cannot_be_generated summary: 6 tests passed, 0 tests failed


test_default_stack: `sigaltstack(((void *)0), &default_stack)` passed [got Success]


test_raise_with_sigstack_disabled: `raise(10)` passed [got Success]


test_raise_with_sigstack_disabled summary: 1 tests passed, 0 tests failed


test_alt_stack: `sigaltstack(&alt_stack, ((void *)0))` passed [got Success]


test_alt_stack summary: 1 tests passed, 0 tests failed


test_raise_with_sigstack_enabled: `raise(10)` passed [got Success]


test_raise_with_sigstack_enabled summary: 1 tests passed, 0 tests failed


test_flag_ss_disable: `sigaltstack(((void *)0), &alt_stack)` passed [got Success]


test_flag_ss_disable: `sigaltstack(&alt_stack, ((void *)0))` passed [got Success]


test_flag_ss_disable: `raise(10)` passed [got Success]


test_flag_ss_disable: `sigaltstack(((void *)0), &alt_stack)` passed [got Success]


test_flag_ss_disable summary: 4 tests passed, 0 tests failed


test_flag_ss_autodisarm: `sigaltstack(&alt_stack, ((void *)0))` passed [got Success]


test_flag_ss_autodisarm: `raise(10)` passed [got Success]


test_flag_ss_autodisarm: `sigaltstack(((void *)0), &alt_stack)` passed [got Success]


test_flag_ss_autodisarm summary: 3 tests passed, 0 tests failed


test_stack_flags_in_uc_context: `sigaction(12, &sa, ((void *)0))` passed [got Success]


test_stack_flags_in_uc_context: `sigaltstack(&alt_stack, ((void *)0))` passed [got Cannot allocate memory]


test_stack_flags_in_uc_context: `sigaltstack(&alt_stack, ((void *)0))` passed [got Success]


test_stack_flags_in_uc_context: `raise(12)` passed [got Success]


test_stack_flags_in_uc_context: `sigaltstack(&alt_stack, ((void *)0))` passed [got Success]


test_stack_flags_in_uc_context: `raise(12)` passed [got Success]


test_stack_flags_in_uc_context: `sigaltstack(&alt_stack, ((void *)0))` passed [got Success]


test_stack_flags_in_uc_context: `raise(12)` passed [got Success]


test_stack_flags_in_uc_context: `sigaltstack(&alt_stack, ((void *)0))` passed [got Success]


test_stack_flags_in_uc_context: `raise(12)` passed [got Success]


test_stack_flags_in_uc_context: `sigaltstack(&alt_stack, ((void *)0))` passed [got Success]


test_stack_flags_in_uc_context: `raise(12)` passed [got Success]


test_stack_flags_in_uc_context: `sigaltstack(&alt_stack, ((void *)0))` passed [got Success]


test_stack_flags_in_uc_context: `raise(12)` passed [got Success]


test_stack_flags_in_uc_context summary: 14 tests passed, 0 tests failed


In signal: xmm8 = 0x00000000000000000000000000000000


After signal: xmm8 = 0xdeadbeefdeadbeefcafebabecafebabe


All tests passed


Hello from SIGIO signal handler (recursion_level = 0)!


Hello from SIGIO signal handler (recursion_level = 1)!


Hello from SIGIO signal handler (recursion_level = 2)!


Hello from SIGIO signal handler (recursion_level = 3)!


SIGFPE Caught


Signal handler successfully jumped over the divide-by-zero instruction


SIGSEGV Caught


Signal handler successfully jumped over a null-dereferencing instruction


Run a parent process has pid = 355


create a new process successfully (pid = 356)


sigchld = 1


Hello from SIGPIPE signal handler on the alternate signal stack (recursion_level = 0)


Hello from SIGPIPE signal handler on the alternate signal stack (recursion_level = 1)


Hello from SIGPIPE signal handler on the alternate signal stack (recursion_level = 2)


SIGSEGV Caught


SIGSEGV Caught


Hello from SIGIO signal handler (recursion_level = 0)!


Hello from SIGIO signal handler (recursion_level = 1)!


Hello from SIGIO signal handler (recursion_level = 2)!


Hello from SIGIO signal handler (recursion_level = 3)!


test_sigtrap: `trap_brkpt()` passed [got Success]


test_sigtrap: `trap_trace()` passed [got Success]


test_sigtrap summary: 2 tests passed, 0 tests failed


test_setpgid_invalid: `setpgid(-1, current)` passed [got Invalid argument]


test_setpgid_invalid: `setpgid(current, -1)` passed [got Invalid argument]


test_setpgid_invalid: `setpgid(child1, child2)` passed [got Operation not permitted]


test_setpgid_invalid: `setpgid(child2, child1)` passed [got Operation not permitted]


test_setpgid_invalid: `setpgid(child1, 0x3c3c3c3c)` passed [got Operation not permitted]


test_setpgid_invalid: `setpgid(child2, 0x3c3c3c3c)` passed [got Operation not permitted]


test_setpgid_invalid: `setpgid(0x3c3c3c3c, current)` passed [got No such process]


test_setpgid_invalid: `setpgid(0x3c3c3c3c, current)` passed [got No such process]


test_setpgid_invalid: `setpgid(getppid(), 0)` passed [got No such process]


test_setpgid_invalid: `setpgid(getppid(), 0x3c3c3c3c)` passed [got No such process]


test_setpgid_invalid summary: 10 tests passed, 0 tests failed


test_setpgid_getpgid: `setpgid(0, 0)` passed [got Success]


test_setpgid_getpgid: `setpgid(0, current)` passed [got Success]


test_setpgid_getpgid: `setpgid(current, 0)` passed [got Success]


test_setpgid_getpgid: `setpgid(current, getpid())` passed [got Success]


test_setpgid_getpgid: `setpgid(child1, child2)` passed [got Operation not permitted]


test_setpgid_getpgid: `setpgid(child2, child1)` passed [got Operation not permitted]


test_setpgid_getpgid: `getpgid(current)` passed [got Success]


test_setpgid_getpgid: `getpgid(child1)` passed [got Success]


test_setpgid_getpgid: `getpgid(child2)` passed [got Success]


test_setpgid_getpgid: `setpgid(child1, 0)` passed [got Success]


test_setpgid_getpgid: `getpgid(current)` passed [got Success]


test_setpgid_getpgid: `getpgid(child1)` passed [got Success]


test_setpgid_getpgid: `getpgid(child2)` passed [got Success]


test_setpgid_getpgid: `setpgid(child2, child1)` passed [got Success]


test_setpgid_getpgid: `getpgid(current)` passed [got Success]


test_setpgid_getpgid: `getpgid(child1)` passed [got Success]


test_setpgid_getpgid: `getpgid(child2)` passed [got Success]


test_setpgid_getpgid: `setpgid(child1, current)` passed [got Success]


test_setpgid_getpgid: `getpgid(current)` passed [got Success]


test_setpgid_getpgid: `getpgid(child1)` passed [got Success]


test_setpgid_getpgid: `getpgid(child2)` passed [got Success]


test_setpgid_getpgid: `setpgid(child1, child1)` passed [got Success]


test_setpgid_getpgid: `getpgid(current)` passed [got Success]


test_setpgid_getpgid: `getpgid(child1)` passed [got Success]


test_setpgid_getpgid: `getpgid(child2)` passed [got Success]


test_setpgid_getpgid summary: 25 tests passed, 0 tests failed


test_setsid_group_leader: `setsid()` passed [got Operation not permitted]


test_setsid_group_leader: `setpgid(child1, current)` passed [got Success]


test_setsid_group_leader: `setpgid(current, child1)` passed [got Success]


test_setsid_group_leader: `getpgid(current)` passed [got Success]


test_setsid_group_leader: `getpgid(child1)` passed [got Success]


test_setsid_group_leader: `getpgid(child2)` passed [got Success]


test_setsid_group_leader: `setsid()` passed [got Operation not permitted]


test_setsid_group_leader summary: 7 tests passed, 0 tests failed


test_setsid: `setpgid(child1, child1)` passed [got Success]


test_setsid: `getpgid(current)` passed [got Success]


test_setsid: `getpgid(child1)` passed [got Success]


test_setsid: `getpgid(child2)` passed [got Success]


test_setsid: `setsid()` passed [got Success]


test_setsid summary: 5 tests passed, 0 tests failed


test_setsid_session_leader: `setsid()` passed [got Operation not permitted]


test_setsid_session_leader summary: 1 tests passed, 0 tests failed


test_setpgid_two_sessions: `setpgid(child1, child1)` passed [got Operation not permitted]


test_setpgid_two_sessions: `setpgid(child2, child2)` passed [got Operation not permitted]


test_setpgid_two_sessions: `setpgid(child1, current)` passed [got Operation not permitted]


test_setpgid_two_sessions: `setpgid(child2, current)` passed [got Operation not permitted]


test_setpgid_two_sessions: `setpgid(child2, child1)` passed [got Operation not permitted]


test_setpgid_two_sessions summary: 5 tests passed, 0 tests failed


test_getpgid_two_sessions: `getpgid(current)` passed [got Success]


test_getpgid_two_sessions: `getpgid(child1)` passed [got Success]


test_getpgid_two_sessions: `getpgid(child2)` passed [got Success]


test_getpgid_two_sessions summary: 3 tests passed, 0 tests failed


test_getsid_two_sessions: `getsid(current)` passed [got Success]


test_getsid_two_sessions: `getsid(child1)` passed [got Success]


test_getsid_two_sessions: `getsid(child2)` passed [got Success]


test_getsid_two_sessions summary: 3 tests passed, 0 tests failed


test_getpgid_invalid: `getpgid(-1)` passed [got No such process]


test_getpgid_invalid: `getpgid(0x3c3c3c3c)` passed [got No such process]


test_getpgid_invalid summary: 2 tests passed, 0 tests failed


test_getsid_invalid: `getsid(-1)` passed [got No such process]


test_getsid_invalid: `getsid(0x3c3c3c3c)` passed [got No such process]


test_getsid_invalid summary: 2 tests passed, 0 tests failed


test_not_our_tty: `ioctl(master, 0x5422)` passed [got Inappropriate ioctl for device]


test_not_our_tty: `ioctl(slave, 0x5422)` passed [got Inappropriate ioctl for device]


test_not_our_tty: `ioctl(0, 0x5422)` passed [got Inappropriate ioctl for device]


test_not_our_tty: `ioctl(master, 0x5429, &arg)` passed [got Inappropriate ioctl for device]


test_not_our_tty: `ioctl(slave, 0x5429, &arg)` passed [got Inappropriate ioctl for device]


test_not_our_tty: `ioctl(0, 0x5429, &arg)` passed [got Inappropriate ioctl for device]


test_not_our_tty: `ioctl(master, 0x540F, &arg)` passed [got Success]


test_not_our_tty: `ioctl(slave, 0x540F, &arg)` passed [got Inappropriate ioctl for device]


test_not_our_tty: `ioctl(0, 0x540F, &arg)` passed [got Inappropriate ioctl for device]


test_not_our_tty: `ioctl(master, 0x5410, &arg)` passed [got Inappropriate ioctl for device]


test_not_our_tty: `ioctl(slave, 0x5410, &arg)` passed [got Inappropriate ioctl for device]


test_not_our_tty: `ioctl(0, 0x5410, &arg)` passed [got Inappropriate ioctl for device]


test_not_our_tty summary: 12 tests passed, 0 tests failed


test_not_our_tty: `ioctl(master, 0x5422)` passed [got Inappropriate ioctl for device]


test_not_our_tty: `ioctl(slave, 0x5422)` passed [got Inappropriate ioctl for device]


test_not_our_tty: `ioctl(0, 0x5422)` passed [got Inappropriate ioctl for device]


test_not_our_tty: `ioctl(master, 0x5429, &arg)` passed [got Inappropriate ioctl for device]


test_not_our_tty: `ioctl(slave, 0x5429, &arg)` passed [got Inappropriate ioctl for device]


test_not_our_tty: `ioctl(0, 0x5429, &arg)` passed [got Inappropriate ioctl for device]


test_not_our_tty: `ioctl(master, 0x540F, &arg)` passed [got Success]


test_not_our_tty: `ioctl(slave, 0x540F, &arg)` passed [got Inappropriate ioctl for device]


test_not_our_tty: `ioctl(0, 0x540F, &arg)` passed [got Inappropriate ioctl for device]


test_not_our_tty: `ioctl(master, 0x5410, &arg)` passed [got Inappropriate ioctl for device]


test_not_our_tty: `ioctl(slave, 0x5410, &arg)` passed [got Inappropriate ioctl for device]


test_not_our_tty: `ioctl(0, 0x5410, &arg)` passed [got Inappropriate ioctl for device]


test_not_our_tty summary: 12 tests passed, 0 tests failed


test_nonleader_set_tty: `ioctl(master, 0x540E, 0)` passed [got Operation not permitted]


test_nonleader_set_tty: `ioctl(slave, 0x540E, 0)` passed [got Operation not permitted]


test_nonleader_set_tty: `ioctl(0, 0x540E, 0)` passed [got Operation not permitted]


test_nonleader_set_tty summary: 3 tests passed, 0 tests failed


test_leader_set_unset_tty: `ioctl(master, 0x540E, 0)` passed [got Success]


test_leader_set_unset_tty: `ioctl(master, 0x5429, &arg)` passed [got Success]


test_leader_set_unset_tty: `ioctl(slave, 0x5429, &arg)` passed [got Success]


test_leader_set_unset_tty: `ioctl(master, 0x540E, 0)` passed [got Success]


test_leader_set_unset_tty: `ioctl(slave, 0x540E, 0)` passed [got Success]


test_leader_set_unset_tty: `ioctl(0, 0x540E, 0)` passed [got Operation not permitted]


test_leader_set_unset_tty: `ioctl(master, 0x5422)` passed [got Inappropriate ioctl for device]


test_leader_set_unset_tty: `ioctl(slave, 0x5422)` passed [got Success]


test_leader_set_unset_tty: `ioctl(master, 0x5429, &arg)` passed [got Inappropriate ioctl for device]


test_leader_set_unset_tty: `ioctl(slave, 0x5429, &arg)` passed [got Inappropriate ioctl for device]


test_leader_set_unset_tty: `ioctl(slave, 0x540E, 0)` passed [got Success]


test_leader_set_unset_tty: `ioctl(master, 0x5429, &arg)` passed [got Success]


test_leader_set_unset_tty: `ioctl(slave, 0x5429, &arg)` passed [got Success]


test_leader_set_unset_tty summary: 13 tests passed, 0 tests failed


test_query_foreground: `ioctl(master, 0x540F, &arg)` passed [got Success]


test_query_foreground: `ioctl(master, 0x540F, &arg)` passed [got Success]


test_query_foreground: `ioctl(slave, 0x540F, &arg)` passed [got Success]


test_query_foreground: `ioctl(slave, 0x540F, &arg)` passed [got Success]


test_query_foreground summary: 2 tests passed, 0 tests failed


test_query_foreground summary: 2 tests passed, 0 tests failed


test_set_foreground: `ioctl(master, 0x5410, &arg)` passed [got Success]


test_set_foreground: `ioctl(slave, 0x540F, &arg)` passed [got Success]


test_set_foreground: `ioctl(master, 0x5410, &arg)` passed [got Success]


test_set_foreground: `ioctl(slave, 0x540F, &arg)` passed [got Success]


test_set_foreground: `ioctl(slave, 0x5410, &arg)` passed [got Success]


test_set_foreground: `ioctl(master, 0x540F, &arg)` passed [got Success]


test_set_foreground: `ioctl(slave, 0x5410, &arg)` passed [got Success]


test_set_foreground: `ioctl(master, 0x540F, &arg)` passed [got Success]


test_set_foreground: `usleep(100 * 1000)` passed [got Success]


test_set_foreground: `usleep(100 * 1000)` passed [got Success]


test_set_foreground summary: 9 tests passed, 0 tests failed


test_set_foreground: `ioctl(master, 0x5410, &arg)` passed [got Success]


test_set_foreground: `ioctl(slave, 0x540F, &arg)` passed [got Success]


test_set_foreground: `ioctl(master, 0x5410, &arg)` passed [got Success]


test_set_foreground: `ioctl(slave, 0x540F, &arg)` passed [got Success]


test_set_foreground: `ioctl(slave, 0x5410, &arg)` passed [got Success]


test_set_foreground: `ioctl(master, 0x540F, &arg)` passed [got Success]


test_set_foreground: `ioctl(slave, 0x5410, &arg)` passed [got Success]


test_set_foreground: `ioctl(master, 0x540F, &arg)` passed [got Success]


test_set_foreground summary: 9 tests passed, 0 tests failed


test_pidfd_open: `syscall(434, child_pid, 0)` passed [got Success]


test_pidfd_open summary: 1 tests passed, 0 tests failed


test_read_write: `read(pid_fd, buf, 1)` passed [got Invalid argument]


test_read_write: `pread(pid_fd, buf, 1, 0)` passed [got Invalid argument]


test_read_write: `write(pid_fd, "a", 1)` passed [got Invalid argument]


test_read_write: `pwrite(pid_fd, "b", 1, 0)` passed [got Invalid argument]


test_read_write summary: 4 tests passed, 0 tests failed


test_set_nonblocking: `fcntl(pid_fd, 3, 0)` passed [got Success]


test_set_nonblocking: `fcntl(pid_fd, 4, flags | 04000)` passed [got Success]


test_set_nonblocking: `fcntl(pid_fd, 3, 0)` passed [got Success]


test_set_nonblocking summary: 3 tests passed, 0 tests failed


test_file_stat: `fstat(pid_fd, &file_info)` passed [got Success]


test_file_stat summary: 1 tests passed, 0 tests failed


test_poll: `poll(&pfd, 1, 0)` passed [got Success]


test_poll: `kill(child_pid, 9)` passed [got Success]


test_poll: `poll(&pfd, 1, 0)` passed [got Success]


test_poll summary: 3 tests passed, 0 tests failed


test_wait: `waitid(3, pid_fd, ((void *)0), 4 | 0x01000000)` passed [got Success]


test_wait: `poll(&pfd, 1, 0)` passed [got Success]


test_wait: `waitid(3, pid_fd, ((void *)0), 4)` passed [got Success]


test_wait: `poll(&pfd, 1, 0)` passed [got Success]


test_wait: `waitid(3, pid_fd, ((void *)0), 1 | 4)` passed [got No child processes]


test_wait: `waitid(3, 100, ((void *)0), 1 | 4)` passed [got Bad file descriptor]


test_wait: `waitid(3, -100, ((void *)0), 1 | 4)` passed [got Invalid argument]


test_wait summary: 7 tests passed, 0 tests failed


test_pidfd_getfd_valid: `mmap(((void *)0), size, 0x1 | 0x2, 0x01 | 0x20, -1, 0)` passed [got Success]


test_pidfd_getfd_valid: `fork()` passed [got Success]


test_pidfd_getfd_valid: `fork()` passed [got Success]


test_pidfd_getfd_valid: `pidfd_open(pid, 0)` passed [got Success]


test_pidfd_getfd_valid: `pidfd_getfd(pidfd, fd, 0)` passed [got Success]


test_pidfd_getfd_valid: `pread(target_fd, buffer, sizeof(buffer), 0)` passed [got Success]


test_pidfd_getfd_valid: `munmap((void *)shared_fd, size)` passed [got Success]


test_pidfd_getfd_valid: `close(target_fd)` passed [got Success]


test_pidfd_getfd_valid: `close(pidfd)` passed [got Success]


test_pidfd_getfd_valid: `unlink(TESTFILE)` passed [got Success]


test_pidfd_getfd_valid: `kill(pid, 9)` passed [got Success]


test_pidfd_getfd_valid: `waitpid(pid, ((void *)0), 0)` passed [got Success]


test_pidfd_getfd_valid summary: 11 tests passed, 0 tests failed


test_pidfd_getfd_after_child_exits: `fork()` passed [got Success]


test_pidfd_getfd_after_child_exits: `fork()` passed [got Success]


test_pidfd_getfd_after_child_exits: `waitid(P_PID, pid, ((void *)0), 0x01000000 | 4)` passed [got Success]


test_pidfd_getfd_after_child_exits: `pidfd_open(pid, 0)` passed [got Success]


test_pidfd_getfd_after_child_exits: `pidfd_getfd(pidfd, fd, 0)` passed [got No such process]


test_pidfd_getfd_after_child_exits: `waitpid(pid, ((void *)0), 0)` passed [got Success]


test_pidfd_getfd_after_child_exits: `pidfd_getfd(pidfd, fd, 0)` passed [got No such process]


test_pidfd_getfd_after_child_exits: `close(pidfd)` passed [got Success]


test_pidfd_getfd_after_child_exits summary: 7 tests passed, 0 tests failed


test_pidfd_getfd_errnos: `fork()` passed [got Success]


test_pidfd_getfd_errnos: `fork()` passed [got Success]


test_pidfd_getfd_errnos: `waitid(P_PID, pid, ((void *)0), 0x01000000 | 4)` passed [got Success]


test_pidfd_getfd_errnos: `pidfd_open(pid, 0)` passed [got Success]


test_pidfd_getfd_errnos: `pidfd_getfd(invalid_pidfd, fd, 0)` passed [got Bad file descriptor]


test_pidfd_getfd_errnos: `pidfd_getfd(pidfd, -1, 0)` passed [got No such process]


test_pidfd_getfd_errnos: `pidfd_getfd(pidfd, fd, 1)` passed [got Invalid argument]


test_pidfd_getfd_errnos: `waitpid(pid, ((void *)0), 0)` passed [got Success]


test_pidfd_getfd_errnos: `close(pidfd)` passed [got Success]


test_pidfd_getfd_errnos summary: 8 tests passed, 0 tests failed


test_stop_child: `kill(pid, 19)` passed [got Success]


test_stop_child: `wait4(pid, &status, 0x00000002, ((void *)0))` passed [got Success]


test_stop_child: `wait4(pid, &status, 0x00000002 | 0x00000001, ((void *)0))` passed [got Success]


test_stop_child summary: 3 tests passed, 0 tests failed


test_continue_child: `kill(pid, 18)` passed [got Success]


test_continue_child: `wait4(pid, &status, 0x00000008, ((void *)0))` passed [got Success]


test_continue_child: `wait4(pid, &status, 0x00000008 | 0x00000001, ((void *)0))` passed [got Success]


test_continue_child summary: 3 tests passed, 0 tests failed


test_wait_nowait: `kill(pid, 19)` passed [got Success]


test_wait_nowait: `wait4(pid, &status, 0x00000002 | 0x01000000, ((void *)0))` passed [got Invalid argument]


test_wait_nowait: `wait4(pid, &status, 0x00000002, ((void *)0))` passed [got Success]


test_wait_nowait: `wait4(pid, &status, 0x00000002 | 0x00000001, ((void *)0))` passed [got Success]


test_wait_nowait: `kill(pid, 18)` passed [got Success]


test_wait_nowait: `wait4(pid, &status, 0x00000008 | 0x01000000, ((void *)0))` passed [got Invalid argument]


test_wait_nowait: `wait4(pid, &status, 0x00000008, ((void *)0))` passed [got Success]


test_wait_nowait: `wait4(pid, &status, 0x00000008 | 0x00000001, ((void *)0))` passed [got Success]


test_wait_nowait summary: 8 tests passed, 0 tests failed


test_wait_stopped_and_continued: `kill(pid, 19)` passed [got Success]


test_wait_stopped_and_continued: `kill(pid, 18)` passed [got Success]


test_wait_stopped_and_continued: `wait4(pid, &status, 0x00000002 | 0x00000008, ((void *)0))` passed [got Success]


test_wait_stopped_and_continued: `wait4(pid, &status, 0x00000002 | 0x00000008 | 0x00000001, ((void *)0))` passed [got Success]


test_wait_stopped_and_continued summary: 4 tests passed, 0 tests failed


test_continue_not_stopped: `kill(pid, 18)` passed [got Success]


test_continue_not_stopped: `wait4(pid, &status, 0x00000008 | 0x00000001, ((void *)0))` passed [got Success]


test_continue_not_stopped summary: 2 tests passed, 0 tests failed


test_stop_continue_continue: `kill(pid, 19)` passed [got Success]


test_stop_continue_continue: `kill(pid, 18)` passed [got Success]


test_stop_continue_continue: `kill(pid, 18)` passed [got Success]


test_stop_continue_continue: `wait4(pid, &status, 0x00000002 | 0x00000001, ((void *)0))` passed [got Success]


test_stop_continue_continue: `wait4(pid, &status, 0x00000002 | 0x00000008, ((void *)0))` passed [got Success]


test_stop_continue_continue: `wait4(pid, &status, 0x00000002 | 0x00000008 | 0x00000001, ((void *)0))` passed [got Success]


test_stop_continue_continue summary: 6 tests passed, 0 tests failed


test_stop_continue_stop: `kill(pid, 19)` passed [got Success]


test_stop_continue_stop: `kill(pid, 18)` passed [got Success]


test_stop_continue_stop: `kill(pid, 19)` passed [got Success]


test_stop_continue_stop: `wait4(pid, &status, 0x00000008 | 0x00000001, ((void *)0))` passed [got Success]


test_stop_continue_stop: `wait4(pid, &status, 0x00000002, ((void *)0))` passed [got Success]


test_stop_continue_stop: `wait4(pid, &status, 0x00000002 | 0x00000001, ((void *)0))` passed [got Success]


test_stop_continue_stop: `kill(pid, 18)` passed [got Success]


test_stop_continue_stop: `wait4(pid, &status, 0x00000008, ((void *)0))` passed [got Success]


test_stop_continue_stop: `wait4(pid, &status, 0x00000008 | 0x00000002 | 0x00000001, ((void *)0))` passed [got Success]


test_stop_continue_stop summary: 9 tests passed, 0 tests failed


test_stop_stopped: `kill(pid, 19)` passed [got Success]


test_stop_stopped: `wait4(pid, &status, 0x00000002, ((void *)0))` passed [got Success]


test_stop_stopped: `kill(pid, 19)` passed [got Success]


test_stop_stopped: `wait4(pid, &status, 0x00000002 | 0x00000001, ((void *)0))` passed [got Success]


test_stop_stopped summary: 4 tests passed, 0 tests failed


test_multithread: `fork()` passed [got Success]


test_multithread: `fork()` passed [got Success]


test_multithread: `kill(child_pid, 19)` passed [got Success]


test_multithread: `wait4(child_pid, &status, 0x00000002, ((void *)0))` passed [got Success]


test_multithread: `wait4(child_pid, &status, 0x00000002 | 0x00000001, ((void *)0))` passed [got Success]


test_multithread: `kill(child_pid, 9)` passed [got Success]


test_multithread: `wait4(child_pid, ((void *)0), 0, ((void *)0))` passed [got Success]


test_multithread summary: 6 tests passed, 0 tests failed


test_nested_signals: `pipe(pipe_fds)` passed [got Success]


test_nested_signals: `fcntl(fd, 3, 0)` passed [got Success]


test_nested_signals: `fcntl(fd, 4, flags | 04000)` passed [got Success]


test_nested_signals: `fcntl(fd, 3, 0)` passed [got Success]


test_nested_signals: `fcntl(fd, 4, flags | 04000)` passed [got Success]


test_nested_signals: `fork()` passed [got Success]


test_nested_signals: `close(pipe_fds[1])` passed [got Success]


test_nested_signals: `fork()` passed [got Success]


test_nested_signals: `kill(child_pid, 2)` passed [got Success]


test_nested_signals: `read(pipe_fds[0], buf, 1)` passed [got Success]


test_nested_signals: `kill(child_pid, 5)` passed [got Success]


test_nested_signals: `read(pipe_fds[0], buf, 1)` passed [got Success]


test_nested_signals: `kill(child_pid, 19)` passed [got Success]


test_nested_signals: `kill(child_pid, 2)` passed [got Success]


test_nested_signals: `kill(child_pid, 5)` passed [got Success]


test_nested_signals: `wait4(child_pid, &status, 0x00000002, ((void *)0))` passed [got Success]


test_nested_signals: `kill(child_pid, 18)` passed [got Success]


test_nested_signals: `read(pipe_fds[0], buf, 1)` passed [got Success]


test_nested_signals: `read(pipe_fds[0], buf, 1)` passed [got Success]


test_nested_signals: `wait4(child_pid, &status, 0x00000008, ((void *)0))` passed [got Success]


test_nested_signals: `kill(child_pid, 9)` passed [got Success]


test_nested_signals: `wait4(child_pid, ((void *)0), 0, ((void *)0))` passed [got Success]


test_nested_signals summary: 21 tests passed, 0 tests failed


All test in /test/process passed.


Running test in /test/intel_tdx


All test in /test/intel_tdx passed.


Running test in /test/device


test_dup_then_closed: `dup(master)` passed [got Success]


test_dup_then_closed: `dup(slave)` passed [got Success]


test_dup_then_closed: `close(master)` passed [got Success]


test_dup_then_closed: `close(slave)` passed [got Success]


test_dup_then_closed: `write(dupped_master, buf, sizeof(buf))` passed [got Success]


test_dup_then_closed: `write(dupped_slave, buf, sizeof(buf))` passed [got Success]


test_dup_then_closed: `poll(&in_pfd, 1, -1)` passed [got Success]


test_dup_then_closed: `poll(&in_pfd, 1, -1)` passed [got Success]


test_dup_then_closed: `read(dupped_master, buf, sizeof(buf))` passed [got Success]


test_dup_then_closed: `read(dupped_slave, buf, sizeof(buf))` passed [got Success]


test_dup_then_closed: `close(dupped_master)` passed [got Success]


test_dup_then_closed: `close(dupped_slave)` passed [got Success]


test_dup_then_closed summary: 12 tests passed, 0 tests failed


test_close_slave: `write(slave, buf, sizeof(buf))` passed [got Success]


test_close_slave: `poll(&in_pfd, 1, -1)` passed [got Success]


test_close_slave: `close(slave)` passed [got Success]


test_close_slave: `poll(&pfd, 1, -1)` passed [got Success]


test_close_slave: `ioctl(master, 0x541B, &bytes)` passed [got Success]


test_close_slave: `read(master, buf, sizeof(buf))` passed [got Success]


test_close_slave: `poll(&pfd, 1, -1)` passed [got Success]


test_close_slave: `ioctl(master, 0x541B, &bytes)` passed [got Success]


test_close_slave: `read(master, buf, sizeof(buf))` passed [got Input/output error]


test_close_slave: `read(master, buf, 0)` passed [got Success]


test_close_slave: `write(master, buf, sizeof(buf))` passed [got Success]


test_close_slave: `close(master)` passed [got Success]


test_close_slave summary: 12 tests passed, 0 tests failed


test_unlink_slave: `unlink(slave_name)` passed [got Operation not permitted]


test_unlink_slave: `close(slave)` passed [got Success]


test_unlink_slave: `unlink(slave_name)` passed [got Operation not permitted]


test_unlink_slave: `close(master)` passed [got Success]


test_unlink_slave: `unlink(slave_name)` passed [got No such file or directory]


test_unlink_slave summary: 5 tests passed, 0 tests failed


test_close_master: `write(master, buf, sizeof(buf))` passed [got Success]


test_close_master: `poll(&in_pfd, 1, -1)` passed [got Success]


test_close_master: `poll(&pfd, 1, -1)` passed [got Success]


test_close_master: `ioctl(slave, 0x541B, &bytes)` passed [got Success]


test_close_master: `close(master)` passed [got Success]


test_close_master: `unlink(slave_name)` passed [got No such file or directory]


test_close_master: `poll(&pfd, 1, -1)` passed [got Success]


test_close_master: `ioctl(slave, 0x541B, &bytes)` passed [got Input/output error]


test_close_master: `read(slave, buf, sizeof(buf))` passed [got Success]


test_close_master: `write(slave, buf, sizeof(buf))` passed [got Input/output error]


test_close_master: `write(slave, buf, 0)` passed [got Input/output error]


test_close_master: `close(slave)` passed [got Success]


test_close_master summary: 12 tests passed, 0 tests failed


test_reopen_slave_after_close: `close(slave)` passed [got Success]


test_reopen_slave_after_close: `write(master, buf, sizeof(buf))` passed [got Success]


test_reopen_slave_after_close: `open(slave_name, 02)` passed [got Success]


test_reopen_slave_after_close: `open(slave_name, 02)` passed [got Success]


test_reopen_slave_after_close: `poll(&in_pfd, 1, -1)` passed [got Success]


test_reopen_slave_after_close: `ioctl(slave2, 0x541B, &bytes)` passed [got Success]


test_reopen_slave_after_close: `read(slave, buf, sizeof(buf))` passed [got Success]


test_reopen_slave_after_close: `ioctl(slave, 0x541B, &bytes)` passed [got Success]


test_reopen_slave_after_close: `write(slave2, buf, sizeof(buf))` passed [got Success]


test_reopen_slave_after_close: `poll(&in_pfd, 1, -1)` passed [got Success]


test_reopen_slave_after_close: `poll(&pfd, 1, -1)` passed [got Success]


test_reopen_slave_after_close: `ioctl(master, 0x541B, &bytes)` passed [got Success]


test_reopen_slave_after_close: `read(master, buf, sizeof(buf))` passed [got Success]


test_reopen_slave_after_close: `write(master, buf, sizeof(buf))` passed [got Success]


test_reopen_slave_after_close: `poll(&in_pfd, 1, -1)` passed [got Success]


test_reopen_slave_after_close: `ioctl(slave, 0x541B, &bytes)` passed [got Success]


test_reopen_slave_after_close: `ioctl(slave2, 0x541B, &bytes)` passed [got Success]


test_reopen_slave_after_close: `read(slave2, buf, sizeof(buf))` passed [got Success]


test_reopen_slave_after_close: `ioctl(slave, 0x541B, &bytes)` passed [got Success]


test_reopen_slave_after_close: `ioctl(slave2, 0x541B, &bytes)` passed [got Success]


test_reopen_slave_after_close: `close(master)` passed [got Success]


test_reopen_slave_after_close: `close(slave)` passed [got Success]


test_reopen_slave_after_close: `close(slave2)` passed [got Success]


test_reopen_slave_after_close summary: 23 tests passed, 0 tests failed


test_read_write_before_open_slave: `fcntl(master, 3, 0)` passed [got Success]


test_read_write_before_open_slave: `fcntl(master, 4, flags | 04000)` passed [got Success]


test_read_write_before_open_slave: `read(master, buf, sizeof(buf))` passed [got Resource temporarily unavailable]


test_read_write_before_open_slave: `write(master, buf, 1)` passed [got Success]


test_read_write_before_open_slave summary: 4 tests passed, 0 tests failed


test_clear_lock_and_open_slave: `open(slave_name, 02)` passed [got Input/output error]


test_clear_lock_and_open_slave: `ioctl(master, (((0U) << (((0+8)+8)+14)) | ((('T')) << (0+8)) | (((0x41)) << 0) | ((0) << ((0+8)+8))), ((void *)0))` passed [got Input/output error]


test_clear_lock_and_open_slave: `ioctl(master, (((2U) << (((0+8)+8)+14)) | ((('T')) << (0+8)) | (((0x39)) << 0) | ((((sizeof(int)))) << ((0+8)+8))), &lock)` passed [got Success]


test_clear_lock_and_open_slave: `ioctl(master, (((1U) << (((0+8)+8)+14)) | ((('T')) << (0+8)) | (((0x31)) << 0) | ((((sizeof(int)))) << ((0+8)+8))), &lock)` passed [got Success]


test_clear_lock_and_open_slave: `ioctl(master, (((2U) << (((0+8)+8)+14)) | ((('T')) << (0+8)) | (((0x39)) << 0) | ((((sizeof(int)))) << ((0+8)+8))), &lock)` passed [got Success]


test_clear_lock_and_open_slave: `open(slave_name, 02)` passed [got Success]


test_clear_lock_and_open_slave: `ioctl(master, (((0U) << (((0+8)+8)+14)) | ((('T')) << (0+8)) | (((0x41)) << 0) | ((0) << ((0+8)+8))), ((void *)0))` passed [got Success]


test_clear_lock_and_open_slave: `close(tmp_sfd)` passed [got Success]


test_clear_lock_and_open_slave summary: 8 tests passed, 0 tests failed


test_read_write: `fcntl(master, 3, 0)` passed [got Success]


test_read_write: `fcntl(master, 4, flags & (~04000))` passed [got Success]


test_read_write: `fork()` passed [got Success]


test_read_write: `tcgetattr(slave, &term)` passed [got Success]


test_read_write: `tcsetattr(slave, 0, &term)` passed [got Success]


test_read_write: `read(slave, buf, sizeof(buf))` passed [got Success]


test_read_write: `write(slave, buf, sizeof(buf))` passed [got Success]


test_read_write: `fork()` passed [got Success]


test_read_write: `wait(((void *)0))` passed [got Success]


test_read_write summary: 8 tests passed, 0 tests failed


slave name: /dev/pts/1


read 14 bytes from slave: Hello world!


read 24 bytes from master: hello world from master


test_pty_blocking: `write_repeat(master, 'a', 128 * 1024)` passed [got Success]


test_pty_blocking: `pthread_create(&__thd, ((void *)0), blocking_write_slave, ((void *)1))` passed [got Success]


test_pty_blocking: `blocking_write_slave(((void *)0)) == ((void *)1) ? 0 : -1` passed [got Success]


test_pty_blocking: `pthread_join(__thd, &__res)` passed [got Success]


test_pty_blocking: `read_all(master, 'a')` passed [got Success]


test_pty_blocking: `pthread_create(&__thd, ((void *)0), blocking_read_master, ((void *)1))` passed [got Success]


test_pty_blocking: `blocking_read_master(((void *)0)) == ((void *)1) ? 0 : -1` passed [got Success]


test_pty_blocking: `pthread_join(__thd, &__res)` passed [got Success]


test_pty_blocking: `pthread_create(&__thd, ((void *)0), blocking_read_slave, ((void *)1))` passed [got Success]


test_pty_blocking: `blocking_read_slave(((void *)0)) == ((void *)1) ? 0 : -1` passed [got Success]


test_pty_blocking: `pthread_join(__thd, &__res)` passed [got Success]


test_pty_blocking: `read_repeat(slave, 'a', 4094)` passed [got Success]


test_pty_blocking: `read_repeat(slave, '\n', 1)` passed [got Success]


test_pty_blocking summary: 13 tests passed, 0 tests failed


test_set_get_packet_mode: `ioctl(master, (((2U) << (((0+8)+8)+14)) | ((('T')) << (0+8)) | (((0x38)) << 0) | ((((sizeof(int)))) << ((0+8)+8))), &packet_mode)` passed [got Success]


test_set_get_packet_mode: `ioctl(slave, (((2U) << (((0+8)+8)+14)) | ((('T')) << (0+8)) | (((0x38)) << 0) | ((((sizeof(int)))) << ((0+8)+8))), &packet_mode)` passed [got Inappropriate ioctl for device]


test_set_get_packet_mode: `ioctl(master, 0x5420, &packet_mode)` passed [got Success]


test_set_get_packet_mode: `ioctl(slave, 0x5420, &packet_mode)` passed [got Inappropriate ioctl for device]


test_set_get_packet_mode: `ioctl(master, (((2U) << (((0+8)+8)+14)) | ((('T')) << (0+8)) | (((0x38)) << 0) | ((((sizeof(int)))) << ((0+8)+8))), &packet_mode)` passed [got Success]


test_set_get_packet_mode: `ioctl(slave, (((2U) << (((0+8)+8)+14)) | ((('T')) << (0+8)) | (((0x38)) << 0) | ((((sizeof(int)))) << ((0+8)+8))), &packet_mode)` passed [got Inappropriate ioctl for device]


test_set_get_packet_mode summary: 6 tests passed, 0 tests failed


test_read_write: `write(master, buf, sizeof(buf))` passed [got Success]


test_read_write: `read(slave, read_buf, sizeof(read_buf))` passed [got Success]


test_read_write: `write(slave, buf, sizeof(buf))` passed [got Success]


test_read_write: `read(master, read_buf, 1)` passed [got Success]


test_read_write: `read(master, read_buf, 1)` passed [got Success]


test_read_write: `read(master, read_buf, sizeof(read_buf))` passed [got Success]


test_read_write summary: 6 tests passed, 0 tests failed


test_pkt_ioctl: `tcgetattr(slave, &term)` passed [got Success]


test_pkt_ioctl: `tcsetattr(slave, 0, &term)` passed [got Success]


test_pkt_ioctl: `poll(&pfd, 1, -1)` passed [got Success]


test_pkt_ioctl: `read(master, read_buf, sizeof(read_buf))` passed [got Success]


test_pkt_ioctl: `tcgetattr(slave, &term)` passed [got Success]


test_pkt_ioctl: `tcsetattr(slave, 0, &term)` passed [got Success]


test_pkt_ioctl: `write(slave, buf, sizeof(buf))` passed [got Success]


test_pkt_ioctl: `poll(&pfd, 1, -1)` passed [got Success]


test_pkt_ioctl: `read(master, read_buf, sizeof(read_buf))` passed [got Success]


test_pkt_ioctl: `read(master, read_buf, sizeof(read_buf))` passed [got Success]


test_pkt_ioctl summary: 10 tests passed, 0 tests failed


test_pkt_nostop: `tcgetattr(slave, &term)` passed [got Success]


test_pkt_nostop: `tcsetattr(slave, 0, &term)` passed [got Success]


test_pkt_nostop: `poll(&pfd, 1, -1)` passed [got Success]


test_pkt_nostop: `write(slave, buf, sizeof(buf))` passed [got Success]


test_pkt_nostop: `read(master, read_buf, sizeof(read_buf))` passed [got Success]


test_pkt_nostop: `poll(&pfd, 1, -1)` passed [got Success]


test_pkt_nostop: `read(master, read_buf, sizeof(read_buf))` passed [got Success]


test_pkt_nostop summary: 7 tests passed, 0 tests failed


test_pkt_dostop: `tcgetattr(slave, &term)` passed [got Success]


test_pkt_dostop: `tcsetattr(slave, 0, &term)` passed [got Success]


test_pkt_dostop: `poll(&pfd, 1, -1)` passed [got Success]


test_pkt_dostop: `read(master, read_buf, sizeof(read_buf))` passed [got Success]


test_pkt_dostop summary: 4 tests passed, 0 tests failed


test_close_and_reopen_slave: `tcgetattr(slave, &term)` passed [got Success]


test_close_and_reopen_slave: `tcsetattr(slave, 0, &term)` passed [got Success]


test_close_and_reopen_slave: `poll(&pfd, 1, -1)` passed [got Success]


test_close_and_reopen_slave: `close(slave)` passed [got Success]


test_close_and_reopen_slave: `ioctl(master, (((2U) << (((0+8)+8)+14)) | ((('T')) << (0+8)) | (((0x38)) << 0) | ((((sizeof(int)))) << ((0+8)+8))), &packet_mode)` passed [got Success]


test_close_and_reopen_slave: `ioctl(master, (((0U) << (((0+8)+8)+14)) | ((('T')) << (0+8)) | (((0x41)) << 0) | ((0) << ((0+8)+8))), ((void *)0))` passed [got Success]


test_close_and_reopen_slave: `ioctl(master, (((2U) << (((0+8)+8)+14)) | ((('T')) << (0+8)) | (((0x38)) << 0) | ((((sizeof(int)))) << ((0+8)+8))), &packet_mode)` passed [got Success]


test_close_and_reopen_slave: `read(master, buf, sizeof(buf))` passed [got Success]


test_close_and_reopen_slave summary: 8 tests passed, 0 tests failed


test_no_data_read: `fcntl(master, 3, 0)` passed [got Success]


test_no_data_read: `fcntl(master, 4, flags | 04000)` passed [got Success]


test_no_data_read: `read(master, buf, 1)` passed [got Resource temporarily unavailable]


test_no_data_read: `close(slave)` passed [got Success]


test_no_data_read: `read(master, buf, 1)` passed [got Input/output error]


test_no_data_read summary: 5 tests passed, 0 tests failed


test_rdev_and_mode: `stat(node->path, &stat_buf)` passed [got Success]


test_rdev_and_mode: `stat(node->path, &stat_buf)` passed [got Success]


test_rdev_and_mode: `stat(node->path, &stat_buf)` passed [got Success]


test_rdev_and_mode: `stat(node->path, &stat_buf)` passed [got Success]


test_rdev_and_mode: `stat(node->path, &stat_buf)` passed [got Success]


test_rdev_and_mode: `stat(node->path, &stat_buf)` passed [got Success]


test_rdev_and_mode: `stat(node->path, &stat_buf)` passed [got Success]


test_rdev_and_mode summary: 7 tests passed, 0 tests failed


test_open_close: `evdev_count > 0` passed [got Success]


test_open_close: `evdev_fds[i] >= 0` passed [got Success]


test_open_close: `evdev_fds[i] >= 0` passed [got Success]


test_open_close summary: 3 tests passed, 0 tests failed


framebuffer tests skipped: /dev/fb0 (No such file or directory)


test_fstat: `fstat(fd, &stat)` passed [got Success]


test_fstat summary: 1 tests passed, 0 tests failed


test_read: `read(fd, buffer, 100)` passed [got Success]


test_read: `read(fd, buffer, 0)` passed [got Success]


test_read: `read(fd, ((void *)0), 1)` passed [got Bad address]


test_read: `read(fd, ((void *)0), 0)` passed [got Success]


test_read summary: 4 tests passed, 0 tests failed


test_write: `write(fd, buffer, 1)` passed [got No space left on device]


test_write: `write(fd, buffer, 0)` passed [got No space left on device]


test_write: `write(fd, ((void *)0), 1)` passed [got No space left on device]


test_write: `write(fd, ((void *)0), 0)` passed [got No space left on device]


test_write: `pwrite(fd, buffer, 0, 0)` passed [got No space left on device]


test_write: `pwrite(fd, buffer, 1, 0)` passed [got No space left on device]


test_write summary: 6 tests passed, 0 tests failed


test_poll: `poll(&pfd, 1, 0)` passed [got Success]


test_poll summary: 1 tests passed, 0 tests failed


test_hwrng_has_correct_char_dev_id: `open("/dev/hwrng", 00)` passed [got Success]


test_hwrng_has_correct_char_dev_id: `fstat(fd, &st)` passed [got Success]


test_hwrng_has_correct_char_dev_id: `close(fd)` passed [got Success]


test_hwrng_has_correct_char_dev_id summary: 3 tests passed, 0 tests failed


test_hwrng_has_linux_compatible_mode: `open("/dev/hwrng", 00)` passed [got Success]


test_hwrng_has_linux_compatible_mode: `fstat(fd, &st)` passed [got Success]


test_hwrng_has_linux_compatible_mode: `close(fd)` passed [got Success]


test_hwrng_has_linux_compatible_mode summary: 3 tests passed, 0 tests failed


test_hwrng_concurrent_readers_get_distinct_data: `pipe(pipe_fds[i])` passed [got Success]


test_hwrng_concurrent_readers_get_distinct_data: `fork()` passed [got Success]


test_hwrng_concurrent_readers_get_distinct_data: `close(pipe_fds[i][1])` passed [got Success]


test_hwrng_concurrent_readers_get_distinct_data: `pipe(pipe_fds[i])` passed [got Success]


test_hwrng_concurrent_readers_get_distinct_data: `fork()` passed [got Success]


test_hwrng_concurrent_readers_get_distinct_data: `fork()` passed [got Success]


test_hwrng_concurrent_readers_get_distinct_data: `close(pipe_fds[i][1])` passed [got Success]


test_hwrng_concurrent_readers_get_distinct_data: `pipe(pipe_fds[i])` passed [got Success]


test_hwrng_concurrent_readers_get_distinct_data: `fork()` passed [got Success]


test_hwrng_concurrent_readers_get_distinct_data: `fork()` passed [got Success]


test_hwrng_concurrent_readers_get_distinct_data: `close(pipe_fds[i][1])` passed [got Success]


test_hwrng_concurrent_readers_get_distinct_data: `pipe(pipe_fds[i])` passed [got Success]


test_hwrng_concurrent_readers_get_distinct_data: `fork()` passed [got Success]


test_hwrng_concurrent_readers_get_distinct_data: `close(pipe_fds[i][1])` passed [got Success]


test_hwrng_concurrent_readers_get_distinct_data: `pipe(pipe_fds[i])` passed [got Success]


test_hwrng_concurrent_readers_get_distinct_data: `fork()` passed [got Success]


test_hwrng_concurrent_readers_get_distinct_data: `fork()` passed [got Success]


test_hwrng_concurrent_readers_get_distinct_data: `close(pipe_fds[i][1])` passed [got Success]


test_hwrng_concurrent_readers_get_distinct_data: `pipe(pipe_fds[i])` passed [got Success]


test_hwrng_concurrent_readers_get_distinct_data: `fork()` passed [got Success]


test_hwrng_concurrent_readers_get_distinct_data: `fork()` passed [got Success]


test_hwrng_concurrent_readers_get_distinct_data: `close(pipe_fds[i][1])` passed [got Success]


test_hwrng_concurrent_readers_get_distinct_data: `pipe(pipe_fds[i])` passed [got Success]


test_hwrng_concurrent_readers_get_distinct_data: `fork()` passed [got Success]


test_hwrng_concurrent_readers_get_distinct_data: `fork()` passed [got Success]


test_hwrng_concurrent_readers_get_distinct_data: `close(pipe_fds[i][1])` passed [got Success]


test_hwrng_concurrent_readers_get_distinct_data: `pipe(pipe_fds[i])` passed [got Success]


test_hwrng_concurrent_readers_get_distinct_data: `fork()` passed [got Success]


test_hwrng_concurrent_readers_get_distinct_data: `fork()` passed [got Success]


test_hwrng_concurrent_readers_get_distinct_data: `close(pipe_fds[i][1])` passed [got Success]


test_hwrng_concurrent_readers_get_distinct_data: `read(pipe_fds[i][0], bufs[i], sizeof(bufs[i]))` passed [got Success]


test_hwrng_concurrent_readers_get_distinct_data: `close(pipe_fds[i][0])` passed [got Success]


test_hwrng_concurrent_readers_get_distinct_data: `waitpid(pids[i], &status, 0)` passed [got Success]


test_hwrng_concurrent_readers_get_distinct_data: `is_all_zero(bufs[i], sizeof(bufs[i]))` passed [got Success]


test_hwrng_concurrent_readers_get_distinct_data: `is_all_ff(bufs[i], sizeof(bufs[i]))` passed [got Success]


test_hwrng_concurrent_readers_get_distinct_data: `is_repeating_u32_pattern(bufs[i], sizeof(bufs[i]))` passed [got Success]


test_hwrng_concurrent_readers_get_distinct_data: `read(pipe_fds[i][0], bufs[i], sizeof(bufs[i]))` passed [got Success]


test_hwrng_concurrent_readers_get_distinct_data: `close(pipe_fds[i][0])` passed [got Success]


test_hwrng_concurrent_readers_get_distinct_data: `waitpid(pids[i], &status, 0)` passed [got Success]


test_hwrng_concurrent_readers_get_distinct_data: `is_all_zero(bufs[i], sizeof(bufs[i]))` passed [got Success]


test_hwrng_concurrent_readers_get_distinct_data: `is_all_ff(bufs[i], sizeof(bufs[i]))` passed [got Success]


test_hwrng_concurrent_readers_get_distinct_data: `is_repeating_u32_pattern(bufs[i], sizeof(bufs[i]))` passed [got Success]


test_hwrng_concurrent_readers_get_distinct_data: `fork()` passed [got Success]


test_hwrng_concurrent_readers_get_distinct_data: `fork()` passed [got Success]


test_hwrng_concurrent_readers_get_distinct_data: `read(pipe_fds[i][0], bufs[i], sizeof(bufs[i]))` passed [got Success]


test_hwrng_concurrent_readers_get_distinct_data: `close(pipe_fds[i][0])` passed [got Success]


test_hwrng_concurrent_readers_get_distinct_data: `waitpid(pids[i], &status, 0)` passed [got Success]


test_hwrng_concurrent_readers_get_distinct_data: `is_all_zero(bufs[i], sizeof(bufs[i]))` passed [got Success]


test_hwrng_concurrent_readers_get_distinct_data: `is_all_ff(bufs[i], sizeof(bufs[i]))` passed [got Success]


test_hwrng_concurrent_readers_get_distinct_data: `is_repeating_u32_pattern(bufs[i], sizeof(bufs[i]))` passed [got Success]


test_hwrng_concurrent_readers_get_distinct_data: `read(pipe_fds[i][0], bufs[i], sizeof(bufs[i]))` passed [got Success]


test_hwrng_concurrent_readers_get_distinct_data: `close(pipe_fds[i][0])` passed [got Success]


test_hwrng_concurrent_readers_get_distinct_data: `waitpid(pids[i], &status, 0)` passed [got Success]


test_hwrng_concurrent_readers_get_distinct_data: `is_all_zero(bufs[i], sizeof(bufs[i]))` passed [got Success]


test_hwrng_concurrent_readers_get_distinct_data: `is_all_ff(bufs[i], sizeof(bufs[i]))` passed [got Success]


test_hwrng_concurrent_readers_get_distinct_data: `is_repeating_u32_pattern(bufs[i], sizeof(bufs[i]))` passed [got Success]


test_hwrng_concurrent_readers_get_distinct_data: `read(pipe_fds[i][0], bufs[i], sizeof(bufs[i]))` passed [got Success]


test_hwrng_concurrent_readers_get_distinct_data: `close(pipe_fds[i][0])` passed [got Success]


test_hwrng_concurrent_readers_get_distinct_data: `waitpid(pids[i], &status, 0)` passed [got Success]


test_hwrng_concurrent_readers_get_distinct_data: `is_all_zero(bufs[i], sizeof(bufs[i]))` passed [got Success]


test_hwrng_concurrent_readers_get_distinct_data: `is_all_ff(bufs[i], sizeof(bufs[i]))` passed [got Success]


test_hwrng_concurrent_readers_get_distinct_data: `is_repeating_u32_pattern(bufs[i], sizeof(bufs[i]))` passed [got Success]


test_hwrng_concurrent_readers_get_distinct_data: `read(pipe_fds[i][0], bufs[i], sizeof(bufs[i]))` passed [got Success]


test_hwrng_concurrent_readers_get_distinct_data: `close(pipe_fds[i][0])` passed [got Success]


test_hwrng_concurrent_readers_get_distinct_data: `waitpid(pids[i], &status, 0)` passed [got Success]


test_hwrng_concurrent_readers_get_distinct_data: `is_all_zero(bufs[i], sizeof(bufs[i]))` passed [got Success]


test_hwrng_concurrent_readers_get_distinct_data: `is_all_ff(bufs[i], sizeof(bufs[i]))` passed [got Success]


test_hwrng_concurrent_readers_get_distinct_data: `is_repeating_u32_pattern(bufs[i], sizeof(bufs[i]))` passed [got Success]


test_hwrng_concurrent_readers_get_distinct_data: `read(pipe_fds[i][0], bufs[i], sizeof(bufs[i]))` passed [got Success]


test_hwrng_concurrent_readers_get_distinct_data: `close(pipe_fds[i][0])` passed [got Success]


test_hwrng_concurrent_readers_get_distinct_data: `waitpid(pids[i], &status, 0)` passed [got Success]


test_hwrng_concurrent_readers_get_distinct_data: `is_all_zero(bufs[i], sizeof(bufs[i]))` passed [got Success]


test_hwrng_concurrent_readers_get_distinct_data: `is_all_ff(bufs[i], sizeof(bufs[i]))` passed [got Success]


test_hwrng_concurrent_readers_get_distinct_data: `is_repeating_u32_pattern(bufs[i], sizeof(bufs[i]))` passed [got Success]


test_hwrng_concurrent_readers_get_distinct_data: `read(pipe_fds[i][0], bufs[i], sizeof(bufs[i]))` passed [got Success]


test_hwrng_concurrent_readers_get_distinct_data: `close(pipe_fds[i][0])` passed [got Success]


test_hwrng_concurrent_readers_get_distinct_data: `waitpid(pids[i], &status, 0)` passed [got Success]


test_hwrng_concurrent_readers_get_distinct_data: `is_all_zero(bufs[i], sizeof(bufs[i]))` passed [got Success]


test_hwrng_concurrent_readers_get_distinct_data: `is_all_ff(bufs[i], sizeof(bufs[i]))` passed [got Success]


test_hwrng_concurrent_readers_get_distinct_data: `is_repeating_u32_pattern(bufs[i], sizeof(bufs[i]))` passed [got Success]


test_hwrng_concurrent_readers_get_distinct_data: `has_duplicate_buffer(bufs, 8)` passed [got Success]


test_hwrng_concurrent_readers_get_distinct_data summary: 73 tests passed, 0 tests failed


test_hwrng_short_read: `open("/dev/hwrng", 00)` passed [got Success]


test_hwrng_short_read: `read(fd, buf, sizeof(buf))` passed [got Success]


test_hwrng_short_read: `close(fd)` passed [got Success]


test_hwrng_short_read summary: 3 tests passed, 0 tests failed


test_hwrng_read_with_zero_count: `open("/dev/hwrng", 00)` passed [got Success]


test_hwrng_read_with_zero_count: `read(fd, buf, 0)` passed [got Success]


test_hwrng_read_with_zero_count: `close(fd)` passed [got Success]


test_hwrng_read_with_zero_count summary: 3 tests passed, 0 tests failed


test_hwrng_large_read: `open("/dev/hwrng", 00)` passed [got Success]


test_hwrng_large_read: `read(fd, buf, sizeof(buf))` passed [got Success]


test_hwrng_large_read: `is_all_zero(buf, sizeof(buf))` passed [got Success]


test_hwrng_large_read: `close(fd)` passed [got Success]


test_hwrng_large_read summary: 4 tests passed, 0 tests failed


test_hwrng_write_on_ro_ebadf: `open("/dev/hwrng", 00)` passed [got Success]


test_hwrng_write_on_ro_ebadf: `write(fd, buf, sizeof(buf))` passed [got Bad file descriptor]


test_hwrng_write_on_ro_ebadf: `close(fd)` passed [got Success]


test_hwrng_write_on_ro_ebadf summary: 3 tests passed, 0 tests failed


test_hwrng_write_on_wo_einval: `open("/dev/hwrng", 01)` passed [got Success]


test_hwrng_write_on_wo_einval: `write(fd, buf, sizeof(buf))` passed [got Bad file descriptor]


test_hwrng_write_on_wo_einval: `close(fd)` passed [got Success]


test_hwrng_write_on_wo_einval summary: 3 tests passed, 0 tests failed


test_hwrng_write_on_rw_einval: `open("/dev/hwrng", 02)` passed [got Success]


test_hwrng_write_on_rw_einval: `write(fd, buf, sizeof(buf))` passed [got Bad file descriptor]


test_hwrng_write_on_rw_einval: `close(fd)` passed [got Success]


test_hwrng_write_on_rw_einval summary: 3 tests passed, 0 tests failed


test_hwrng_poll_reports_in_and_out: `open("/dev/hwrng", 00)` passed [got Success]


test_hwrng_poll_reports_in_and_out: `poll(&pfd, 1, 1000)` passed [got Success]


test_hwrng_poll_reports_in_and_out: `pfd.revents` passed [got Success]


test_hwrng_poll_reports_in_and_out: `read(fd, buf, sizeof(buf))` passed [got Success]


test_hwrng_poll_reports_in_and_out: `close(fd)` passed [got Success]


test_hwrng_poll_reports_in_and_out summary: 5 tests passed, 0 tests failed


test_hwrng_lseek_is_noop_and_preserves_readability: `open("/dev/hwrng", 00)` passed [got Success]


test_hwrng_lseek_is_noop_and_preserves_readability: `lseek(fd, 0, 0)` passed [got Success]


test_hwrng_lseek_is_noop_and_preserves_readability: `lseek(fd, 123, 1)` passed [got Success]


test_hwrng_lseek_is_noop_and_preserves_readability: `read(fd, buf, sizeof(buf))` passed [got Success]


test_hwrng_lseek_is_noop_and_preserves_readability: `close(fd)` passed [got Success]


test_hwrng_lseek_is_noop_and_preserves_readability summary: 5 tests passed, 0 tests failed


test_hwrng_nonblock_eagain_or_immediate_data: `open("/dev/hwrng", 00)` passed [got Success]


test_hwrng_nonblock_eagain_or_immediate_data: `read(fd, drain_buf, sizeof(drain_buf))` passed [got Success]


test_hwrng_nonblock_eagain_or_immediate_data: `close(fd)` passed [got Success]


test_hwrng_nonblock_eagain_or_immediate_data: `open("/dev/hwrng", 00 | 04000)` passed [got Success]


test_hwrng_nonblock_eagain_or_immediate_data: `close(fd)` passed [got Success]


test_hwrng_nonblock_eagain_or_immediate_data: `saw_eagain || saw_immediate_data` passed [got Success]


test_hwrng_nonblock_eagain_or_immediate_data summary: 6 tests passed, 0 tests failed


test_hwrng_nonblock_succeeds_after_cache_prime: `open("/dev/hwrng", 00)` passed [got Success]


test_hwrng_nonblock_succeeds_after_cache_prime: `read(fd, prime_buf, sizeof(prime_buf))` passed [got Success]


test_hwrng_nonblock_succeeds_after_cache_prime: `close(fd)` passed [got Success]


test_hwrng_nonblock_succeeds_after_cache_prime: `open("/dev/hwrng", 00 | 04000)` passed [got Success]


test_hwrng_nonblock_succeeds_after_cache_prime: `read(fd, buf, sizeof(buf))` passed [got Success]


test_hwrng_nonblock_succeeds_after_cache_prime: `close(fd)` passed [got Success]


test_hwrng_nonblock_succeeds_after_cache_prime summary: 6 tests passed, 0 tests failed


test_hwrng_small_read_boundaries: `open("/dev/hwrng", 00)` passed [got Success]


test_hwrng_small_read_boundaries: `read(fd, buf, sizes[i])` passed [got Success]


test_hwrng_small_read_boundaries: `read(fd, buf, sizes[i])` passed [got Success]


test_hwrng_small_read_boundaries: `read(fd, buf, sizes[i])` passed [got Success]


test_hwrng_small_read_boundaries: `read(fd, buf, sizes[i])` passed [got Success]


test_hwrng_small_read_boundaries: `read(fd, buf, sizes[i])` passed [got Success]


test_hwrng_small_read_boundaries: `read(fd, buf, sizes[i])` passed [got Success]


test_hwrng_small_read_boundaries: `read(fd, buf, sizes[i])` passed [got Success]


test_hwrng_small_read_boundaries: `read(fd, buf, sizes[i])` passed [got Success]


test_hwrng_small_read_boundaries: `read(fd, buf, sizes[i])` passed [got Success]


test_hwrng_small_read_boundaries: `read(fd, buf, sizes[i])` passed [got Success]


test_hwrng_small_read_boundaries: `read(fd, buf, sizes[i])` passed [got Success]


test_hwrng_small_read_boundaries: `read(fd, buf, sizes[i])` passed [got Success]


test_hwrng_small_read_boundaries: `read(fd, buf, sizes[i])` passed [got Success]


test_hwrng_small_read_boundaries: `read(fd, buf, sizes[i])` passed [got Success]


test_hwrng_small_read_boundaries: `read(fd, buf, sizes[i])` passed [got Success]


test_hwrng_small_read_boundaries: `read(fd, buf, sizes[i])` passed [got Success]


test_hwrng_small_read_boundaries: `read(fd, buf, sizes[i])` passed [got Success]


test_hwrng_small_read_boundaries: `read(fd, buf, sizes[i])` passed [got Success]


test_hwrng_small_read_boundaries: `read(fd, buf, sizes[i])` passed [got Success]


test_hwrng_small_read_boundaries: `read(fd, buf, sizes[i])` passed [got Success]


test_hwrng_small_read_boundaries: `read(fd, buf, sizes[i])` passed [got Success]


test_hwrng_small_read_boundaries: `read(fd, buf, sizes[i])` passed [got Success]


test_hwrng_small_read_boundaries: `read(fd, buf, sizes[i])` passed [got Success]


test_hwrng_small_read_boundaries: `read(fd, buf, sizes[i])` passed [got Success]


test_hwrng_small_read_boundaries: `read(fd, buf, sizes[i])` passed [got Success]


test_hwrng_small_read_boundaries: `read(fd, buf, sizes[i])` passed [got Success]


test_hwrng_small_read_boundaries: `read(fd, buf, sizes[i])` passed [got Success]


test_hwrng_small_read_boundaries: `read(fd, buf, sizes[i])` passed [got Success]


test_hwrng_small_read_boundaries: `read(fd, buf, sizes[i])` passed [got Success]


test_hwrng_small_read_boundaries: `read(fd, buf, sizes[i])` passed [got Success]


test_hwrng_small_read_boundaries: `read(fd, buf, sizes[i])` passed [got Success]


test_hwrng_small_read_boundaries: `read(fd, buf, sizes[i])` passed [got Success]


test_hwrng_small_read_boundaries: `read(fd, buf, sizes[i])` passed [got Success]


test_hwrng_small_read_boundaries: `read(fd, buf, sizes[i])` passed [got Success]


test_hwrng_small_read_boundaries: `read(fd, buf, sizes[i])` passed [got Success]


test_hwrng_small_read_boundaries: `read(fd, buf, sizes[i])` passed [got Success]


test_hwrng_small_read_boundaries: `read(fd, buf, sizes[i])` passed [got Success]


test_hwrng_small_read_boundaries: `read(fd, buf, sizes[i])` passed [got Success]


test_hwrng_small_read_boundaries: `read(fd, buf, sizes[i])` passed [got Success]


test_hwrng_small_read_boundaries: `read(fd, buf, sizes[i])` passed [got Success]


test_hwrng_small_read_boundaries: `read(fd, buf, sizes[i])` passed [got Success]


test_hwrng_small_read_boundaries: `read(fd, buf, sizes[i])` passed [got Success]


test_hwrng_small_read_boundaries: `read(fd, buf, sizes[i])` passed [got Success]


test_hwrng_small_read_boundaries: `read(fd, buf, sizes[i])` passed [got Success]


test_hwrng_small_read_boundaries: `read(fd, buf, sizes[i])` passed [got Success]


test_hwrng_small_read_boundaries: `read(fd, buf, sizes[i])` passed [got Success]


test_hwrng_small_read_boundaries: `read(fd, buf, sizes[i])` passed [got Success]


test_hwrng_small_read_boundaries: `read(fd, buf, sizes[i])` passed [got Success]


test_hwrng_small_read_boundaries: `read(fd, buf, sizes[i])` passed [got Success]


test_hwrng_small_read_boundaries: `read(fd, buf, sizes[i])` passed [got Success]


test_hwrng_small_read_boundaries: `read(fd, buf, sizes[i])` passed [got Success]


test_hwrng_small_read_boundaries: `read(fd, buf, sizes[i])` passed [got Success]


test_hwrng_small_read_boundaries: `read(fd, buf, sizes[i])` passed [got Success]


test_hwrng_small_read_boundaries: `read(fd, buf, sizes[i])` passed [got Success]


test_hwrng_small_read_boundaries: `read(fd, buf, sizes[i])` passed [got Success]


test_hwrng_small_read_boundaries: `read(fd, buf, sizes[i])` passed [got Success]


test_hwrng_small_read_boundaries: `read(fd, buf, sizes[i])` passed [got Success]


test_hwrng_small_read_boundaries: `read(fd, buf, sizes[i])` passed [got Success]


test_hwrng_small_read_boundaries: `read(fd, buf, sizes[i])` passed [got Success]


test_hwrng_small_read_boundaries: `read(fd, buf, sizes[i])` passed [got Success]


test_hwrng_small_read_boundaries: `read(fd, buf, sizes[i])` passed [got Success]


test_hwrng_small_read_boundaries: `read(fd, buf, sizes[i])` passed [got Success]


test_hwrng_small_read_boundaries: `read(fd, buf, sizes[i])` passed [got Success]


test_hwrng_small_read_boundaries: `read(fd, buf, sizes[i])` passed [got Success]


test_hwrng_small_read_boundaries: `read(fd, buf, sizes[i])` passed [got Success]


test_hwrng_small_read_boundaries: `read(fd, buf, sizes[i])` passed [got Success]


test_hwrng_small_read_boundaries: `read(fd, buf, sizes[i])` passed [got Success]


test_hwrng_small_read_boundaries: `read(fd, buf, sizes[i])` passed [got Success]


test_hwrng_small_read_boundaries: `read(fd, buf, sizes[i])` passed [got Success]


test_hwrng_small_read_boundaries: `read(fd, buf, sizes[i])` passed [got Success]


test_hwrng_small_read_boundaries: `read(fd, buf, sizes[i])` passed [got Success]


test_hwrng_small_read_boundaries: `read(fd, buf, sizes[i])` passed [got Success]


test_hwrng_small_read_boundaries: `read(fd, buf, sizes[i])` passed [got Success]


test_hwrng_small_read_boundaries: `read(fd, buf, sizes[i])` passed [got Success]


test_hwrng_small_read_boundaries: `read(fd, buf, sizes[i])` passed [got Success]


test_hwrng_small_read_boundaries: `read(fd, buf, sizes[i])` passed [got Success]


test_hwrng_small_read_boundaries: `read(fd, buf, sizes[i])` passed [got Success]


test_hwrng_small_read_boundaries: `read(fd, buf, sizes[i])` passed [got Success]


test_hwrng_small_read_boundaries: `read(fd, buf, sizes[i])` passed [got Success]


test_hwrng_small_read_boundaries: `read(fd, buf, sizes[i])` passed [got Success]


test_hwrng_small_read_boundaries: `read(fd, buf, sizes[i])` passed [got Success]


test_hwrng_small_read_boundaries: `read(fd, buf, sizes[i])` passed [got Success]


test_hwrng_small_read_boundaries: `read(fd, buf, sizes[i])` passed [got Success]


test_hwrng_small_read_boundaries: `read(fd, buf, sizes[i])` passed [got Success]


test_hwrng_small_read_boundaries: `read(fd, buf, sizes[i])` passed [got Success]


test_hwrng_small_read_boundaries: `read(fd, buf, sizes[i])` passed [got Success]


test_hwrng_small_read_boundaries: `read(fd, buf, sizes[i])` passed [got Success]


test_hwrng_small_read_boundaries: `read(fd, buf, sizes[i])` passed [got Success]


test_hwrng_small_read_boundaries: `read(fd, buf, sizes[i])` passed [got Success]


test_hwrng_small_read_boundaries: `read(fd, buf, sizes[i])` passed [got Success]


test_hwrng_small_read_boundaries: `read(fd, buf, sizes[i])` passed [got Success]


test_hwrng_small_read_boundaries: `read(fd, buf, sizes[i])` passed [got Success]


test_hwrng_small_read_boundaries: `read(fd, buf, sizes[i])` passed [got Success]


test_hwrng_small_read_boundaries: `read(fd, buf, sizes[i])` passed [got Success]


test_hwrng_small_read_boundaries: `read(fd, buf, sizes[i])` passed [got Success]


test_hwrng_small_read_boundaries: `read(fd, buf, sizes[i])` passed [got Success]


test_hwrng_small_read_boundaries: `read(fd, buf, sizes[i])` passed [got Success]


test_hwrng_small_read_boundaries: `read(fd, buf, sizes[i])` passed [got Success]


test_hwrng_small_read_boundaries: `read(fd, buf, sizes[i])` passed [got Success]


test_hwrng_small_read_boundaries: `read(fd, buf, sizes[i])` passed [got Success]


test_hwrng_small_read_boundaries: `read(fd, buf, sizes[i])` passed [got Success]


test_hwrng_small_read_boundaries: `read(fd, buf, sizes[i])` passed [got Success]


test_hwrng_small_read_boundaries: `read(fd, buf, sizes[i])` passed [got Success]


test_hwrng_small_read_boundaries: `read(fd, buf, sizes[i])` passed [got Success]


test_hwrng_small_read_boundaries: `read(fd, buf, sizes[i])` passed [got Success]


test_hwrng_small_read_boundaries: `read(fd, buf, sizes[i])` passed [got Success]


test_hwrng_small_read_boundaries: `read(fd, buf, sizes[i])` passed [got Success]


test_hwrng_small_read_boundaries: `read(fd, buf, sizes[i])` passed [got Success]


test_hwrng_small_read_boundaries: `read(fd, buf, sizes[i])` passed [got Success]


test_hwrng_small_read_boundaries: `read(fd, buf, sizes[i])` passed [got Success]


test_hwrng_small_read_boundaries: `read(fd, buf, sizes[i])` passed [got Success]


test_hwrng_small_read_boundaries: `read(fd, buf, sizes[i])` passed [got Success]


test_hwrng_small_read_boundaries: `read(fd, buf, sizes[i])` passed [got Success]


test_hwrng_small_read_boundaries: `read(fd, buf, sizes[i])` passed [got Success]


test_hwrng_small_read_boundaries: `read(fd, buf, sizes[i])` passed [got Success]


test_hwrng_small_read_boundaries: `read(fd, buf, sizes[i])` passed [got Success]


test_hwrng_small_read_boundaries: `read(fd, buf, sizes[i])` passed [got Success]


test_hwrng_small_read_boundaries: `read(fd, buf, sizes[i])` passed [got Success]


test_hwrng_small_read_boundaries: `read(fd, buf, sizes[i])` passed [got Success]


test_hwrng_small_read_boundaries: `read(fd, buf, sizes[i])` passed [got Success]


test_hwrng_small_read_boundaries: `read(fd, buf, sizes[i])` passed [got Success]


test_hwrng_small_read_boundaries: `read(fd, buf, sizes[i])` passed [got Success]


test_hwrng_small_read_boundaries: `read(fd, buf, sizes[i])` passed [got Success]


test_hwrng_small_read_boundaries: `read(fd, buf, sizes[i])` passed [got Success]


test_hwrng_small_read_boundaries: `read(fd, buf, sizes[i])` passed [got Success]


test_hwrng_small_read_boundaries: `read(fd, buf, sizes[i])` passed [got Success]


test_hwrng_small_read_boundaries: `read(fd, buf, sizes[i])` passed [got Success]


test_hwrng_small_read_boundaries: `read(fd, buf, sizes[i])` passed [got Success]


test_hwrng_small_read_boundaries: `read(fd, buf, sizes[i])` passed [got Success]


test_hwrng_small_read_boundaries: `read(fd, buf, sizes[i])` passed [got Success]


test_hwrng_small_read_boundaries: `read(fd, buf, sizes[i])` passed [got Success]


test_hwrng_small_read_boundaries: `read(fd, buf, sizes[i])` passed [got Success]


test_hwrng_small_read_boundaries: `read(fd, buf, sizes[i])` passed [got Success]


test_hwrng_small_read_boundaries: `read(fd, buf, sizes[i])` passed [got Success]


test_hwrng_small_read_boundaries: `read(fd, buf, sizes[i])` passed [got Success]


test_hwrng_small_read_boundaries: `read(fd, buf, sizes[i])` passed [got Success]


test_hwrng_small_read_boundaries: `read(fd, buf, sizes[i])` passed [got Success]


test_hwrng_small_read_boundaries: `read(fd, buf, sizes[i])` passed [got Success]


test_hwrng_small_read_boundaries: `read(fd, buf, sizes[i])` passed [got Success]


test_hwrng_small_read_boundaries: `read(fd, buf, sizes[i])` passed [got Success]


test_hwrng_small_read_boundaries: `read(fd, buf, sizes[i])` passed [got Success]


test_hwrng_small_read_boundaries: `read(fd, buf, sizes[i])` passed [got Success]


test_hwrng_small_read_boundaries: `read(fd, buf, sizes[i])` passed [got Success]


test_hwrng_small_read_boundaries: `read(fd, buf, sizes[i])` passed [got Success]


test_hwrng_small_read_boundaries: `read(fd, buf, sizes[i])` passed [got Success]


test_hwrng_small_read_boundaries: `read(fd, buf, sizes[i])` passed [got Success]


test_hwrng_small_read_boundaries: `read(fd, buf, sizes[i])` passed [got Success]


test_hwrng_small_read_boundaries: `read(fd, buf, sizes[i])` passed [got Success]


test_hwrng_small_read_boundaries: `read(fd, buf, sizes[i])` passed [got Success]


test_hwrng_small_read_boundaries: `read(fd, buf, sizes[i])` passed [got Success]


test_hwrng_small_read_boundaries: `read(fd, buf, sizes[i])` passed [got Success]


test_hwrng_small_read_boundaries: `read(fd, buf, sizes[i])` passed [got Success]


test_hwrng_small_read_boundaries: `read(fd, buf, sizes[i])` passed [got Success]


test_hwrng_small_read_boundaries: `read(fd, buf, sizes[i])` passed [got Success]


test_hwrng_small_read_boundaries: `read(fd, buf, sizes[i])` passed [got Success]


test_hwrng_small_read_boundaries: `read(fd, buf, sizes[i])` passed [got Success]


test_hwrng_small_read_boundaries: `read(fd, buf, sizes[i])` passed [got Success]


test_hwrng_small_read_boundaries: `read(fd, buf, sizes[i])` passed [got Success]


test_hwrng_small_read_boundaries: `read(fd, buf, sizes[i])` passed [got Success]


test_hwrng_small_read_boundaries: `read(fd, buf, sizes[i])` passed [got Success]


test_hwrng_small_read_boundaries: `read(fd, buf, sizes[i])` passed [got Success]


test_hwrng_small_read_boundaries: `read(fd, buf, sizes[i])` passed [got Success]


test_hwrng_small_read_boundaries: `read(fd, buf, sizes[i])` passed [got Success]


test_hwrng_small_read_boundaries: `read(fd, buf, sizes[i])` passed [got Success]


test_hwrng_small_read_boundaries: `read(fd, buf, sizes[i])` passed [got Success]


test_hwrng_small_read_boundaries: `read(fd, buf, sizes[i])` passed [got Success]


test_hwrng_small_read_boundaries: `read(fd, buf, sizes[i])` passed [got Success]


test_hwrng_small_read_boundaries: `read(fd, buf, sizes[i])` passed [got Success]


test_hwrng_small_read_boundaries: `read(fd, buf, sizes[i])` passed [got Success]


test_hwrng_small_read_boundaries: `read(fd, buf, sizes[i])` passed [got Success]


test_hwrng_small_read_boundaries: `read(fd, buf, sizes[i])` passed [got Success]


test_hwrng_small_read_boundaries: `read(fd, buf, sizes[i])` passed [got Success]


test_hwrng_small_read_boundaries: `read(fd, buf, sizes[i])` passed [got Success]


test_hwrng_small_read_boundaries: `read(fd, buf, sizes[i])` passed [got Success]


test_hwrng_small_read_boundaries: `read(fd, buf, sizes[i])` passed [got Success]


test_hwrng_small_read_boundaries: `read(fd, buf, sizes[i])` passed [got Success]


test_hwrng_small_read_boundaries: `read(fd, buf, sizes[i])` passed [got Success]


test_hwrng_small_read_boundaries: `read(fd, buf, sizes[i])` passed [got Success]


test_hwrng_small_read_boundaries: `read(fd, buf, sizes[i])` passed [got Success]


test_hwrng_small_read_boundaries: `read(fd, buf, sizes[i])` passed [got Success]


test_hwrng_small_read_boundaries: `read(fd, buf, sizes[i])` passed [got Success]


test_hwrng_small_read_boundaries: `read(fd, buf, sizes[i])` passed [got Success]


test_hwrng_small_read_boundaries: `read(fd, buf, sizes[i])` passed [got Success]


test_hwrng_small_read_boundaries: `read(fd, buf, sizes[i])` passed [got Success]


test_hwrng_small_read_boundaries: `read(fd, buf, sizes[i])` passed [got Success]


test_hwrng_small_read_boundaries: `read(fd, buf, sizes[i])` passed [got Success]


test_hwrng_small_read_boundaries: `read(fd, buf, sizes[i])` passed [got Success]


test_hwrng_small_read_boundaries: `read(fd, buf, sizes[i])` passed [got Success]


test_hwrng_small_read_boundaries: `read(fd, buf, sizes[i])` passed [got Success]


test_hwrng_small_read_boundaries: `read(fd, buf, sizes[i])` passed [got Success]


test_hwrng_small_read_boundaries: `read(fd, buf, sizes[i])` passed [got Success]


test_hwrng_small_read_boundaries: `read(fd, buf, sizes[i])` passed [got Success]


test_hwrng_small_read_boundaries: `read(fd, buf, sizes[i])` passed [got Success]


test_hwrng_small_read_boundaries: `read(fd, buf, sizes[i])` passed [got Success]


test_hwrng_small_read_boundaries: `read(fd, buf, sizes[i])` passed [got Success]


test_hwrng_small_read_boundaries: `read(fd, buf, sizes[i])` passed [got Success]


test_hwrng_small_read_boundaries: `read(fd, buf, sizes[i])` passed [got Success]


test_hwrng_small_read_boundaries: `read(fd, buf, sizes[i])` passed [got Success]


test_hwrng_small_read_boundaries: `read(fd, buf, sizes[i])` passed [got Success]


test_hwrng_small_read_boundaries: `read(fd, buf, sizes[i])` passed [got Success]


test_hwrng_small_read_boundaries: `read(fd, buf, sizes[i])` passed [got Success]


test_hwrng_small_read_boundaries: `read(fd, buf, sizes[i])` passed [got Success]


test_hwrng_small_read_boundaries: `read(fd, buf, sizes[i])` passed [got Success]


test_hwrng_small_read_boundaries: `read(fd, buf, sizes[i])` passed [got Success]


test_hwrng_small_read_boundaries: `read(fd, buf, sizes[i])` passed [got Success]


test_hwrng_small_read_boundaries: `read(fd, buf, sizes[i])` passed [got Success]


test_hwrng_small_read_boundaries: `read(fd, buf, sizes[i])` passed [got Success]


test_hwrng_small_read_boundaries: `read(fd, buf, sizes[i])` passed [got Success]


test_hwrng_small_read_boundaries: `read(fd, buf, sizes[i])` passed [got Success]


test_hwrng_small_read_boundaries: `read(fd, buf, sizes[i])` passed [got Success]


test_hwrng_small_read_boundaries: `read(fd, buf, sizes[i])` passed [got Success]


test_hwrng_small_read_boundaries: `read(fd, buf, sizes[i])` passed [got Success]


test_hwrng_small_read_boundaries: `read(fd, buf, sizes[i])` passed [got Success]


test_hwrng_small_read_boundaries: `read(fd, buf, sizes[i])` passed [got Success]


test_hwrng_small_read_boundaries: `read(fd, buf, sizes[i])` passed [got Success]


test_hwrng_small_read_boundaries: `read(fd, buf, sizes[i])` passed [got Success]


test_hwrng_small_read_boundaries: `read(fd, buf, sizes[i])` passed [got Success]


test_hwrng_small_read_boundaries: `read(fd, buf, sizes[i])` passed [got Success]


test_hwrng_small_read_boundaries: `read(fd, buf, sizes[i])` passed [got Success]


test_hwrng_small_read_boundaries: `read(fd, buf, sizes[i])` passed [got Success]


test_hwrng_small_read_boundaries: `read(fd, buf, sizes[i])` passed [got Success]


test_hwrng_small_read_boundaries: `read(fd, buf, sizes[i])` passed [got Success]


test_hwrng_small_read_boundaries: `read(fd, buf, sizes[i])` passed [got Success]


test_hwrng_small_read_boundaries: `read(fd, buf, sizes[i])` passed [got Success]


test_hwrng_small_read_boundaries: `read(fd, buf, sizes[i])` passed [got Success]


test_hwrng_small_read_boundaries: `read(fd, buf, sizes[i])` passed [got Success]


test_hwrng_small_read_boundaries: `read(fd, buf, sizes[i])` passed [got Success]


test_hwrng_small_read_boundaries: `read(fd, buf, sizes[i])` passed [got Success]


test_hwrng_small_read_boundaries: `read(fd, buf, sizes[i])` passed [got Success]


test_hwrng_small_read_boundaries: `read(fd, buf, sizes[i])` passed [got Success]


test_hwrng_small_read_boundaries: `read(fd, buf, sizes[i])` passed [got Success]


test_hwrng_small_read_boundaries: `read(fd, buf, sizes[i])` passed [got Success]


test_hwrng_small_read_boundaries: `read(fd, buf, sizes[i])` passed [got Success]


test_hwrng_small_read_boundaries: `read(fd, buf, sizes[i])` passed [got Success]


test_hwrng_small_read_boundaries: `read(fd, buf, sizes[i])` passed [got Success]


test_hwrng_small_read_boundaries: `read(fd, buf, sizes[i])` passed [got Success]


test_hwrng_small_read_boundaries: `read(fd, buf, sizes[i])` passed [got Success]


test_hwrng_small_read_boundaries: `read(fd, buf, sizes[i])` passed [got Success]


test_hwrng_small_read_boundaries: `read(fd, buf, sizes[i])` passed [got Success]


test_hwrng_small_read_boundaries: `read(fd, buf, sizes[i])` passed [got Success]


test_hwrng_small_read_boundaries: `read(fd, buf, sizes[i])` passed [got Success]


test_hwrng_small_read_boundaries: `read(fd, buf, sizes[i])` passed [got Success]


test_hwrng_small_read_boundaries: `read(fd, buf, sizes[i])` passed [got Success]


test_hwrng_small_read_boundaries: `read(fd, buf, sizes[i])` passed [got Success]


test_hwrng_small_read_boundaries: `read(fd, buf, sizes[i])` passed [got Success]


test_hwrng_small_read_boundaries: `read(fd, buf, sizes[i])` passed [got Success]


test_hwrng_small_read_boundaries: `read(fd, buf, sizes[i])` passed [got Success]


test_hwrng_small_read_boundaries: `read(fd, buf, sizes[i])` passed [got Success]


test_hwrng_small_read_boundaries: `read(fd, buf, sizes[i])` passed [got Success]


test_hwrng_small_read_boundaries: `read(fd, buf, sizes[i])` passed [got Success]


test_hwrng_small_read_boundaries: `read(fd, buf, sizes[i])` passed [got Success]


test_hwrng_small_read_boundaries: `read(fd, buf, sizes[i])` passed [got Success]


test_hwrng_small_read_boundaries: `read(fd, buf, sizes[i])` passed [got Success]


test_hwrng_small_read_boundaries: `read(fd, buf, sizes[i])` passed [got Success]


test_hwrng_small_read_boundaries: `read(fd, buf, sizes[i])` passed [got Success]


test_hwrng_small_read_boundaries: `read(fd, buf, sizes[i])` passed [got Success]


test_hwrng_small_read_boundaries: `read(fd, buf, sizes[i])` passed [got Success]


test_hwrng_small_read_boundaries: `read(fd, buf, sizes[i])` passed [got Success]


test_hwrng_small_read_boundaries: `read(fd, buf, sizes[i])` passed [got Success]


test_hwrng_small_read_boundaries: `read(fd, buf, sizes[i])` passed [got Success]


test_hwrng_small_read_boundaries: `read(fd, buf, sizes[i])` passed [got Success]


test_hwrng_small_read_boundaries: `read(fd, buf, sizes[i])` passed [got Success]


test_hwrng_small_read_boundaries: `read(fd, buf, sizes[i])` passed [got Success]


test_hwrng_small_read_boundaries: `read(fd, buf, sizes[i])` passed [got Success]


test_hwrng_small_read_boundaries: `read(fd, buf, sizes[i])` passed [got Success]


test_hwrng_small_read_boundaries: `read(fd, buf, sizes[i])` passed [got Success]


test_hwrng_small_read_boundaries: `read(fd, buf, sizes[i])` passed [got Success]


test_hwrng_small_read_boundaries: `read(fd, buf, sizes[i])` passed [got Success]


test_hwrng_small_read_boundaries: `read(fd, buf, sizes[i])` passed [got Success]


test_hwrng_small_read_boundaries: `read(fd, buf, sizes[i])` passed [got Success]


test_hwrng_small_read_boundaries: `read(fd, buf, sizes[i])` passed [got Success]


test_hwrng_small_read_boundaries: `read(fd, buf, sizes[i])` passed [got Success]


test_hwrng_small_read_boundaries: `read(fd, buf, sizes[i])` passed [got Success]


test_hwrng_small_read_boundaries: `read(fd, buf, sizes[i])` passed [got Success]


test_hwrng_small_read_boundaries: `read(fd, buf, sizes[i])` passed [got Success]


test_hwrng_small_read_boundaries: `read(fd, buf, sizes[i])` passed [got Success]


test_hwrng_small_read_boundaries: `read(fd, buf, sizes[i])` passed [got Success]


test_hwrng_small_read_boundaries: `read(fd, buf, sizes[i])` passed [got Success]


test_hwrng_small_read_boundaries: `read(fd, buf, sizes[i])` passed [got Success]


test_hwrng_small_read_boundaries: `read(fd, buf, sizes[i])` passed [got Success]


test_hwrng_small_read_boundaries: `read(fd, buf, sizes[i])` passed [got Success]


test_hwrng_small_read_boundaries: `read(fd, buf, sizes[i])` passed [got Success]


test_hwrng_small_read_boundaries: `read(fd, buf, sizes[i])` passed [got Success]


test_hwrng_small_read_boundaries: `read(fd, buf, sizes[i])` passed [got Success]


test_hwrng_small_read_boundaries: `read(fd, buf, sizes[i])` passed [got Success]


test_hwrng_small_read_boundaries: `read(fd, buf, sizes[i])` passed [got Success]


test_hwrng_small_read_boundaries: `read(fd, buf, sizes[i])` passed [got Success]


test_hwrng_small_read_boundaries: `read(fd, buf, sizes[i])` passed [got Success]


test_hwrng_small_read_boundaries: `read(fd, buf, sizes[i])` passed [got Success]


test_hwrng_small_read_boundaries: `read(fd, buf, sizes[i])` passed [got Success]


test_hwrng_small_read_boundaries: `read(fd, buf, sizes[i])` passed [got Success]


test_hwrng_small_read_boundaries: `read(fd, buf, sizes[i])` passed [got Success]


test_hwrng_small_read_boundaries: `read(fd, buf, sizes[i])` passed [got Success]


test_hwrng_small_read_boundaries: `read(fd, buf, sizes[i])` passed [got Success]


test_hwrng_small_read_boundaries: `read(fd, buf, sizes[i])` passed [got Success]


test_hwrng_small_read_boundaries: `read(fd, buf, sizes[i])` passed [got Success]


test_hwrng_small_read_boundaries: `read(fd, buf, sizes[i])` passed [got Success]


test_hwrng_small_read_boundaries: `read(fd, buf, sizes[i])` passed [got Success]


test_hwrng_small_read_boundaries: `read(fd, buf, sizes[i])` passed [got Success]


test_hwrng_small_read_boundaries: `read(fd, buf, sizes[i])` passed [got Success]


test_hwrng_small_read_boundaries: `read(fd, buf, sizes[i])` passed [got Success]


test_hwrng_small_read_boundaries: `read(fd, buf, sizes[i])` passed [got Success]


test_hwrng_small_read_boundaries: `read(fd, buf, sizes[i])` passed [got Success]


test_hwrng_small_read_boundaries: `read(fd, buf, sizes[i])` passed [got Success]


test_hwrng_small_read_boundaries: `read(fd, buf, sizes[i])` passed [got Success]


test_hwrng_small_read_boundaries: `read(fd, buf, sizes[i])` passed [got Success]


test_hwrng_small_read_boundaries: `read(fd, buf, sizes[i])` passed [got Success]


test_hwrng_small_read_boundaries: `read(fd, buf, sizes[i])` passed [got Success]


test_hwrng_small_read_boundaries: `read(fd, buf, sizes[i])` passed [got Success]


test_hwrng_small_read_boundaries: `read(fd, buf, sizes[i])` passed [got Success]


test_hwrng_small_read_boundaries: `read(fd, buf, sizes[i])` passed [got Success]


test_hwrng_small_read_boundaries: `read(fd, buf, sizes[i])` passed [got Success]


test_hwrng_small_read_boundaries: `read(fd, buf, sizes[i])` passed [got Success]


test_hwrng_small_read_boundaries: `read(fd, buf, sizes[i])` passed [got Success]


test_hwrng_small_read_boundaries: `read(fd, buf, sizes[i])` passed [got Success]


test_hwrng_small_read_boundaries: `read(fd, buf, sizes[i])` passed [got Success]


test_hwrng_small_read_boundaries: `read(fd, buf, sizes[i])` passed [got Success]


test_hwrng_small_read_boundaries: `read(fd, buf, sizes[i])` passed [got Success]


test_hwrng_small_read_boundaries: `read(fd, buf, sizes[i])` passed [got Success]


test_hwrng_small_read_boundaries: `read(fd, buf, sizes[i])` passed [got Success]


test_hwrng_small_read_boundaries: `read(fd, buf, sizes[i])` passed [got Success]


test_hwrng_small_read_boundaries: `read(fd, buf, sizes[i])` passed [got Success]


test_hwrng_small_read_boundaries: `read(fd, buf, sizes[i])` passed [got Success]


test_hwrng_small_read_boundaries: `read(fd, buf, sizes[i])` passed [got Success]


test_hwrng_small_read_boundaries: `read(fd, buf, sizes[i])` passed [got Success]


test_hwrng_small_read_boundaries: `read(fd, buf, sizes[i])` passed [got Success]


test_hwrng_small_read_boundaries: `read(fd, buf, sizes[i])` passed [got Success]


test_hwrng_small_read_boundaries: `read(fd, buf, sizes[i])` passed [got Success]


test_hwrng_small_read_boundaries: `read(fd, buf, sizes[i])` passed [got Success]


test_hwrng_small_read_boundaries: `read(fd, buf, sizes[i])` passed [got Success]


test_hwrng_small_read_boundaries: `read(fd, buf, sizes[i])` passed [got Success]


test_hwrng_small_read_boundaries: `read(fd, buf, sizes[i])` passed [got Success]


test_hwrng_small_read_boundaries: `read(fd, buf, sizes[i])` passed [got Success]


test_hwrng_small_read_boundaries: `read(fd, buf, sizes[i])` passed [got Success]


test_hwrng_small_read_boundaries: `read(fd, buf, sizes[i])` passed [got Success]


test_hwrng_small_read_boundaries: `read(fd, buf, sizes[i])` passed [got Success]


test_hwrng_small_read_boundaries: `read(fd, buf, sizes[i])` passed [got Success]


test_hwrng_small_read_boundaries: `read(fd, buf, sizes[i])` passed [got Success]


test_hwrng_small_read_boundaries: `read(fd, buf, sizes[i])` passed [got Success]


test_hwrng_small_read_boundaries: `read(fd, buf, sizes[i])` passed [got Success]


test_hwrng_small_read_boundaries: `read(fd, buf, sizes[i])` passed [got Success]


test_hwrng_small_read_boundaries: `read(fd, buf, sizes[i])` passed [got Success]


test_hwrng_small_read_boundaries: `read(fd, buf, sizes[i])` passed [got Success]


test_hwrng_small_read_boundaries: `read(fd, buf, sizes[i])` passed [got Success]


test_hwrng_small_read_boundaries: `read(fd, buf, sizes[i])` passed [got Success]


test_hwrng_small_read_boundaries: `read(fd, buf, sizes[i])` passed [got Success]


test_hwrng_small_read_boundaries: `read(fd, buf, sizes[i])` passed [got Success]


test_hwrng_small_read_boundaries: `read(fd, buf, sizes[i])` passed [got Success]


test_hwrng_small_read_boundaries: `read(fd, buf, sizes[i])` passed [got Success]


test_hwrng_small_read_boundaries: `read(fd, buf, sizes[i])` passed [got Success]


test_hwrng_small_read_boundaries: `read(fd, buf, sizes[i])` passed [got Success]


test_hwrng_small_read_boundaries: `read(fd, buf, sizes[i])` passed [got Success]


test_hwrng_small_read_boundaries: `read(fd, buf, sizes[i])` passed [got Success]


test_hwrng_small_read_boundaries: `read(fd, buf, sizes[i])` passed [got Success]


test_hwrng_small_read_boundaries: `read(fd, buf, sizes[i])` passed [got Success]


test_hwrng_small_read_boundaries: `read(fd, buf, sizes[i])` passed [got Success]


test_hwrng_small_read_boundaries: `read(fd, buf, sizes[i])` passed [got Success]


test_hwrng_small_read_boundaries: `read(fd, buf, sizes[i])` passed [got Success]


test_hwrng_small_read_boundaries: `read(fd, buf, sizes[i])` passed [got Success]


test_hwrng_small_read_boundaries: `read(fd, buf, sizes[i])` passed [got Success]


test_hwrng_small_read_boundaries: `read(fd, buf, sizes[i])` passed [got Success]


test_hwrng_small_read_boundaries: `read(fd, buf, sizes[i])` passed [got Success]


test_hwrng_small_read_boundaries: `read(fd, buf, sizes[i])` passed [got Success]


test_hwrng_small_read_boundaries: `read(fd, buf, sizes[i])` passed [got Success]


test_hwrng_small_read_boundaries: `read(fd, buf, sizes[i])` passed [got Success]


test_hwrng_small_read_boundaries: `read(fd, buf, sizes[i])` passed [got Success]


test_hwrng_small_read_boundaries: `read(fd, buf, sizes[i])` passed [got Success]


test_hwrng_small_read_boundaries: `read(fd, buf, sizes[i])` passed [got Success]


test_hwrng_small_read_boundaries: `read(fd, buf, sizes[i])` passed [got Success]


test_hwrng_small_read_boundaries: `read(fd, buf, sizes[i])` passed [got Success]


test_hwrng_small_read_boundaries: `read(fd, buf, sizes[i])` passed [got Success]


test_hwrng_small_read_boundaries: `read(fd, buf, sizes[i])` passed [got Success]


test_hwrng_small_read_boundaries: `read(fd, buf, sizes[i])` passed [got Success]


test_hwrng_small_read_boundaries: `read(fd, buf, sizes[i])` passed [got Success]


test_hwrng_small_read_boundaries: `read(fd, buf, sizes[i])` passed [got Success]


test_hwrng_small_read_boundaries: `read(fd, buf, sizes[i])` passed [got Success]


test_hwrng_small_read_boundaries: `read(fd, buf, sizes[i])` passed [got Success]


test_hwrng_small_read_boundaries: `read(fd, buf, sizes[i])` passed [got Success]


test_hwrng_small_read_boundaries: `read(fd, buf, sizes[i])` passed [got Success]


test_hwrng_small_read_boundaries: `read(fd, buf, sizes[i])` passed [got Success]


test_hwrng_small_read_boundaries: `read(fd, buf, sizes[i])` passed [got Success]


test_hwrng_small_read_boundaries: `read(fd, buf, sizes[i])` passed [got Success]


test_hwrng_small_read_boundaries: `read(fd, buf, sizes[i])` passed [got Success]


test_hwrng_small_read_boundaries: `read(fd, buf, sizes[i])` passed [got Success]


test_hwrng_small_read_boundaries: `read(fd, buf, sizes[i])` passed [got Success]


test_hwrng_small_read_boundaries: `read(fd, buf, sizes[i])` passed [got Success]


test_hwrng_small_read_boundaries: `read(fd, buf, sizes[i])` passed [got Success]


test_hwrng_small_read_boundaries: `read(fd, buf, sizes[i])` passed [got Success]


test_hwrng_small_read_boundaries: `read(fd, buf, sizes[i])` passed [got Success]


test_hwrng_small_read_boundaries: `read(fd, buf, sizes[i])` passed [got Success]


test_hwrng_small_read_boundaries: `read(fd, buf, sizes[i])` passed [got Success]


test_hwrng_small_read_boundaries: `read(fd, buf, sizes[i])` passed [got Success]


test_hwrng_small_read_boundaries: `read(fd, buf, sizes[i])` passed [got Success]


test_hwrng_small_read_boundaries: `read(fd, buf, sizes[i])` passed [got Success]


test_hwrng_small_read_boundaries: `read(fd, buf, sizes[i])` passed [got Success]


test_hwrng_small_read_boundaries: `read(fd, buf, sizes[i])` passed [got Success]


test_hwrng_small_read_boundaries: `read(fd, buf, sizes[i])` passed [got Success]


test_hwrng_small_read_boundaries: `read(fd, buf, sizes[i])` passed [got Success]


test_hwrng_small_read_boundaries: `read(fd, buf, sizes[i])` passed [got Success]


test_hwrng_small_read_boundaries: `read(fd, buf, sizes[i])` passed [got Success]


test_hwrng_small_read_boundaries: `read(fd, buf, sizes[i])` passed [got Success]


test_hwrng_small_read_boundaries: `read(fd, buf, sizes[i])` passed [got Success]


test_hwrng_small_read_boundaries: `read(fd, buf, sizes[i])` passed [got Success]


test_hwrng_small_read_boundaries: `read(fd, buf, sizes[i])` passed [got Success]


test_hwrng_small_read_boundaries: `read(fd, buf, sizes[i])` passed [got Success]


test_hwrng_small_read_boundaries: `read(fd, buf, sizes[i])` passed [got Success]


test_hwrng_small_read_boundaries: `read(fd, buf, sizes[i])` passed [got Success]


test_hwrng_small_read_boundaries: `read(fd, buf, sizes[i])` passed [got Success]


test_hwrng_small_read_boundaries: `read(fd, buf, sizes[i])` passed [got Success]


test_hwrng_small_read_boundaries: `read(fd, buf, sizes[i])` passed [got Success]


test_hwrng_small_read_boundaries: `read(fd, buf, sizes[i])` passed [got Success]


test_hwrng_small_read_boundaries: `read(fd, buf, sizes[i])` passed [got Success]


test_hwrng_small_read_boundaries: `read(fd, buf, sizes[i])` passed [got Success]


test_hwrng_small_read_boundaries: `read(fd, buf, sizes[i])` passed [got Success]


test_hwrng_small_read_boundaries: `read(fd, buf, sizes[i])` passed [got Success]


test_hwrng_small_read_boundaries: `read(fd, buf, sizes[i])` passed [got Success]


test_hwrng_small_read_boundaries: `read(fd, buf, sizes[i])` passed [got Success]


test_hwrng_small_read_boundaries: `read(fd, buf, sizes[i])` passed [got Success]


test_hwrng_small_read_boundaries: `read(fd, buf, sizes[i])` passed [got Success]


test_hwrng_small_read_boundaries: `read(fd, buf, sizes[i])` passed [got Success]


test_hwrng_small_read_boundaries: `read(fd, buf, sizes[i])` passed [got Success]


test_hwrng_small_read_boundaries: `read(fd, buf, sizes[i])` passed [got Success]


test_hwrng_small_read_boundaries: `read(fd, buf, sizes[i])` passed [got Success]


test_hwrng_small_read_boundaries: `read(fd, buf, sizes[i])` passed [got Success]


test_hwrng_small_read_boundaries: `read(fd, buf, sizes[i])` passed [got Success]


test_hwrng_small_read_boundaries: `read(fd, buf, sizes[i])` passed [got Success]


test_hwrng_small_read_boundaries: `read(fd, buf, sizes[i])` passed [got Success]


test_hwrng_small_read_boundaries: `read(fd, buf, sizes[i])` passed [got Success]


test_hwrng_small_read_boundaries: `read(fd, buf, sizes[i])` passed [got Success]


test_hwrng_small_read_boundaries: `read(fd, buf, sizes[i])` passed [got Success]


test_hwrng_small_read_boundaries: `read(fd, buf, sizes[i])` passed [got Success]


test_hwrng_small_read_boundaries: `read(fd, buf, sizes[i])` passed [got Success]


test_hwrng_small_read_boundaries: `read(fd, buf, sizes[i])` passed [got Success]


test_hwrng_small_read_boundaries: `read(fd, buf, sizes[i])` passed [got Success]


test_hwrng_small_read_boundaries: `read(fd, buf, sizes[i])` passed [got Success]


test_hwrng_small_read_boundaries: `read(fd, buf, sizes[i])` passed [got Success]


test_hwrng_small_read_boundaries: `read(fd, buf, sizes[i])` passed [got Success]


test_hwrng_small_read_boundaries: `read(fd, buf, sizes[i])` passed [got Success]


test_hwrng_small_read_boundaries: `read(fd, buf, sizes[i])` passed [got Success]


test_hwrng_small_read_boundaries: `read(fd, buf, sizes[i])` passed [got Success]


test_hwrng_small_read_boundaries: `read(fd, buf, sizes[i])` passed [got Success]


test_hwrng_small_read_boundaries: `read(fd, buf, sizes[i])` passed [got Success]


test_hwrng_small_read_boundaries: `read(fd, buf, sizes[i])` passed [got Success]


test_hwrng_small_read_boundaries: `read(fd, buf, sizes[i])` passed [got Success]


test_hwrng_small_read_boundaries: `read(fd, buf, sizes[i])` passed [got Success]


test_hwrng_small_read_boundaries: `read(fd, buf, sizes[i])` passed [got Success]


test_hwrng_small_read_boundaries: `read(fd, buf, sizes[i])` passed [got Success]


test_hwrng_small_read_boundaries: `read(fd, buf, sizes[i])` passed [got Success]


test_hwrng_small_read_boundaries: `read(fd, buf, sizes[i])` passed [got Success]


test_hwrng_small_read_boundaries: `read(fd, buf, sizes[i])` passed [got Success]


test_hwrng_small_read_boundaries: `read(fd, buf, sizes[i])` passed [got Success]


test_hwrng_small_read_boundaries: `read(fd, buf, sizes[i])` passed [got Success]


test_hwrng_small_read_boundaries: `read(fd, buf, sizes[i])` passed [got Success]


test_hwrng_small_read_boundaries: `read(fd, buf, sizes[i])` passed [got Success]


test_hwrng_small_read_boundaries: `read(fd, buf, sizes[i])` passed [got Success]


test_hwrng_small_read_boundaries: `read(fd, buf, sizes[i])` passed [got Success]


test_hwrng_small_read_boundaries: `read(fd, buf, sizes[i])` passed [got Success]


test_hwrng_small_read_boundaries: `read(fd, buf, sizes[i])` passed [got Success]


test_hwrng_small_read_boundaries: `read(fd, buf, sizes[i])` passed [got Success]


test_hwrng_small_read_boundaries: `read(fd, buf, sizes[i])` passed [got Success]


test_hwrng_small_read_boundaries: `read(fd, buf, sizes[i])` passed [got Success]


test_hwrng_small_read_boundaries: `read(fd, buf, sizes[i])` passed [got Success]


test_hwrng_small_read_boundaries: `read(fd, buf, sizes[i])` passed [got Success]


test_hwrng_small_read_boundaries: `read(fd, buf, sizes[i])` passed [got Success]


test_hwrng_small_read_boundaries: `read(fd, buf, sizes[i])` passed [got Success]


test_hwrng_small_read_boundaries: `read(fd, buf, sizes[i])` passed [got Success]


test_hwrng_small_read_boundaries: `read(fd, buf, sizes[i])` passed [got Success]


test_hwrng_small_read_boundaries: `read(fd, buf, sizes[i])` passed [got Success]


test_hwrng_small_read_boundaries: `read(fd, buf, sizes[i])` passed [got Success]


test_hwrng_small_read_boundaries: `read(fd, buf, sizes[i])` passed [got Success]


test_hwrng_small_read_boundaries: `read(fd, buf, sizes[i])` passed [got Success]


test_hwrng_small_read_boundaries: `read(fd, buf, sizes[i])` passed [got Success]


test_hwrng_small_read_boundaries: `read(fd, buf, sizes[i])` passed [got Success]


test_hwrng_small_read_boundaries: `read(fd, buf, sizes[i])` passed [got Success]


test_hwrng_small_read_boundaries: `read(fd, buf, sizes[i])` passed [got Success]


test_hwrng_small_read_boundaries: `read(fd, buf, sizes[i])` passed [got Success]


test_hwrng_small_read_boundaries: `read(fd, buf, sizes[i])` passed [got Success]


test_hwrng_small_read_boundaries: `read(fd, buf, sizes[i])` passed [got Success]


test_hwrng_small_read_boundaries: `read(fd, buf, sizes[i])` passed [got Success]


test_hwrng_small_read_boundaries: `read(fd, buf, sizes[i])` passed [got Success]


test_hwrng_small_read_boundaries: `read(fd, buf, sizes[i])` passed [got Success]


test_hwrng_small_read_boundaries: `read(fd, buf, sizes[i])` passed [got Success]


test_hwrng_small_read_boundaries: `read(fd, buf, sizes[i])` passed [got Success]


test_hwrng_small_read_boundaries: `read(fd, buf, sizes[i])` passed [got Success]


test_hwrng_small_read_boundaries: `read(fd, buf, sizes[i])` passed [got Success]


test_hwrng_small_read_boundaries: `read(fd, buf, sizes[i])` passed [got Success]


test_hwrng_small_read_boundaries: `read(fd, buf, sizes[i])` passed [got Success]


test_hwrng_small_read_boundaries: `read(fd, buf, sizes[i])` passed [got Success]


test_hwrng_small_read_boundaries: `read(fd, buf, sizes[i])` passed [got Success]


test_hwrng_small_read_boundaries: `read(fd, buf, sizes[i])` passed [got Success]


test_hwrng_small_read_boundaries: `read(fd, buf, sizes[i])` passed [got Success]


test_hwrng_small_read_boundaries: `read(fd, buf, sizes[i])` passed [got Success]


test_hwrng_small_read_boundaries: `read(fd, buf, sizes[i])` passed [got Success]


test_hwrng_small_read_boundaries: `read(fd, buf, sizes[i])` passed [got Success]


test_hwrng_small_read_boundaries: `read(fd, buf, sizes[i])` passed [got Success]


test_hwrng_small_read_boundaries: `read(fd, buf, sizes[i])` passed [got Success]


test_hwrng_small_read_boundaries: `read(fd, buf, sizes[i])` passed [got Success]


test_hwrng_small_read_boundaries: `read(fd, buf, sizes[i])` passed [got Success]


test_hwrng_small_read_boundaries: `read(fd, buf, sizes[i])` passed [got Success]


test_hwrng_small_read_boundaries: `read(fd, buf, sizes[i])` passed [got Success]


test_hwrng_small_read_boundaries: `read(fd, buf, sizes[i])` passed [got Success]


test_hwrng_small_read_boundaries: `read(fd, buf, sizes[i])` passed [got Success]


test_hwrng_small_read_boundaries: `read(fd, buf, sizes[i])` passed [got Success]


test_hwrng_small_read_boundaries: `read(fd, buf, sizes[i])` passed [got Success]


test_hwrng_small_read_boundaries: `read(fd, buf, sizes[i])` passed [got Success]


test_hwrng_small_read_boundaries: `read(fd, buf, sizes[i])` passed [got Success]


test_hwrng_small_read_boundaries: `read(fd, buf, sizes[i])` passed [got Success]


test_hwrng_small_read_boundaries: `read(fd, buf, sizes[i])` passed [got Success]


test_hwrng_small_read_boundaries: `read(fd, buf, sizes[i])` passed [got Success]


test_hwrng_small_read_boundaries: `read(fd, buf, sizes[i])` passed [got Success]


test_hwrng_small_read_boundaries: `read(fd, buf, sizes[i])` passed [got Success]


test_hwrng_small_read_boundaries: `read(fd, buf, sizes[i])` passed [got Success]


test_hwrng_small_read_boundaries: `read(fd, buf, sizes[i])` passed [got Success]


test_hwrng_small_read_boundaries: `read(fd, buf, sizes[i])` passed [got Success]


test_hwrng_small_read_boundaries: `read(fd, buf, sizes[i])` passed [got Success]


test_hwrng_small_read_boundaries: `read(fd, buf, sizes[i])` passed [got Success]


test_hwrng_small_read_boundaries: `read(fd, buf, sizes[i])` passed [got Success]


test_hwrng_small_read_boundaries: `read(fd, buf, sizes[i])` passed [got Success]


test_hwrng_small_read_boundaries: `read(fd, buf, sizes[i])` passed [got Success]


test_hwrng_small_read_boundaries: `read(fd, buf, sizes[i])` passed [got Success]


test_hwrng_small_read_boundaries: `read(fd, buf, sizes[i])` passed [got Success]


test_hwrng_small_read_boundaries: `read(fd, buf, sizes[i])` passed [got Success]


test_hwrng_small_read_boundaries: `read(fd, buf, sizes[i])` passed [got Success]


test_hwrng_small_read_boundaries: `read(fd, buf, sizes[i])` passed [got Success]


test_hwrng_small_read_boundaries: `read(fd, buf, sizes[i])` passed [got Success]


test_hwrng_small_read_boundaries: `read(fd, buf, sizes[i])` passed [got Success]


test_hwrng_small_read_boundaries: `read(fd, buf, sizes[i])` passed [got Success]


test_hwrng_small_read_boundaries: `read(fd, buf, sizes[i])` passed [got Success]


test_hwrng_small_read_boundaries: `read(fd, buf, sizes[i])` passed [got Success]


test_hwrng_small_read_boundaries: `read(fd, buf, sizes[i])` passed [got Success]


test_hwrng_small_read_boundaries: `read(fd, buf, sizes[i])` passed [got Success]


test_hwrng_small_read_boundaries: `read(fd, buf, sizes[i])` passed [got Success]


test_hwrng_small_read_boundaries: `read(fd, buf, sizes[i])` passed [got Success]


test_hwrng_small_read_boundaries: `read(fd, buf, sizes[i])` passed [got Success]


test_hwrng_small_read_boundaries: `read(fd, buf, sizes[i])` passed [got Success]


test_hwrng_small_read_boundaries: `read(fd, buf, sizes[i])` passed [got Success]


test_hwrng_small_read_boundaries: `read(fd, buf, sizes[i])` passed [got Success]


test_hwrng_small_read_boundaries: `read(fd, buf, sizes[i])` passed [got Success]


test_hwrng_small_read_boundaries: `read(fd, buf, sizes[i])` passed [got Success]


test_hwrng_small_read_boundaries: `read(fd, buf, sizes[i])` passed [got Success]


test_hwrng_small_read_boundaries: `read(fd, buf, sizes[i])` passed [got Success]


test_hwrng_small_read_boundaries: `read(fd, buf, sizes[i])` passed [got Success]


test_hwrng_small_read_boundaries: `read(fd, buf, sizes[i])` passed [got Success]


test_hwrng_small_read_boundaries: `read(fd, buf, sizes[i])` passed [got Success]


test_hwrng_small_read_boundaries: `read(fd, buf, sizes[i])` passed [got Success]


test_hwrng_small_read_boundaries: `read(fd, buf, sizes[i])` passed [got Success]


test_hwrng_small_read_boundaries: `read(fd, buf, sizes[i])` passed [got Success]


test_hwrng_small_read_boundaries: `read(fd, buf, sizes[i])` passed [got Success]


test_hwrng_small_read_boundaries: `read(fd, buf, sizes[i])` passed [got Success]


test_hwrng_small_read_boundaries: `read(fd, buf, sizes[i])` passed [got Success]


test_hwrng_small_read_boundaries: `read(fd, buf, sizes[i])` passed [got Success]


test_hwrng_small_read_boundaries: `read(fd, buf, sizes[i])` passed [got Success]


test_hwrng_small_read_boundaries: `read(fd, buf, sizes[i])` passed [got Success]


test_hwrng_small_read_boundaries: `read(fd, buf, sizes[i])` passed [got Success]


test_hwrng_small_read_boundaries: `read(fd, buf, sizes[i])` passed [got Success]


test_hwrng_small_read_boundaries: `read(fd, buf, sizes[i])` passed [got Success]


test_hwrng_small_read_boundaries: `read(fd, buf, sizes[i])` passed [got Success]


test_hwrng_small_read_boundaries: `read(fd, buf, sizes[i])` passed [got Success]


test_hwrng_small_read_boundaries: `read(fd, buf, sizes[i])` passed [got Success]


test_hwrng_small_read_boundaries: `read(fd, buf, sizes[i])` passed [got Success]


test_hwrng_small_read_boundaries: `read(fd, buf, sizes[i])` passed [got Success]


test_hwrng_small_read_boundaries: `read(fd, buf, sizes[i])` passed [got Success]


test_hwrng_small_read_boundaries: `read(fd, buf, sizes[i])` passed [got Success]


test_hwrng_small_read_boundaries: `read(fd, buf, sizes[i])` passed [got Success]


test_hwrng_small_read_boundaries: `read(fd, buf, sizes[i])` passed [got Success]


test_hwrng_small_read_boundaries: `read(fd, buf, sizes[i])` passed [got Success]


test_hwrng_small_read_boundaries: `read(fd, buf, sizes[i])` passed [got Success]


test_hwrng_small_read_boundaries: `read(fd, buf, sizes[i])` passed [got Success]


test_hwrng_small_read_boundaries: `read(fd, buf, sizes[i])` passed [got Success]


test_hwrng_small_read_boundaries: `read(fd, buf, sizes[i])` passed [got Success]


test_hwrng_small_read_boundaries: `read(fd, buf, sizes[i])` passed [got Success]


test_hwrng_small_read_boundaries: `read(fd, buf, sizes[i])` passed [got Success]


test_hwrng_small_read_boundaries: `read(fd, buf, sizes[i])` passed [got Success]


test_hwrng_small_read_boundaries: `read(fd, buf, sizes[i])` passed [got Success]


test_hwrng_small_read_boundaries: `read(fd, buf, sizes[i])` passed [got Success]


test_hwrng_small_read_boundaries: `read(fd, buf, sizes[i])` passed [got Success]


test_hwrng_small_read_boundaries: `read(fd, buf, sizes[i])` passed [got Success]


test_hwrng_small_read_boundaries: `read(fd, buf, sizes[i])` passed [got Success]


test_hwrng_small_read_boundaries: `read(fd, buf, sizes[i])` passed [got Success]


test_hwrng_small_read_boundaries: `read(fd, buf, sizes[i])` passed [got Success]


test_hwrng_small_read_boundaries: `read(fd, buf, sizes[i])` passed [got Success]


test_hwrng_small_read_boundaries: `read(fd, buf, sizes[i])` passed [got Success]


test_hwrng_small_read_boundaries: `read(fd, buf, sizes[i])` passed [got Success]


test_hwrng_small_read_boundaries: `read(fd, buf, sizes[i])` passed [got Success]


test_hwrng_small_read_boundaries: `read(fd, buf, sizes[i])` passed [got Success]


test_hwrng_small_read_boundaries: `read(fd, buf, sizes[i])` passed [got Success]


test_hwrng_small_read_boundaries: `read(fd, buf, sizes[i])` passed [got Success]


test_hwrng_small_read_boundaries: `read(fd, buf, sizes[i])` passed [got Success]


test_hwrng_small_read_boundaries: `read(fd, buf, sizes[i])` passed [got Success]


test_hwrng_small_read_boundaries: `read(fd, buf, sizes[i])` passed [got Success]


test_hwrng_small_read_boundaries: `read(fd, buf, sizes[i])` passed [got Success]


test_hwrng_small_read_boundaries: `read(fd, buf, sizes[i])` passed [got Success]


test_hwrng_small_read_boundaries: `read(fd, buf, sizes[i])` passed [got Success]


test_hwrng_small_read_boundaries: `read(fd, buf, sizes[i])` passed [got Success]


test_hwrng_small_read_boundaries: `read(fd, buf, sizes[i])` passed [got Success]


test_hwrng_small_read_boundaries: `read(fd, buf, sizes[i])` passed [got Success]


test_hwrng_small_read_boundaries: `read(fd, buf, sizes[i])` passed [got Success]


test_hwrng_small_read_boundaries: `read(fd, buf, sizes[i])` passed [got Success]


test_hwrng_small_read_boundaries: `read(fd, buf, sizes[i])` passed [got Success]


test_hwrng_small_read_boundaries: `read(fd, buf, sizes[i])` passed [got Success]


test_hwrng_small_read_boundaries: `read(fd, buf, sizes[i])` passed [got Success]


test_hwrng_small_read_boundaries: `read(fd, buf, sizes[i])` passed [got Success]


test_hwrng_small_read_boundaries: `read(fd, buf, sizes[i])` passed [got Success]


test_hwrng_small_read_boundaries: `read(fd, buf, sizes[i])` passed [got Success]


test_hwrng_small_read_boundaries: `read(fd, buf, sizes[i])` passed [got Success]


test_hwrng_small_read_boundaries: `read(fd, buf, sizes[i])` passed [got Success]


test_hwrng_small_read_boundaries: `read(fd, buf, sizes[i])` passed [got Success]


test_hwrng_small_read_boundaries: `read(fd, buf, sizes[i])` passed [got Success]


test_hwrng_small_read_boundaries: `read(fd, buf, sizes[i])` passed [got Success]


test_hwrng_small_read_boundaries: `read(fd, buf, sizes[i])` passed [got Success]


test_hwrng_small_read_boundaries: `read(fd, buf, sizes[i])` passed [got Success]


test_hwrng_small_read_boundaries: `read(fd, buf, sizes[i])` passed [got Success]


test_hwrng_small_read_boundaries: `read(fd, buf, sizes[i])` passed [got Success]


test_hwrng_small_read_boundaries: `read(fd, buf, sizes[i])` passed [got Success]


test_hwrng_small_read_boundaries: `read(fd, buf, sizes[i])` passed [got Success]


test_hwrng_small_read_boundaries: `read(fd, buf, sizes[i])` passed [got Success]


test_hwrng_small_read_boundaries: `read(fd, buf, sizes[i])` passed [got Success]


test_hwrng_small_read_boundaries: `read(fd, buf, sizes[i])` passed [got Success]


test_hwrng_small_read_boundaries: `read(fd, buf, sizes[i])` passed [got Success]


test_hwrng_small_read_boundaries: `read(fd, buf, sizes[i])` passed [got Success]


test_hwrng_small_read_boundaries: `read(fd, buf, sizes[i])` passed [got Success]


test_hwrng_small_read_boundaries: `read(fd, buf, sizes[i])` passed [got Success]


test_hwrng_small_read_boundaries: `read(fd, buf, sizes[i])` passed [got Success]


test_hwrng_small_read_boundaries: `read(fd, buf, sizes[i])` passed [got Success]


test_hwrng_small_read_boundaries: `read(fd, buf, sizes[i])` passed [got Success]


test_hwrng_small_read_boundaries: `read(fd, buf, sizes[i])` passed [got Success]


test_hwrng_small_read_boundaries: `read(fd, buf, sizes[i])` passed [got Success]


test_hwrng_small_read_boundaries: `read(fd, buf, sizes[i])` passed [got Success]


test_hwrng_small_read_boundaries: `read(fd, buf, sizes[i])` passed [got Success]


test_hwrng_small_read_boundaries: `read(fd, buf, sizes[i])` passed [got Success]


test_hwrng_small_read_boundaries: `read(fd, buf, sizes[i])` passed [got Success]


test_hwrng_small_read_boundaries: `read(fd, buf, sizes[i])` passed [got Success]


test_hwrng_small_read_boundaries: `read(fd, buf, sizes[i])` passed [got Success]


test_hwrng_small_read_boundaries: `read(fd, buf, sizes[i])` passed [got Success]


test_hwrng_small_read_boundaries: `read(fd, buf, sizes[i])` passed [got Success]


test_hwrng_small_read_boundaries: `read(fd, buf, sizes[i])` passed [got Success]


test_hwrng_small_read_boundaries: `read(fd, buf, sizes[i])` passed [got Success]


test_hwrng_small_read_boundaries: `read(fd, buf, sizes[i])` passed [got Success]


test_hwrng_small_read_boundaries: `read(fd, buf, sizes[i])` passed [got Success]


test_hwrng_small_read_boundaries: `read(fd, buf, sizes[i])` passed [got Success]


test_hwrng_small_read_boundaries: `read(fd, buf, sizes[i])` passed [got Success]


test_hwrng_small_read_boundaries: `read(fd, buf, sizes[i])` passed [got Success]


test_hwrng_small_read_boundaries: `read(fd, buf, sizes[i])` passed [got Success]


test_hwrng_small_read_boundaries: `read(fd, buf, sizes[i])` passed [got Success]


test_hwrng_small_read_boundaries: `read(fd, buf, sizes[i])` passed [got Success]


test_hwrng_small_read_boundaries: `read(fd, buf, sizes[i])` passed [got Success]


test_hwrng_small_read_boundaries: `read(fd, buf, sizes[i])` passed [got Success]


test_hwrng_small_read_boundaries: `read(fd, buf, sizes[i])` passed [got Success]


test_hwrng_small_read_boundaries: `read(fd, buf, sizes[i])` passed [got Success]


test_hwrng_small_read_boundaries: `read(fd, buf, sizes[i])` passed [got Success]


test_hwrng_small_read_boundaries: `read(fd, buf, sizes[i])` passed [got Success]


test_hwrng_small_read_boundaries: `read(fd, buf, sizes[i])` passed [got Success]


test_hwrng_small_read_boundaries: `read(fd, buf, sizes[i])` passed [got Success]


test_hwrng_small_read_boundaries: `read(fd, buf, sizes[i])` passed [got Success]


test_hwrng_small_read_boundaries: `read(fd, buf, sizes[i])` passed [got Success]


test_hwrng_small_read_boundaries: `read(fd, buf, sizes[i])` passed [got Success]


test_hwrng_small_read_boundaries: `read(fd, buf, sizes[i])` passed [got Success]


test_hwrng_small_read_boundaries: `read(fd, buf, sizes[i])` passed [got Success]


test_hwrng_small_read_boundaries: `read(fd, buf, sizes[i])` passed [got Success]


test_hwrng_small_read_boundaries: `read(fd, buf, sizes[i])` passed [got Success]


test_hwrng_small_read_boundaries: `read(fd, buf, sizes[i])` passed [got Success]


test_hwrng_small_read_boundaries: `read(fd, buf, sizes[i])` passed [got Success]


test_hwrng_small_read_boundaries: `read(fd, buf, sizes[i])` passed [got Success]


test_hwrng_small_read_boundaries: `read(fd, buf, sizes[i])` passed [got Success]


test_hwrng_small_read_boundaries: `read(fd, buf, sizes[i])` passed [got Success]


test_hwrng_small_read_boundaries: `read(fd, buf, sizes[i])` passed [got Success]


test_hwrng_small_read_boundaries: `read(fd, buf, sizes[i])` passed [got Success]


test_hwrng_small_read_boundaries: `read(fd, buf, sizes[i])` passed [got Success]


test_hwrng_small_read_boundaries: `read(fd, buf, sizes[i])` passed [got Success]


test_hwrng_small_read_boundaries: `read(fd, buf, sizes[i])` passed [got Success]


test_hwrng_small_read_boundaries: `read(fd, buf, sizes[i])` passed [got Success]


test_hwrng_small_read_boundaries: `read(fd, buf, sizes[i])` passed [got Success]


test_hwrng_small_read_boundaries: `read(fd, buf, sizes[i])` passed [got Success]


test_hwrng_small_read_boundaries: `read(fd, buf, sizes[i])` passed [got Success]


test_hwrng_small_read_boundaries: `read(fd, buf, sizes[i])` passed [got Success]


test_hwrng_small_read_boundaries: `read(fd, buf, sizes[i])` passed [got Success]


test_hwrng_small_read_boundaries: `read(fd, buf, sizes[i])` passed [got Success]


test_hwrng_small_read_boundaries: `read(fd, buf, sizes[i])` passed [got Success]


test_hwrng_small_read_boundaries: `read(fd, buf, sizes[i])` passed [got Success]


test_hwrng_small_read_boundaries: `read(fd, buf, sizes[i])` passed [got Success]


test_hwrng_small_read_boundaries: `read(fd, buf, sizes[i])` passed [got Success]


test_hwrng_small_read_boundaries: `read(fd, buf, sizes[i])` passed [got Success]


test_hwrng_small_read_boundaries: `read(fd, buf, sizes[i])` passed [got Success]


test_hwrng_small_read_boundaries: `read(fd, buf, sizes[i])` passed [got Success]


test_hwrng_small_read_boundaries: `read(fd, buf, sizes[i])` passed [got Success]


test_hwrng_small_read_boundaries: `read(fd, buf, sizes[i])` passed [got Success]


test_hwrng_small_read_boundaries: `read(fd, buf, sizes[i])` passed [got Success]


test_hwrng_small_read_boundaries: `read(fd, buf, sizes[i])` passed [got Success]


test_hwrng_small_read_boundaries: `read(fd, buf, sizes[i])` passed [got Success]


test_hwrng_small_read_boundaries: `read(fd, buf, sizes[i])` passed [got Success]


test_hwrng_small_read_boundaries: `read(fd, buf, sizes[i])` passed [got Success]


test_hwrng_small_read_boundaries: `read(fd, buf, sizes[i])` passed [got Success]


test_hwrng_small_read_boundaries: `read(fd, buf, sizes[i])` passed [got Success]


test_hwrng_small_read_boundaries: `read(fd, buf, sizes[i])` passed [got Success]


test_hwrng_small_read_boundaries: `read(fd, buf, sizes[i])` passed [got Success]


test_hwrng_small_read_boundaries: `read(fd, buf, sizes[i])` passed [got Success]


test_hwrng_small_read_boundaries: `read(fd, buf, sizes[i])` passed [got Success]


test_hwrng_small_read_boundaries: `read(fd, buf, sizes[i])` passed [got Success]


test_hwrng_small_read_boundaries: `read(fd, buf, sizes[i])` passed [got Success]


test_hwrng_small_read_boundaries: `read(fd, buf, sizes[i])` passed [got Success]


test_hwrng_small_read_boundaries: `read(fd, buf, sizes[i])` passed [got Success]


test_hwrng_small_read_boundaries: `read(fd, buf, sizes[i])` passed [got Success]


test_hwrng_small_read_boundaries: `read(fd, buf, sizes[i])` passed [got Success]


test_hwrng_small_read_boundaries: `read(fd, buf, sizes[i])` passed [got Success]


test_hwrng_small_read_boundaries: `read(fd, buf, sizes[i])` passed [got Success]


test_hwrng_small_read_boundaries: `read(fd, buf, sizes[i])` passed [got Success]


test_hwrng_small_read_boundaries: `read(fd, buf, sizes[i])` passed [got Success]


test_hwrng_small_read_boundaries: `read(fd, buf, sizes[i])` passed [got Success]


test_hwrng_small_read_boundaries: `read(fd, buf, sizes[i])` passed [got Success]


test_hwrng_small_read_boundaries: `read(fd, buf, sizes[i])` passed [got Success]


test_hwrng_small_read_boundaries: `read(fd, buf, sizes[i])` passed [got Success]


test_hwrng_small_read_boundaries: `read(fd, buf, sizes[i])` passed [got Success]


test_hwrng_small_read_boundaries: `read(fd, buf, sizes[i])` passed [got Success]


test_hwrng_small_read_boundaries: `read(fd, buf, sizes[i])` passed [got Success]


test_hwrng_small_read_boundaries: `read(fd, buf, sizes[i])` passed [got Success]


test_hwrng_small_read_boundaries: `read(fd, buf, sizes[i])` passed [got Success]


test_hwrng_small_read_boundaries: `read(fd, buf, sizes[i])` passed [got Success]


test_hwrng_small_read_boundaries: `read(fd, buf, sizes[i])` passed [got Success]


test_hwrng_small_read_boundaries: `read(fd, buf, sizes[i])` passed [got Success]


test_hwrng_small_read_boundaries: `read(fd, buf, sizes[i])` passed [got Success]


test_hwrng_small_read_boundaries: `read(fd, buf, sizes[i])` passed [got Success]


test_hwrng_small_read_boundaries: `read(fd, buf, sizes[i])` passed [got Success]


test_hwrng_small_read_boundaries: `read(fd, buf, sizes[i])` passed [got Success]


test_hwrng_small_read_boundaries: `read(fd, buf, sizes[i])` passed [got Success]


test_hwrng_small_read_boundaries: `read(fd, buf, sizes[i])` passed [got Success]


test_hwrng_small_read_boundaries: `read(fd, buf, sizes[i])` passed [got Success]


test_hwrng_small_read_boundaries: `read(fd, buf, sizes[i])` passed [got Success]


test_hwrng_small_read_boundaries: `read(fd, buf, sizes[i])` passed [got Success]


test_hwrng_small_read_boundaries: `read(fd, buf, sizes[i])` passed [got Success]


test_hwrng_small_read_boundaries: `read(fd, buf, sizes[i])` passed [got Success]


test_hwrng_small_read_boundaries: `read(fd, buf, sizes[i])` passed [got Success]


test_hwrng_small_read_boundaries: `read(fd, buf, sizes[i])` passed [got Success]


test_hwrng_small_read_boundaries: `read(fd, buf, sizes[i])` passed [got Success]


test_hwrng_small_read_boundaries: `read(fd, buf, sizes[i])` passed [got Success]


test_hwrng_small_read_boundaries: `read(fd, buf, sizes[i])` passed [got Success]


test_hwrng_small_read_boundaries: `read(fd, buf, sizes[i])` passed [got Success]


test_hwrng_small_read_boundaries: `read(fd, buf, sizes[i])` passed [got Success]


test_hwrng_small_read_boundaries: `read(fd, buf, sizes[i])` passed [got Success]


test_hwrng_small_read_boundaries: `read(fd, buf, sizes[i])` passed [got Success]


test_hwrng_small_read_boundaries: `read(fd, buf, sizes[i])` passed [got Success]


test_hwrng_small_read_boundaries: `read(fd, buf, sizes[i])` passed [got Success]


test_hwrng_small_read_boundaries: `read(fd, buf, sizes[i])` passed [got Success]


test_hwrng_small_read_boundaries: `read(fd, buf, sizes[i])` passed [got Success]


test_hwrng_small_read_boundaries: `read(fd, buf, sizes[i])` passed [got Success]


test_hwrng_small_read_boundaries: `read(fd, buf, sizes[i])` passed [got Success]


test_hwrng_small_read_boundaries: `read(fd, buf, sizes[i])` passed [got Success]


test_hwrng_small_read_boundaries: `read(fd, buf, sizes[i])` passed [got Success]


test_hwrng_small_read_boundaries: `read(fd, buf, sizes[i])` passed [got Success]


test_hwrng_small_read_boundaries: `read(fd, buf, sizes[i])` passed [got Success]


test_hwrng_small_read_boundaries: `read(fd, buf, sizes[i])` passed [got Success]


test_hwrng_small_read_boundaries: `read(fd, buf, sizes[i])` passed [got Success]


test_hwrng_small_read_boundaries: `read(fd, buf, sizes[i])` passed [got Success]


test_hwrng_small_read_boundaries: `read(fd, buf, sizes[i])` passed [got Success]


test_hwrng_small_read_boundaries: `read(fd, buf, sizes[i])` passed [got Success]


test_hwrng_small_read_boundaries: `read(fd, buf, sizes[i])` passed [got Success]


test_hwrng_small_read_boundaries: `read(fd, buf, sizes[i])` passed [got Success]


test_hwrng_small_read_boundaries: `read(fd, buf, sizes[i])` passed [got Success]


test_hwrng_small_read_boundaries: `read(fd, buf, sizes[i])` passed [got Success]


test_hwrng_small_read_boundaries: `read(fd, buf, sizes[i])` passed [got Success]


test_hwrng_small_read_boundaries: `read(fd, buf, sizes[i])` passed [got Success]


test_hwrng_small_read_boundaries: `read(fd, buf, sizes[i])` passed [got Success]


test_hwrng_small_read_boundaries: `read(fd, buf, sizes[i])` passed [got Success]


test_hwrng_small_read_boundaries: `read(fd, buf, sizes[i])` passed [got Success]


test_hwrng_small_read_boundaries: `read(fd, buf, sizes[i])` passed [got Success]


test_hwrng_small_read_boundaries: `read(fd, buf, sizes[i])` passed [got Success]


test_hwrng_small_read_boundaries: `read(fd, buf, sizes[i])` passed [got Success]


test_hwrng_small_read_boundaries: `read(fd, buf, sizes[i])` passed [got Success]


test_hwrng_small_read_boundaries: `read(fd, buf, sizes[i])` passed [got Success]


test_hwrng_small_read_boundaries: `read(fd, buf, sizes[i])` passed [got Success]


test_hwrng_small_read_boundaries: `read(fd, buf, sizes[i])` passed [got Success]


test_hwrng_small_read_boundaries: `read(fd, buf, sizes[i])` passed [got Success]


test_hwrng_small_read_boundaries: `read(fd, buf, sizes[i])` passed [got Success]


test_hwrng_small_read_boundaries: `read(fd, buf, sizes[i])` passed [got Success]


test_hwrng_small_read_boundaries: `read(fd, buf, sizes[i])` passed [got Success]


test_hwrng_small_read_boundaries: `read(fd, buf, sizes[i])` passed [got Success]


test_hwrng_small_read_boundaries: `read(fd, buf, sizes[i])` passed [got Success]


test_hwrng_small_read_boundaries: `read(fd, buf, sizes[i])` passed [got Success]


test_hwrng_small_read_boundaries: `read(fd, buf, sizes[i])` passed [got Success]


test_hwrng_small_read_boundaries: `read(fd, buf, sizes[i])` passed [got Success]


test_hwrng_small_read_boundaries: `read(fd, buf, sizes[i])` passed [got Success]


test_hwrng_small_read_boundaries: `read(fd, buf, sizes[i])` passed [got Success]


test_hwrng_small_read_boundaries: `read(fd, buf, sizes[i])` passed [got Success]


test_hwrng_small_read_boundaries: `read(fd, buf, sizes[i])` passed [got Success]


test_hwrng_small_read_boundaries: `read(fd, buf, sizes[i])` passed [got Success]


test_hwrng_small_read_boundaries: `read(fd, buf, sizes[i])` passed [got Success]


test_hwrng_small_read_boundaries: `read(fd, buf, sizes[i])` passed [got Success]


test_hwrng_small_read_boundaries: `read(fd, buf, sizes[i])` passed [got Success]


test_hwrng_small_read_boundaries: `read(fd, buf, sizes[i])` passed [got Success]


test_hwrng_small_read_boundaries: `read(fd, buf, sizes[i])` passed [got Success]


test_hwrng_small_read_boundaries: `read(fd, buf, sizes[i])` passed [got Success]


test_hwrng_small_read_boundaries: `read(fd, buf, sizes[i])` passed [got Success]


test_hwrng_small_read_boundaries: `read(fd, buf, sizes[i])` passed [got Success]


test_hwrng_small_read_boundaries: `read(fd, buf, sizes[i])` passed [got Success]


test_hwrng_small_read_boundaries: `read(fd, buf, sizes[i])` passed [got Success]


test_hwrng_small_read_boundaries: `read(fd, buf, sizes[i])` passed [got Success]


test_hwrng_small_read_boundaries: `read(fd, buf, sizes[i])` passed [got Success]


test_hwrng_small_read_boundaries: `read(fd, buf, sizes[i])` passed [got Success]


test_hwrng_small_read_boundaries: `read(fd, buf, sizes[i])` passed [got Success]


test_hwrng_small_read_boundaries: `read(fd, buf, sizes[i])` passed [got Success]


test_hwrng_small_read_boundaries: `read(fd, buf, sizes[i])` passed [got Success]


test_hwrng_small_read_boundaries: `read(fd, buf, sizes[i])` passed [got Success]


test_hwrng_small_read_boundaries: `read(fd, buf, sizes[i])` passed [got Success]


test_hwrng_small_read_boundaries: `read(fd, buf, sizes[i])` passed [got Success]


test_hwrng_small_read_boundaries: `read(fd, buf, sizes[i])` passed [got Success]


test_hwrng_small_read_boundaries: `read(fd, buf, sizes[i])` passed [got Success]


test_hwrng_small_read_boundaries: `read(fd, buf, sizes[i])` passed [got Success]


test_hwrng_small_read_boundaries: `read(fd, buf, sizes[i])` passed [got Success]


test_hwrng_small_read_boundaries: `read(fd, buf, sizes[i])` passed [got Success]


test_hwrng_small_read_boundaries: `read(fd, buf, sizes[i])` passed [got Success]


test_hwrng_small_read_boundaries: `read(fd, buf, sizes[i])` passed [got Success]


test_hwrng_small_read_boundaries: `read(fd, buf, sizes[i])` passed [got Success]


test_hwrng_small_read_boundaries: `read(fd, buf, sizes[i])` passed [got Success]


test_hwrng_small_read_boundaries: `read(fd, buf, sizes[i])` passed [got Success]


test_hwrng_small_read_boundaries: `read(fd, buf, sizes[i])` passed [got Success]


test_hwrng_small_read_boundaries: `read(fd, buf, sizes[i])` passed [got Success]


test_hwrng_small_read_boundaries: `read(fd, buf, sizes[i])` passed [got Success]


test_hwrng_small_read_boundaries: `read(fd, buf, sizes[i])` passed [got Success]


test_hwrng_small_read_boundaries: `read(fd, buf, sizes[i])` passed [got Success]


test_hwrng_small_read_boundaries: `read(fd, buf, sizes[i])` passed [got Success]


test_hwrng_small_read_boundaries: `read(fd, buf, sizes[i])` passed [got Success]


test_hwrng_small_read_boundaries: `read(fd, buf, sizes[i])` passed [got Success]


test_hwrng_small_read_boundaries: `read(fd, buf, sizes[i])` passed [got Success]


test_hwrng_small_read_boundaries: `read(fd, buf, sizes[i])` passed [got Success]


test_hwrng_small_read_boundaries: `read(fd, buf, sizes[i])` passed [got Success]


test_hwrng_small_read_boundaries: `read(fd, buf, sizes[i])` passed [got Success]


test_hwrng_small_read_boundaries: `read(fd, buf, sizes[i])` passed [got Success]


test_hwrng_small_read_boundaries: `read(fd, buf, sizes[i])` passed [got Success]


test_hwrng_small_read_boundaries: `read(fd, buf, sizes[i])` passed [got Success]


test_hwrng_small_read_boundaries: `read(fd, buf, sizes[i])` passed [got Success]


test_hwrng_small_read_boundaries: `read(fd, buf, sizes[i])` passed [got Success]


test_hwrng_small_read_boundaries: `read(fd, buf, sizes[i])` passed [got Success]


test_hwrng_small_read_boundaries: `read(fd, buf, sizes[i])` passed [got Success]


test_hwrng_small_read_boundaries: `read(fd, buf, sizes[i])` passed [got Success]


test_hwrng_small_read_boundaries: `read(fd, buf, sizes[i])` passed [got Success]


test_hwrng_small_read_boundaries: `read(fd, buf, sizes[i])` passed [got Success]


test_hwrng_small_read_boundaries: `read(fd, buf, sizes[i])` passed [got Success]


test_hwrng_small_read_boundaries: `read(fd, buf, sizes[i])` passed [got Success]


test_hwrng_small_read_boundaries: `read(fd, buf, sizes[i])` passed [got Success]


test_hwrng_small_read_boundaries: `read(fd, buf, sizes[i])` passed [got Success]


test_hwrng_small_read_boundaries: `read(fd, buf, sizes[i])` passed [got Success]


test_hwrng_small_read_boundaries: `read(fd, buf, sizes[i])` passed [got Success]


test_hwrng_small_read_boundaries: `read(fd, buf, sizes[i])` passed [got Success]


test_hwrng_small_read_boundaries: `read(fd, buf, sizes[i])` passed [got Success]


test_hwrng_small_read_boundaries: `read(fd, buf, sizes[i])` passed [got Success]


test_hwrng_small_read_boundaries: `read(fd, buf, sizes[i])` passed [got Success]


test_hwrng_small_read_boundaries: `read(fd, buf, sizes[i])` passed [got Success]


test_hwrng_small_read_boundaries: `read(fd, buf, sizes[i])` passed [got Success]


test_hwrng_small_read_boundaries: `read(fd, buf, sizes[i])` passed [got Success]


test_hwrng_small_read_boundaries: `read(fd, buf, sizes[i])` passed [got Success]


test_hwrng_small_read_boundaries: `read(fd, buf, sizes[i])` passed [got Success]


test_hwrng_small_read_boundaries: `read(fd, buf, sizes[i])` passed [got Success]


test_hwrng_small_read_boundaries: `read(fd, buf, sizes[i])` passed [got Success]


test_hwrng_small_read_boundaries: `read(fd, buf, sizes[i])` passed [got Success]


test_hwrng_small_read_boundaries: `read(fd, buf, sizes[i])` passed [got Success]


test_hwrng_small_read_boundaries: `read(fd, buf, sizes[i])` passed [got Success]


test_hwrng_small_read_boundaries: `read(fd, buf, sizes[i])` passed [got Success]


test_hwrng_small_read_boundaries: `read(fd, buf, sizes[i])` passed [got Success]


test_hwrng_small_read_boundaries: `read(fd, buf, sizes[i])` passed [got Success]


test_hwrng_small_read_boundaries: `read(fd, buf, sizes[i])` passed [got Success]


test_hwrng_small_read_boundaries: `read(fd, buf, sizes[i])` passed [got Success]


test_hwrng_small_read_boundaries: `read(fd, buf, sizes[i])` passed [got Success]


test_hwrng_small_read_boundaries: `read(fd, buf, sizes[i])` passed [got Success]


test_hwrng_small_read_boundaries: `read(fd, buf, sizes[i])` passed [got Success]


test_hwrng_small_read_boundaries: `read(fd, buf, sizes[i])` passed [got Success]


test_hwrng_small_read_boundaries: `read(fd, buf, sizes[i])` passed [got Success]


test_hwrng_small_read_boundaries: `read(fd, buf, sizes[i])` passed [got Success]


test_hwrng_small_read_boundaries: `read(fd, buf, sizes[i])` passed [got Success]


test_hwrng_small_read_boundaries: `read(fd, buf, sizes[i])` passed [got Success]


test_hwrng_small_read_boundaries: `read(fd, buf, sizes[i])` passed [got Success]


test_hwrng_small_read_boundaries: `read(fd, buf, sizes[i])` passed [got Success]


test_hwrng_small_read_boundaries: `read(fd, buf, sizes[i])` passed [got Success]


test_hwrng_small_read_boundaries: `read(fd, buf, sizes[i])` passed [got Success]


test_hwrng_small_read_boundaries: `read(fd, buf, sizes[i])` passed [got Success]


test_hwrng_small_read_boundaries: `read(fd, buf, sizes[i])` passed [got Success]


test_hwrng_small_read_boundaries: `read(fd, buf, sizes[i])` passed [got Success]


test_hwrng_small_read_boundaries: `read(fd, buf, sizes[i])` passed [got Success]


test_hwrng_small_read_boundaries: `read(fd, buf, sizes[i])` passed [got Success]


test_hwrng_small_read_boundaries: `read(fd, buf, sizes[i])` passed [got Success]


test_hwrng_small_read_boundaries: `read(fd, buf, sizes[i])` passed [got Success]


test_hwrng_small_read_boundaries: `read(fd, buf, sizes[i])` passed [got Success]


test_hwrng_small_read_boundaries: `read(fd, buf, sizes[i])` passed [got Success]


test_hwrng_small_read_boundaries: `read(fd, buf, sizes[i])` passed [got Success]


test_hwrng_small_read_boundaries: `read(fd, buf, sizes[i])` passed [got Success]


test_hwrng_small_read_boundaries: `read(fd, buf, sizes[i])` passed [got Success]


test_hwrng_small_read_boundaries: `read(fd, buf, sizes[i])` passed [got Success]


test_hwrng_small_read_boundaries: `read(fd, buf, sizes[i])` passed [got Success]


test_hwrng_small_read_boundaries: `read(fd, buf, sizes[i])` passed [got Success]


test_hwrng_small_read_boundaries: `read(fd, buf, sizes[i])` passed [got Success]


test_hwrng_small_read_boundaries: `read(fd, buf, sizes[i])` passed [got Success]


test_hwrng_small_read_boundaries: `read(fd, buf, sizes[i])` passed [got Success]


test_hwrng_small_read_boundaries: `read(fd, buf, sizes[i])` passed [got Success]


test_hwrng_small_read_boundaries: `read(fd, buf, sizes[i])` passed [got Success]


test_hwrng_small_read_boundaries: `read(fd, buf, sizes[i])` passed [got Success]


test_hwrng_small_read_boundaries: `read(fd, buf, sizes[i])` passed [got Success]


test_hwrng_small_read_boundaries: `read(fd, buf, sizes[i])` passed [got Success]


test_hwrng_small_read_boundaries: `read(fd, buf, sizes[i])` passed [got Success]


test_hwrng_small_read_boundaries: `read(fd, buf, sizes[i])` passed [got Success]


test_hwrng_small_read_boundaries: `read(fd, buf, sizes[i])` passed [got Success]


test_hwrng_small_read_boundaries: `read(fd, buf, sizes[i])` passed [got Success]


test_hwrng_small_read_boundaries: `read(fd, buf, sizes[i])` passed [got Success]


test_hwrng_small_read_boundaries: `read(fd, buf, sizes[i])` passed [got Success]


test_hwrng_small_read_boundaries: `read(fd, buf, sizes[i])` passed [got Success]


test_hwrng_small_read_boundaries: `read(fd, buf, sizes[i])` passed [got Success]


test_hwrng_small_read_boundaries: `read(fd, buf, sizes[i])` passed [got Success]


test_hwrng_small_read_boundaries: `read(fd, buf, sizes[i])` passed [got Success]


test_hwrng_small_read_boundaries: `read(fd, buf, sizes[i])` passed [got Success]


test_hwrng_small_read_boundaries: `read(fd, buf, sizes[i])` passed [got Success]


test_hwrng_small_read_boundaries: `read(fd, buf, sizes[i])` passed [got Success]


test_hwrng_small_read_boundaries: `read(fd, buf, sizes[i])` passed [got Success]


test_hwrng_small_read_boundaries: `read(fd, buf, sizes[i])` passed [got Success]


test_hwrng_small_read_boundaries: `read(fd, buf, sizes[i])` passed [got Success]


test_hwrng_small_read_boundaries: `read(fd, buf, sizes[i])` passed [got Success]


test_hwrng_small_read_boundaries: `read(fd, buf, sizes[i])` passed [got Success]


test_hwrng_small_read_boundaries: `read(fd, buf, sizes[i])` passed [got Success]


test_hwrng_small_read_boundaries: `read(fd, buf, sizes[i])` passed [got Success]


test_hwrng_small_read_boundaries: `read(fd, buf, sizes[i])` passed [got Success]


test_hwrng_small_read_boundaries: `read(fd, buf, sizes[i])` passed [got Success]


test_hwrng_small_read_boundaries: `read(fd, buf, sizes[i])` passed [got Success]


test_hwrng_small_read_boundaries: `read(fd, buf, sizes[i])` passed [got Success]


test_hwrng_small_read_boundaries: `read(fd, buf, sizes[i])` passed [got Success]


test_hwrng_small_read_boundaries: `read(fd, buf, sizes[i])` passed [got Success]


test_hwrng_small_read_boundaries: `read(fd, buf, sizes[i])` passed [got Success]


test_hwrng_small_read_boundaries: `read(fd, buf, sizes[i])` passed [got Success]


test_hwrng_small_read_boundaries: `read(fd, buf, sizes[i])` passed [got Success]


test_hwrng_small_read_boundaries: `read(fd, buf, sizes[i])` passed [got Success]


test_hwrng_small_read_boundaries: `read(fd, buf, sizes[i])` passed [got Success]


test_hwrng_small_read_boundaries: `read(fd, buf, sizes[i])` passed [got Success]


test_hwrng_small_read_boundaries: `read(fd, buf, sizes[i])` passed [got Success]


test_hwrng_small_read_boundaries: `read(fd, buf, sizes[i])` passed [got Success]


test_hwrng_small_read_boundaries: `read(fd, buf, sizes[i])` passed [got Success]


test_hwrng_small_read_boundaries: `read(fd, buf, sizes[i])` passed [got Success]


test_hwrng_small_read_boundaries: `read(fd, buf, sizes[i])` passed [got Success]


test_hwrng_small_read_boundaries: `read(fd, buf, sizes[i])` passed [got Success]


test_hwrng_small_read_boundaries: `read(fd, buf, sizes[i])` passed [got Success]


test_hwrng_small_read_boundaries: `read(fd, buf, sizes[i])` passed [got Success]


test_hwrng_small_read_boundaries: `read(fd, buf, sizes[i])` passed [got Success]


test_hwrng_small_read_boundaries: `read(fd, buf, sizes[i])` passed [got Success]


test_hwrng_small_read_boundaries: `read(fd, buf, sizes[i])` passed [got Success]


test_hwrng_small_read_boundaries: `read(fd, buf, sizes[i])` passed [got Success]


test_hwrng_small_read_boundaries: `read(fd, buf, sizes[i])` passed [got Success]


test_hwrng_small_read_boundaries: `read(fd, buf, sizes[i])` passed [got Success]


test_hwrng_small_read_boundaries: `read(fd, buf, sizes[i])` passed [got Success]


test_hwrng_small_read_boundaries: `read(fd, buf, sizes[i])` passed [got Success]


test_hwrng_small_read_boundaries: `read(fd, buf, sizes[i])` passed [got Success]


test_hwrng_small_read_boundaries: `read(fd, buf, sizes[i])` passed [got Success]


test_hwrng_small_read_boundaries: `read(fd, buf, sizes[i])` passed [got Success]


test_hwrng_small_read_boundaries: `read(fd, buf, sizes[i])` passed [got Success]


test_hwrng_small_read_boundaries: `read(fd, buf, sizes[i])` passed [got Success]


test_hwrng_small_read_boundaries: `read(fd, buf, sizes[i])` passed [got Success]


test_hwrng_small_read_boundaries: `read(fd, buf, sizes[i])` passed [got Success]


test_hwrng_small_read_boundaries: `read(fd, buf, sizes[i])` passed [got Success]


test_hwrng_small_read_boundaries: `read(fd, buf, sizes[i])` passed [got Success]


test_hwrng_small_read_boundaries: `read(fd, buf, sizes[i])` passed [got Success]


test_hwrng_small_read_boundaries: `read(fd, buf, sizes[i])` passed [got Success]


test_hwrng_small_read_boundaries: `read(fd, buf, sizes[i])` passed [got Success]


test_hwrng_small_read_boundaries: `read(fd, buf, sizes[i])` passed [got Success]


test_hwrng_small_read_boundaries: `read(fd, buf, sizes[i])` passed [got Success]


test_hwrng_small_read_boundaries: `read(fd, buf, sizes[i])` passed [got Success]


test_hwrng_small_read_boundaries: `read(fd, buf, sizes[i])` passed [got Success]


test_hwrng_small_read_boundaries: `read(fd, buf, sizes[i])` passed [got Success]


test_hwrng_small_read_boundaries: `read(fd, buf, sizes[i])` passed [got Success]


test_hwrng_small_read_boundaries: `read(fd, buf, sizes[i])` passed [got Success]


test_hwrng_small_read_boundaries: `read(fd, buf, sizes[i])` passed [got Success]


test_hwrng_small_read_boundaries: `read(fd, buf, sizes[i])` passed [got Success]


test_hwrng_small_read_boundaries: `read(fd, buf, sizes[i])` passed [got Success]


test_hwrng_small_read_boundaries: `read(fd, buf, sizes[i])` passed [got Success]


test_hwrng_small_read_boundaries: `read(fd, buf, sizes[i])` passed [got Success]


test_hwrng_small_read_boundaries: `read(fd, buf, sizes[i])` passed [got Success]


test_hwrng_small_read_boundaries: `read(fd, buf, sizes[i])` passed [got Success]


test_hwrng_small_read_boundaries: `read(fd, buf, sizes[i])` passed [got Success]


test_hwrng_small_read_boundaries: `read(fd, buf, sizes[i])` passed [got Success]


test_hwrng_small_read_boundaries: `read(fd, buf, sizes[i])` passed [got Success]


test_hwrng_small_read_boundaries: `read(fd, buf, sizes[i])` passed [got Success]


test_hwrng_small_read_boundaries: `read(fd, buf, sizes[i])` passed [got Success]


test_hwrng_small_read_boundaries: `read(fd, buf, sizes[i])` passed [got Success]


test_hwrng_small_read_boundaries: `read(fd, buf, sizes[i])` passed [got Success]


test_hwrng_small_read_boundaries: `read(fd, buf, sizes[i])` passed [got Success]


test_hwrng_small_read_boundaries: `read(fd, buf, sizes[i])` passed [got Success]


test_hwrng_small_read_boundaries: `read(fd, buf, sizes[i])` passed [got Success]


test_hwrng_small_read_boundaries: `read(fd, buf, sizes[i])` passed [got Success]


test_hwrng_small_read_boundaries: `read(fd, buf, sizes[i])` passed [got Success]


test_hwrng_small_read_boundaries: `read(fd, buf, sizes[i])` passed [got Success]


test_hwrng_small_read_boundaries: `read(fd, buf, sizes[i])` passed [got Success]


test_hwrng_small_read_boundaries: `read(fd, buf, sizes[i])` passed [got Success]


test_hwrng_small_read_boundaries: `read(fd, buf, sizes[i])` passed [got Success]


test_hwrng_small_read_boundaries: `read(fd, buf, sizes[i])` passed [got Success]


test_hwrng_small_read_boundaries: `read(fd, buf, sizes[i])` passed [got Success]


test_hwrng_small_read_boundaries: `read(fd, buf, sizes[i])` passed [got Success]


test_hwrng_small_read_boundaries: `read(fd, buf, sizes[i])` passed [got Success]


test_hwrng_small_read_boundaries: `read(fd, buf, sizes[i])` passed [got Success]


test_hwrng_small_read_boundaries: `read(fd, buf, sizes[i])` passed [got Success]


test_hwrng_small_read_boundaries: `read(fd, buf, sizes[i])` passed [got Success]


test_hwrng_small_read_boundaries: `read(fd, buf, sizes[i])` passed [got Success]


test_hwrng_small_read_boundaries: `read(fd, buf, sizes[i])` passed [got Success]


test_hwrng_small_read_boundaries: `read(fd, buf, sizes[i])` passed [got Success]


test_hwrng_small_read_boundaries: `read(fd, buf, sizes[i])` passed [got Success]


test_hwrng_small_read_boundaries: `read(fd, buf, sizes[i])` passed [got Success]


test_hwrng_small_read_boundaries: `read(fd, buf, sizes[i])` passed [got Success]


test_hwrng_small_read_boundaries: `read(fd, buf, sizes[i])` passed [got Success]


test_hwrng_small_read_boundaries: `read(fd, buf, sizes[i])` passed [got Success]


test_hwrng_small_read_boundaries: `read(fd, buf, sizes[i])` passed [got Success]


test_hwrng_small_read_boundaries: `read(fd, buf, sizes[i])` passed [got Success]


test_hwrng_small_read_boundaries: `read(fd, buf, sizes[i])` passed [got Success]


test_hwrng_small_read_boundaries: `read(fd, buf, sizes[i])` passed [got Success]


test_hwrng_small_read_boundaries: `read(fd, buf, sizes[i])` passed [got Success]


test_hwrng_small_read_boundaries: `read(fd, buf, sizes[i])` passed [got Success]


test_hwrng_small_read_boundaries: `read(fd, buf, sizes[i])` passed [got Success]


test_hwrng_small_read_boundaries: `read(fd, buf, sizes[i])` passed [got Success]


test_hwrng_small_read_boundaries: `read(fd, buf, sizes[i])` passed [got Success]


test_hwrng_small_read_boundaries: `read(fd, buf, sizes[i])` passed [got Success]


test_hwrng_small_read_boundaries: `read(fd, buf, sizes[i])` passed [got Success]


test_hwrng_small_read_boundaries: `read(fd, buf, sizes[i])` passed [got Success]


test_hwrng_small_read_boundaries: `read(fd, buf, sizes[i])` passed [got Success]


test_hwrng_small_read_boundaries: `read(fd, buf, sizes[i])` passed [got Success]


test_hwrng_small_read_boundaries: `read(fd, buf, sizes[i])` passed [got Success]


test_hwrng_small_read_boundaries: `read(fd, buf, sizes[i])` passed [got Success]


test_hwrng_small_read_boundaries: `read(fd, buf, sizes[i])` passed [got Success]


test_hwrng_small_read_boundaries: `read(fd, buf, sizes[i])` passed [got Success]


test_hwrng_small_read_boundaries: `read(fd, buf, sizes[i])` passed [got Success]


test_hwrng_small_read_boundaries: `read(fd, buf, sizes[i])` passed [got Success]


test_hwrng_small_read_boundaries: `read(fd, buf, sizes[i])` passed [got Success]


test_hwrng_small_read_boundaries: `read(fd, buf, sizes[i])` passed [got Success]


test_hwrng_small_read_boundaries: `read(fd, buf, sizes[i])` passed [got Success]


test_hwrng_small_read_boundaries: `read(fd, buf, sizes[i])` passed [got Success]


test_hwrng_small_read_boundaries: `read(fd, buf, sizes[i])` passed [got Success]


test_hwrng_small_read_boundaries: `read(fd, buf, sizes[i])` passed [got Success]


test_hwrng_small_read_boundaries: `read(fd, buf, sizes[i])` passed [got Success]


test_hwrng_small_read_boundaries: `read(fd, buf, sizes[i])` passed [got Success]


test_hwrng_small_read_boundaries: `read(fd, buf, sizes[i])` passed [got Success]


test_hwrng_small_read_boundaries: `read(fd, buf, sizes[i])` passed [got Success]


test_hwrng_small_read_boundaries: `read(fd, buf, sizes[i])` passed [got Success]


test_hwrng_small_read_boundaries: `read(fd, buf, sizes[i])` passed [got Success]


test_hwrng_small_read_boundaries: `read(fd, buf, sizes[i])` passed [got Success]


test_hwrng_small_read_boundaries: `read(fd, buf, sizes[i])` passed [got Success]


test_hwrng_small_read_boundaries: `read(fd, buf, sizes[i])` passed [got Success]


test_hwrng_small_read_boundaries: `read(fd, buf, sizes[i])` passed [got Success]


test_hwrng_small_read_boundaries: `read(fd, buf, sizes[i])` passed [got Success]


test_hwrng_small_read_boundaries: `read(fd, buf, sizes[i])` passed [got Success]


test_hwrng_small_read_boundaries: `read(fd, buf, sizes[i])` passed [got Success]


test_hwrng_small_read_boundaries: `read(fd, buf, sizes[i])` passed [got Success]


test_hwrng_small_read_boundaries: `read(fd, buf, sizes[i])` passed [got Success]


test_hwrng_small_read_boundaries: `read(fd, buf, sizes[i])` passed [got Success]


test_hwrng_small_read_boundaries: `read(fd, buf, sizes[i])` passed [got Success]


test_hwrng_small_read_boundaries: `read(fd, buf, sizes[i])` passed [got Success]


test_hwrng_small_read_boundaries: `read(fd, buf, sizes[i])` passed [got Success]


test_hwrng_small_read_boundaries: `read(fd, buf, sizes[i])` passed [got Success]


test_hwrng_small_read_boundaries: `read(fd, buf, sizes[i])` passed [got Success]


test_hwrng_small_read_boundaries: `read(fd, buf, sizes[i])` passed [got Success]


test_hwrng_small_read_boundaries: `read(fd, buf, sizes[i])` passed [got Success]


test_hwrng_small_read_boundaries: `read(fd, buf, sizes[i])` passed [got Success]


test_hwrng_small_read_boundaries: `read(fd, buf, sizes[i])` passed [got Success]


test_hwrng_small_read_boundaries: `read(fd, buf, sizes[i])` passed [got Success]


test_hwrng_small_read_boundaries: `read(fd, buf, sizes[i])` passed [got Success]


test_hwrng_small_read_boundaries: `read(fd, buf, sizes[i])` passed [got Success]


test_hwrng_small_read_boundaries: `read(fd, buf, sizes[i])` passed [got Success]


test_hwrng_small_read_boundaries: `read(fd, buf, sizes[i])` passed [got Success]


test_hwrng_small_read_boundaries: `read(fd, buf, sizes[i])` passed [got Success]


test_hwrng_small_read_boundaries: `read(fd, buf, sizes[i])` passed [got Success]


test_hwrng_small_read_boundaries: `read(fd, buf, sizes[i])` passed [got Success]


test_hwrng_small_read_boundaries: `read(fd, buf, sizes[i])` passed [got Success]


test_hwrng_small_read_boundaries: `read(fd, buf, sizes[i])` passed [got Success]


test_hwrng_small_read_boundaries: `read(fd, buf, sizes[i])` passed [got Success]


test_hwrng_small_read_boundaries: `read(fd, buf, sizes[i])` passed [got Success]


test_hwrng_small_read_boundaries: `read(fd, buf, sizes[i])` passed [got Success]


test_hwrng_small_read_boundaries: `read(fd, buf, sizes[i])` passed [got Success]


test_hwrng_small_read_boundaries: `read(fd, buf, sizes[i])` passed [got Success]


test_hwrng_small_read_boundaries: `read(fd, buf, sizes[i])` passed [got Success]


test_hwrng_small_read_boundaries: `read(fd, buf, sizes[i])` passed [got Success]


test_hwrng_small_read_boundaries: `read(fd, buf, sizes[i])` passed [got Success]


test_hwrng_small_read_boundaries: `read(fd, buf, sizes[i])` passed [got Success]


test_hwrng_small_read_boundaries: `read(fd, buf, sizes[i])` passed [got Success]


test_hwrng_small_read_boundaries: `read(fd, buf, sizes[i])` passed [got Success]


test_hwrng_small_read_boundaries: `read(fd, buf, sizes[i])` passed [got Success]


test_hwrng_small_read_boundaries: `read(fd, buf, sizes[i])` passed [got Success]


test_hwrng_small_read_boundaries: `read(fd, buf, sizes[i])` passed [got Success]


test_hwrng_small_read_boundaries: `read(fd, buf, sizes[i])` passed [got Success]


test_hwrng_small_read_boundaries: `read(fd, buf, sizes[i])` passed [got Success]


test_hwrng_small_read_boundaries: `read(fd, buf, sizes[i])` passed [got Success]


test_hwrng_small_read_boundaries: `read(fd, buf, sizes[i])` passed [got Success]


test_hwrng_small_read_boundaries: `read(fd, buf, sizes[i])` passed [got Success]


test_hwrng_small_read_boundaries: `read(fd, buf, sizes[i])` passed [got Success]


test_hwrng_small_read_boundaries: `read(fd, buf, sizes[i])` passed [got Success]


test_hwrng_small_read_boundaries: `read(fd, buf, sizes[i])` passed [got Success]


test_hwrng_small_read_boundaries: `read(fd, buf, sizes[i])` passed [got Success]


test_hwrng_small_read_boundaries: `read(fd, buf, sizes[i])` passed [got Success]


test_hwrng_small_read_boundaries: `read(fd, buf, sizes[i])` passed [got Success]


test_hwrng_small_read_boundaries: `read(fd, buf, sizes[i])` passed [got Success]


test_hwrng_small_read_boundaries: `read(fd, buf, sizes[i])` passed [got Success]


test_hwrng_small_read_boundaries: `read(fd, buf, sizes[i])` passed [got Success]


test_hwrng_small_read_boundaries: `read(fd, buf, sizes[i])` passed [got Success]


test_hwrng_small_read_boundaries: `read(fd, buf, sizes[i])` passed [got Success]


test_hwrng_small_read_boundaries: `read(fd, buf, sizes[i])` passed [got Success]


test_hwrng_small_read_boundaries: `read(fd, buf, sizes[i])` passed [got Success]


test_hwrng_small_read_boundaries: `read(fd, buf, sizes[i])` passed [got Success]


test_hwrng_small_read_boundaries: `read(fd, buf, sizes[i])` passed [got Success]


test_hwrng_small_read_boundaries: `read(fd, buf, sizes[i])` passed [got Success]


test_hwrng_small_read_boundaries: `read(fd, buf, sizes[i])` passed [got Success]


test_hwrng_small_read_boundaries: `read(fd, buf, sizes[i])` passed [got Success]


test_hwrng_small_read_boundaries: `read(fd, buf, sizes[i])` passed [got Success]


test_hwrng_small_read_boundaries: `read(fd, buf, sizes[i])` passed [got Success]


test_hwrng_small_read_boundaries: `read(fd, buf, sizes[i])` passed [got Success]


test_hwrng_small_read_boundaries: `read(fd, buf, sizes[i])` passed [got Success]


test_hwrng_small_read_boundaries: `read(fd, buf, sizes[i])` passed [got Success]


test_hwrng_small_read_boundaries: `read(fd, buf, sizes[i])` passed [got Success]


test_hwrng_small_read_boundaries: `read(fd, buf, sizes[i])` passed [got Success]


test_hwrng_small_read_boundaries: `read(fd, buf, sizes[i])` passed [got Success]


test_hwrng_small_read_boundaries: `read(fd, buf, sizes[i])` passed [got Success]


test_hwrng_small_read_boundaries: `read(fd, buf, sizes[i])` passed [got Success]


test_hwrng_small_read_boundaries: `read(fd, buf, sizes[i])` passed [got Success]


test_hwrng_small_read_boundaries: `read(fd, buf, sizes[i])` passed [got Success]


test_hwrng_small_read_boundaries: `read(fd, buf, sizes[i])` passed [got Success]


test_hwrng_small_read_boundaries: `read(fd, buf, sizes[i])` passed [got Success]


test_hwrng_small_read_boundaries: `read(fd, buf, sizes[i])` passed [got Success]


test_hwrng_small_read_boundaries: `read(fd, buf, sizes[i])` passed [got Success]


test_hwrng_small_read_boundaries: `read(fd, buf, sizes[i])` passed [got Success]


test_hwrng_small_read_boundaries: `read(fd, buf, sizes[i])` passed [got Success]


test_hwrng_small_read_boundaries: `read(fd, buf, sizes[i])` passed [got Success]


test_hwrng_small_read_boundaries: `read(fd, buf, sizes[i])` passed [got Success]


test_hwrng_small_read_boundaries: `read(fd, buf, sizes[i])` passed [got Success]


test_hwrng_small_read_boundaries: `read(fd, buf, sizes[i])` passed [got Success]


test_hwrng_small_read_boundaries: `read(fd, buf, sizes[i])` passed [got Success]


test_hwrng_small_read_boundaries: `read(fd, buf, sizes[i])` passed [got Success]


test_hwrng_small_read_boundaries: `read(fd, buf, sizes[i])` passed [got Success]


test_hwrng_small_read_boundaries: `read(fd, buf, sizes[i])` passed [got Success]


test_hwrng_small_read_boundaries: `read(fd, buf, sizes[i])` passed [got Success]


test_hwrng_small_read_boundaries: `read(fd, buf, sizes[i])` passed [got Success]


test_hwrng_small_read_boundaries: `read(fd, buf, sizes[i])` passed [got Success]


test_hwrng_small_read_boundaries: `read(fd, buf, sizes[i])` passed [got Success]


test_hwrng_small_read_boundaries: `read(fd, buf, sizes[i])` passed [got Success]


test_hwrng_small_read_boundaries: `read(fd, buf, sizes[i])` passed [got Success]


test_hwrng_small_read_boundaries: `read(fd, buf, sizes[i])` passed [got Success]


test_hwrng_small_read_boundaries: `read(fd, buf, sizes[i])` passed [got Success]


test_hwrng_small_read_boundaries: `read(fd, buf, sizes[i])` passed [got Success]


test_hwrng_small_read_boundaries: `read(fd, buf, sizes[i])` passed [got Success]


test_hwrng_small_read_boundaries: `read(fd, buf, sizes[i])` passed [got Success]


test_hwrng_small_read_boundaries: `read(fd, buf, sizes[i])` passed [got Success]


test_hwrng_small_read_boundaries: `read(fd, buf, sizes[i])` passed [got Success]


test_hwrng_small_read_boundaries: `read(fd, buf, sizes[i])` passed [got Success]


test_hwrng_small_read_boundaries: `read(fd, buf, sizes[i])` passed [got Success]


test_hwrng_small_read_boundaries: `read(fd, buf, sizes[i])` passed [got Success]


test_hwrng_small_read_boundaries: `read(fd, buf, sizes[i])` passed [got Success]


test_hwrng_small_read_boundaries: `read(fd, buf, sizes[i])` passed [got Success]


test_hwrng_small_read_boundaries: `read(fd, buf, sizes[i])` passed [got Success]


test_hwrng_small_read_boundaries: `read(fd, buf, sizes[i])` passed [got Success]


test_hwrng_small_read_boundaries: `read(fd, buf, sizes[i])` passed [got Success]


test_hwrng_small_read_boundaries: `read(fd, buf, sizes[i])` passed [got Success]


test_hwrng_small_read_boundaries: `read(fd, buf, sizes[i])` passed [got Success]


test_hwrng_small_read_boundaries: `read(fd, buf, sizes[i])` passed [got Success]


test_hwrng_small_read_boundaries: `read(fd, buf, sizes[i])` passed [got Success]


test_hwrng_small_read_boundaries: `read(fd, buf, sizes[i])` passed [got Success]


test_hwrng_small_read_boundaries: `read(fd, buf, sizes[i])` passed [got Success]


test_hwrng_small_read_boundaries: `read(fd, buf, sizes[i])` passed [got Success]


test_hwrng_small_read_boundaries: `read(fd, buf, sizes[i])` passed [got Success]


test_hwrng_small_read_boundaries: `read(fd, buf, sizes[i])` passed [got Success]


test_hwrng_small_read_boundaries: `read(fd, buf, sizes[i])` passed [got Success]


test_hwrng_small_read_boundaries: `read(fd, buf, sizes[i])` passed [got Success]


test_hwrng_small_read_boundaries: `read(fd, buf, sizes[i])` passed [got Success]


test_hwrng_small_read_boundaries: `read(fd, buf, sizes[i])` passed [got Success]


test_hwrng_small_read_boundaries: `read(fd, buf, sizes[i])` passed [got Success]


test_hwrng_small_read_boundaries: `read(fd, buf, sizes[i])` passed [got Success]


test_hwrng_small_read_boundaries: `read(fd, buf, sizes[i])` passed [got Success]


test_hwrng_small_read_boundaries: `read(fd, buf, sizes[i])` passed [got Success]


test_hwrng_small_read_boundaries: `read(fd, buf, sizes[i])` passed [got Success]


test_hwrng_small_read_boundaries: `read(fd, buf, sizes[i])` passed [got Success]


test_hwrng_small_read_boundaries: `read(fd, buf, sizes[i])` passed [got Success]


test_hwrng_small_read_boundaries: `read(fd, buf, sizes[i])` passed [got Success]


test_hwrng_small_read_boundaries: `read(fd, buf, sizes[i])` passed [got Success]


test_hwrng_small_read_boundaries: `read(fd, buf, sizes[i])` passed [got Success]


test_hwrng_small_read_boundaries: `read(fd, buf, sizes[i])` passed [got Success]


test_hwrng_small_read_boundaries: `read(fd, buf, sizes[i])` passed [got Success]


test_hwrng_small_read_boundaries: `read(fd, buf, sizes[i])` passed [got Success]


test_hwrng_small_read_boundaries: `read(fd, buf, sizes[i])` passed [got Success]


test_hwrng_small_read_boundaries: `read(fd, buf, sizes[i])` passed [got Success]


test_hwrng_small_read_boundaries: `read(fd, buf, sizes[i])` passed [got Success]


test_hwrng_small_read_boundaries: `read(fd, buf, sizes[i])` passed [got Success]


test_hwrng_small_read_boundaries: `read(fd, buf, sizes[i])` passed [got Success]


test_hwrng_small_read_boundaries: `read(fd, buf, sizes[i])` passed [got Success]


test_hwrng_small_read_boundaries: `read(fd, buf, sizes[i])` passed [got Success]


test_hwrng_small_read_boundaries: `read(fd, buf, sizes[i])` passed [got Success]


test_hwrng_small_read_boundaries: `read(fd, buf, sizes[i])` passed [got Success]


test_hwrng_small_read_boundaries: `read(fd, buf, sizes[i])` passed [got Success]


test_hwrng_small_read_boundaries: `read(fd, buf, sizes[i])` passed [got Success]


test_hwrng_small_read_boundaries: `read(fd, buf, sizes[i])` passed [got Success]


test_hwrng_small_read_boundaries: `read(fd, buf, sizes[i])` passed [got Success]


test_hwrng_small_read_boundaries: `read(fd, buf, sizes[i])` passed [got Success]


test_hwrng_small_read_boundaries: `read(fd, buf, sizes[i])` passed [got Success]


test_hwrng_small_read_boundaries: `read(fd, buf, sizes[i])` passed [got Success]


test_hwrng_small_read_boundaries: `read(fd, buf, sizes[i])` passed [got Success]


test_hwrng_small_read_boundaries: `read(fd, buf, sizes[i])` passed [got Success]


test_hwrng_small_read_boundaries: `read(fd, buf, sizes[i])` passed [got Success]


test_hwrng_small_read_boundaries: `read(fd, buf, sizes[i])` passed [got Success]


test_hwrng_small_read_boundaries: `read(fd, buf, sizes[i])` passed [got Success]


test_hwrng_small_read_boundaries: `read(fd, buf, sizes[i])` passed [got Success]


test_hwrng_small_read_boundaries: `read(fd, buf, sizes[i])` passed [got Success]


test_hwrng_small_read_boundaries: `read(fd, buf, sizes[i])` passed [got Success]


test_hwrng_small_read_boundaries: `read(fd, buf, sizes[i])` passed [got Success]


test_hwrng_small_read_boundaries: `read(fd, buf, sizes[i])` passed [got Success]


test_hwrng_small_read_boundaries: `read(fd, buf, sizes[i])` passed [got Success]


test_hwrng_small_read_boundaries: `read(fd, buf, sizes[i])` passed [got Success]


test_hwrng_small_read_boundaries: `read(fd, buf, sizes[i])` passed [got Success]


test_hwrng_small_read_boundaries: `read(fd, buf, sizes[i])` passed [got Success]


test_hwrng_small_read_boundaries: `read(fd, buf, sizes[i])` passed [got Success]


test_hwrng_small_read_boundaries: `read(fd, buf, sizes[i])` passed [got Success]


test_hwrng_small_read_boundaries: `read(fd, buf, sizes[i])` passed [got Success]


test_hwrng_small_read_boundaries: `read(fd, buf, sizes[i])` passed [got Success]


test_hwrng_small_read_boundaries: `read(fd, buf, sizes[i])` passed [got Success]


test_hwrng_small_read_boundaries: `read(fd, buf, sizes[i])` passed [got Success]


test_hwrng_small_read_boundaries: `read(fd, buf, sizes[i])` passed [got Success]


test_hwrng_small_read_boundaries: `read(fd, buf, sizes[i])` passed [got Success]


test_hwrng_small_read_boundaries: `read(fd, buf, sizes[i])` passed [got Success]


test_hwrng_small_read_boundaries: `read(fd, buf, sizes[i])` passed [got Success]


test_hwrng_small_read_boundaries: `read(fd, buf, sizes[i])` passed [got Success]


test_hwrng_small_read_boundaries: `read(fd, buf, sizes[i])` passed [got Success]


test_hwrng_small_read_boundaries: `read(fd, buf, sizes[i])` passed [got Success]


test_hwrng_small_read_boundaries: `read(fd, buf, sizes[i])` passed [got Success]


test_hwrng_small_read_boundaries: `read(fd, buf, sizes[i])` passed [got Success]


test_hwrng_small_read_boundaries: `read(fd, buf, sizes[i])` passed [got Success]


test_hwrng_small_read_boundaries: `read(fd, buf, sizes[i])` passed [got Success]


test_hwrng_small_read_boundaries: `read(fd, buf, sizes[i])` passed [got Success]


test_hwrng_small_read_boundaries: `read(fd, buf, sizes[i])` passed [got Success]


test_hwrng_small_read_boundaries: `read(fd, buf, sizes[i])` passed [got Success]


test_hwrng_small_read_boundaries: `read(fd, buf, sizes[i])` passed [got Success]


test_hwrng_small_read_boundaries: `read(fd, buf, sizes[i])` passed [got Success]


test_hwrng_small_read_boundaries: `read(fd, buf, sizes[i])` passed [got Success]


test_hwrng_small_read_boundaries: `read(fd, buf, sizes[i])` passed [got Success]


test_hwrng_small_read_boundaries: `read(fd, buf, sizes[i])` passed [got Success]


test_hwrng_small_read_boundaries: `read(fd, buf, sizes[i])` passed [got Success]


test_hwrng_small_read_boundaries: `read(fd, buf, sizes[i])` passed [got Success]


test_hwrng_small_read_boundaries: `read(fd, buf, sizes[i])` passed [got Success]


test_hwrng_small_read_boundaries: `read(fd, buf, sizes[i])` passed [got Success]


test_hwrng_small_read_boundaries: `read(fd, buf, sizes[i])` passed [got Success]


test_hwrng_small_read_boundaries: `read(fd, buf, sizes[i])` passed [got Success]


test_hwrng_small_read_boundaries: `read(fd, buf, sizes[i])` passed [got Success]


test_hwrng_small_read_boundaries: `read(fd, buf, sizes[i])` passed [got Success]


test_hwrng_small_read_boundaries: `read(fd, buf, sizes[i])` passed [got Success]


test_hwrng_small_read_boundaries: `read(fd, buf, sizes[i])` passed [got Success]


test_hwrng_small_read_boundaries: `read(fd, buf, sizes[i])` passed [got Success]


test_hwrng_small_read_boundaries: `read(fd, buf, sizes[i])` passed [got Success]


test_hwrng_small_read_boundaries: `read(fd, buf, sizes[i])` passed [got Success]


test_hwrng_small_read_boundaries: `read(fd, buf, sizes[i])` passed [got Success]


test_hwrng_small_read_boundaries: `read(fd, buf, sizes[i])` passed [got Success]


test_hwrng_small_read_boundaries: `read(fd, buf, sizes[i])` passed [got Success]


test_hwrng_small_read_boundaries: `read(fd, buf, sizes[i])` passed [got Success]


test_hwrng_small_read_boundaries: `read(fd, buf, sizes[i])` passed [got Success]


test_hwrng_small_read_boundaries: `read(fd, buf, sizes[i])` passed [got Success]


test_hwrng_small_read_boundaries: `read(fd, buf, sizes[i])` passed [got Success]


test_hwrng_small_read_boundaries: `read(fd, buf, sizes[i])` passed [got Success]


test_hwrng_small_read_boundaries: `read(fd, buf, sizes[i])` passed [got Success]


test_hwrng_small_read_boundaries: `read(fd, buf, sizes[i])` passed [got Success]


test_hwrng_small_read_boundaries: `read(fd, buf, sizes[i])` passed [got Success]


test_hwrng_small_read_boundaries: `read(fd, buf, sizes[i])` passed [got Success]


test_hwrng_small_read_boundaries: `read(fd, buf, sizes[i])` passed [got Success]


test_hwrng_small_read_boundaries: `read(fd, buf, sizes[i])` passed [got Success]


test_hwrng_small_read_boundaries: `read(fd, buf, sizes[i])` passed [got Success]


test_hwrng_small_read_boundaries: `read(fd, buf, sizes[i])` passed [got Success]


test_hwrng_small_read_boundaries: `read(fd, buf, sizes[i])` passed [got Success]


test_hwrng_small_read_boundaries: `read(fd, buf, sizes[i])` passed [got Success]


test_hwrng_small_read_boundaries: `read(fd, buf, sizes[i])` passed [got Success]


test_hwrng_small_read_boundaries: `read(fd, buf, sizes[i])` passed [got Success]


test_hwrng_small_read_boundaries: `read(fd, buf, sizes[i])` passed [got Success]


test_hwrng_small_read_boundaries: `read(fd, buf, sizes[i])` passed [got Success]


test_hwrng_small_read_boundaries: `read(fd, buf, sizes[i])` passed [got Success]


test_hwrng_small_read_boundaries: `read(fd, buf, sizes[i])` passed [got Success]


test_hwrng_small_read_boundaries: `read(fd, buf, sizes[i])` passed [got Success]


test_hwrng_small_read_boundaries: `read(fd, buf, sizes[i])` passed [got Success]


test_hwrng_small_read_boundaries: `read(fd, buf, sizes[i])` passed [got Success]


test_hwrng_small_read_boundaries: `read(fd, buf, sizes[i])` passed [got Success]


test_hwrng_small_read_boundaries: `read(fd, buf, sizes[i])` passed [got Success]


test_hwrng_small_read_boundaries: `read(fd, buf, sizes[i])` passed [got Success]


test_hwrng_small_read_boundaries: `read(fd, buf, sizes[i])` passed [got Success]


test_hwrng_small_read_boundaries: `read(fd, buf, sizes[i])` passed [got Success]


test_hwrng_small_read_boundaries: `read(fd, buf, sizes[i])` passed [got Success]


test_hwrng_small_read_boundaries: `read(fd, buf, sizes[i])` passed [got Success]


test_hwrng_small_read_boundaries: `read(fd, buf, sizes[i])` passed [got Success]


test_hwrng_small_read_boundaries: `read(fd, buf, sizes[i])` passed [got Success]


test_hwrng_small_read_boundaries: `read(fd, buf, sizes[i])` passed [got Success]


test_hwrng_small_read_boundaries: `read(fd, buf, sizes[i])` passed [got Success]


test_hwrng_small_read_boundaries: `read(fd, buf, sizes[i])` passed [got Success]


test_hwrng_small_read_boundaries: `read(fd, buf, sizes[i])` passed [got Success]


test_hwrng_small_read_boundaries: `read(fd, buf, sizes[i])` passed [got Success]


test_hwrng_small_read_boundaries: `read(fd, buf, sizes[i])` passed [got Success]


test_hwrng_small_read_boundaries: `read(fd, buf, sizes[i])` passed [got Success]


test_hwrng_small_read_boundaries: `read(fd, buf, sizes[i])` passed [got Success]


test_hwrng_small_read_boundaries: `read(fd, buf, sizes[i])` passed [got Success]


test_hwrng_small_read_boundaries: `read(fd, buf, sizes[i])` passed [got Success]


test_hwrng_small_read_boundaries: `read(fd, buf, sizes[i])` passed [got Success]


test_hwrng_small_read_boundaries: `read(fd, buf, sizes[i])` passed [got Success]


test_hwrng_small_read_boundaries: `read(fd, buf, sizes[i])` passed [got Success]


test_hwrng_small_read_boundaries: `read(fd, buf, sizes[i])` passed [got Success]


test_hwrng_small_read_boundaries: `read(fd, buf, sizes[i])` passed [got Success]


test_hwrng_small_read_boundaries: `read(fd, buf, sizes[i])` passed [got Success]


test_hwrng_small_read_boundaries: `read(fd, buf, sizes[i])` passed [got Success]


test_hwrng_small_read_boundaries: `read(fd, buf, sizes[i])` passed [got Success]


test_hwrng_small_read_boundaries: `read(fd, buf, sizes[i])` passed [got Success]


test_hwrng_small_read_boundaries: `read(fd, buf, sizes[i])` passed [got Success]


test_hwrng_small_read_boundaries: `read(fd, buf, sizes[i])` passed [got Success]


test_hwrng_small_read_boundaries: `read(fd, buf, sizes[i])` passed [got Success]


test_hwrng_small_read_boundaries: `read(fd, buf, sizes[i])` passed [got Success]


test_hwrng_small_read_boundaries: `read(fd, buf, sizes[i])` passed [got Success]


test_hwrng_small_read_boundaries: `read(fd, buf, sizes[i])` passed [got Success]


test_hwrng_small_read_boundaries: `read(fd, buf, sizes[i])` passed [got Success]


test_hwrng_small_read_boundaries: `read(fd, buf, sizes[i])` passed [got Success]


test_hwrng_small_read_boundaries: `read(fd, buf, sizes[i])` passed [got Success]


test_hwrng_small_read_boundaries: `read(fd, buf, sizes[i])` passed [got Success]


test_hwrng_small_read_boundaries: `read(fd, buf, sizes[i])` passed [got Success]


test_hwrng_small_read_boundaries: `read(fd, buf, sizes[i])` passed [got Success]


test_hwrng_small_read_boundaries: `read(fd, buf, sizes[i])` passed [got Success]


test_hwrng_small_read_boundaries: `read(fd, buf, sizes[i])` passed [got Success]


test_hwrng_small_read_boundaries: `read(fd, buf, sizes[i])` passed [got Success]


test_hwrng_small_read_boundaries: `read(fd, buf, sizes[i])` passed [got Success]


test_hwrng_small_read_boundaries: `read(fd, buf, sizes[i])` passed [got Success]


test_hwrng_small_read_boundaries: `read(fd, buf, sizes[i])` passed [got Success]


test_hwrng_small_read_boundaries: `read(fd, buf, sizes[i])` passed [got Success]


test_hwrng_small_read_boundaries: `read(fd, buf, sizes[i])` passed [got Success]


test_hwrng_small_read_boundaries: `read(fd, buf, sizes[i])` passed [got Success]


test_hwrng_small_read_boundaries: `read(fd, buf, sizes[i])` passed [got Success]


test_hwrng_small_read_boundaries: `read(fd, buf, sizes[i])` passed [got Success]


test_hwrng_small_read_boundaries: `read(fd, buf, sizes[i])` passed [got Success]


test_hwrng_small_read_boundaries: `read(fd, buf, sizes[i])` passed [got Success]


test_hwrng_small_read_boundaries: `read(fd, buf, sizes[i])` passed [got Success]


test_hwrng_small_read_boundaries: `read(fd, buf, sizes[i])` passed [got Success]


test_hwrng_small_read_boundaries: `read(fd, buf, sizes[i])` passed [got Success]


test_hwrng_small_read_boundaries: `read(fd, buf, sizes[i])` passed [got Success]


test_hwrng_small_read_boundaries: `read(fd, buf, sizes[i])` passed [got Success]


test_hwrng_small_read_boundaries: `read(fd, buf, sizes[i])` passed [got Success]


test_hwrng_small_read_boundaries: `read(fd, buf, sizes[i])` passed [got Success]


test_hwrng_small_read_boundaries: `read(fd, buf, sizes[i])` passed [got Success]


test_hwrng_small_read_boundaries: `read(fd, buf, sizes[i])` passed [got Success]


test_hwrng_small_read_boundaries: `read(fd, buf, sizes[i])` passed [got Success]


test_hwrng_small_read_boundaries: `read(fd, buf, sizes[i])` passed [got Success]


test_hwrng_small_read_boundaries: `read(fd, buf, sizes[i])` passed [got Success]


test_hwrng_small_read_boundaries: `read(fd, buf, sizes[i])` passed [got Success]


test_hwrng_small_read_boundaries: `read(fd, buf, sizes[i])` passed [got Success]


test_hwrng_small_read_boundaries: `read(fd, buf, sizes[i])` passed [got Success]


test_hwrng_small_read_boundaries: `read(fd, buf, sizes[i])` passed [got Success]


test_hwrng_small_read_boundaries: `read(fd, buf, sizes[i])` passed [got Success]


test_hwrng_small_read_boundaries: `read(fd, buf, sizes[i])` passed [got Success]


test_hwrng_small_read_boundaries: `read(fd, buf, sizes[i])` passed [got Success]


test_hwrng_small_read_boundaries: `read(fd, buf, sizes[i])` passed [got Success]


test_hwrng_small_read_boundaries: `read(fd, buf, sizes[i])` passed [got Success]


test_hwrng_small_read_boundaries: `read(fd, buf, sizes[i])` passed [got Success]


test_hwrng_small_read_boundaries: `read(fd, buf, sizes[i])` passed [got Success]


test_hwrng_small_read_boundaries: `read(fd, buf, sizes[i])` passed [got Success]


test_hwrng_small_read_boundaries: `read(fd, buf, sizes[i])` passed [got Success]


test_hwrng_small_read_boundaries: `read(fd, buf, sizes[i])` passed [got Success]


test_hwrng_small_read_boundaries: `read(fd, buf, sizes[i])` passed [got Success]


test_hwrng_small_read_boundaries: `read(fd, buf, sizes[i])` passed [got Success]


test_hwrng_small_read_boundaries: `read(fd, buf, sizes[i])` passed [got Success]


test_hwrng_small_read_boundaries: `read(fd, buf, sizes[i])` passed [got Success]


test_hwrng_small_read_boundaries: `read(fd, buf, sizes[i])` passed [got Success]


test_hwrng_small_read_boundaries: `read(fd, buf, sizes[i])` passed [got Success]


test_hwrng_small_read_boundaries: `read(fd, buf, sizes[i])` passed [got Success]


test_hwrng_small_read_boundaries: `read(fd, buf, sizes[i])` passed [got Success]


test_hwrng_small_read_boundaries: `read(fd, buf, sizes[i])` passed [got Success]


test_hwrng_small_read_boundaries: `read(fd, buf, sizes[i])` passed [got Success]


test_hwrng_small_read_boundaries: `read(fd, buf, sizes[i])` passed [got Success]


test_hwrng_small_read_boundaries: `read(fd, buf, sizes[i])` passed [got Success]


test_hwrng_small_read_boundaries: `read(fd, buf, sizes[i])` passed [got Success]


test_hwrng_small_read_boundaries: `read(fd, buf, sizes[i])` passed [got Success]


test_hwrng_small_read_boundaries: `read(fd, buf, sizes[i])` passed [got Success]


test_hwrng_small_read_boundaries: `read(fd, buf, sizes[i])` passed [got Success]


test_hwrng_small_read_boundaries: `read(fd, buf, sizes[i])` passed [got Success]


test_hwrng_small_read_boundaries: `read(fd, buf, sizes[i])` passed [got Success]


test_hwrng_small_read_boundaries: `read(fd, buf, sizes[i])` passed [got Success]


test_hwrng_small_read_boundaries: `read(fd, buf, sizes[i])` passed [got Success]


test_hwrng_small_read_boundaries: `read(fd, buf, sizes[i])` passed [got Success]


test_hwrng_small_read_boundaries: `read(fd, buf, sizes[i])` passed [got Success]


test_hwrng_small_read_boundaries: `read(fd, buf, sizes[i])` passed [got Success]


test_hwrng_small_read_boundaries: `read(fd, buf, sizes[i])` passed [got Success]


test_hwrng_small_read_boundaries: `read(fd, buf, sizes[i])` passed [got Success]


test_hwrng_small_read_boundaries: `read(fd, buf, sizes[i])` passed [got Success]


test_hwrng_small_read_boundaries: `read(fd, buf, sizes[i])` passed [got Success]


test_hwrng_small_read_boundaries: `read(fd, buf, sizes[i])` passed [got Success]


test_hwrng_small_read_boundaries: `read(fd, buf, sizes[i])` passed [got Success]


test_hwrng_small_read_boundaries: `read(fd, buf, sizes[i])` passed [got Success]


test_hwrng_small_read_boundaries: `read(fd, buf, sizes[i])` passed [got Success]


test_hwrng_small_read_boundaries: `read(fd, buf, sizes[i])` passed [got Success]


test_hwrng_small_read_boundaries: `read(fd, buf, sizes[i])` passed [got Success]


test_hwrng_small_read_boundaries: `read(fd, buf, sizes[i])` passed [got Success]


test_hwrng_small_read_boundaries: `read(fd, buf, sizes[i])` passed [got Success]


test_hwrng_small_read_boundaries: `read(fd, buf, sizes[i])` passed [got Success]


test_hwrng_small_read_boundaries: `read(fd, buf, sizes[i])` passed [got Success]


test_hwrng_small_read_boundaries: `read(fd, buf, sizes[i])` passed [got Success]


test_hwrng_small_read_boundaries: `read(fd, buf, sizes[i])` passed [got Success]


test_hwrng_small_read_boundaries: `read(fd, buf, sizes[i])` passed [got Success]


test_hwrng_small_read_boundaries: `read(fd, buf, sizes[i])` passed [got Success]


test_hwrng_small_read_boundaries: `read(fd, buf, sizes[i])` passed [got Success]


test_hwrng_small_read_boundaries: `read(fd, buf, sizes[i])` passed [got Success]


test_hwrng_small_read_boundaries: `read(fd, buf, sizes[i])` passed [got Success]


test_hwrng_small_read_boundaries: `read(fd, buf, sizes[i])` passed [got Success]


test_hwrng_small_read_boundaries: `read(fd, buf, sizes[i])` passed [got Success]


test_hwrng_small_read_boundaries: `read(fd, buf, sizes[i])` passed [got Success]


test_hwrng_small_read_boundaries: `read(fd, buf, sizes[i])` passed [got Success]


test_hwrng_small_read_boundaries: `read(fd, buf, sizes[i])` passed [got Success]


test_hwrng_small_read_boundaries: `read(fd, buf, sizes[i])` passed [got Success]


test_hwrng_small_read_boundaries: `read(fd, buf, sizes[i])` passed [got Success]


test_hwrng_small_read_boundaries: `read(fd, buf, sizes[i])` passed [got Success]


test_hwrng_small_read_boundaries: `read(fd, buf, sizes[i])` passed [got Success]


test_hwrng_small_read_boundaries: `read(fd, buf, sizes[i])` passed [got Success]


test_hwrng_small_read_boundaries: `read(fd, buf, sizes[i])` passed [got Success]


test_hwrng_small_read_boundaries: `read(fd, buf, sizes[i])` passed [got Success]


test_hwrng_small_read_boundaries: `read(fd, buf, sizes[i])` passed [got Success]


test_hwrng_small_read_boundaries: `read(fd, buf, sizes[i])` passed [got Success]


test_hwrng_small_read_boundaries: `read(fd, buf, sizes[i])` passed [got Success]


test_hwrng_small_read_boundaries: `read(fd, buf, sizes[i])` passed [got Success]


test_hwrng_small_read_boundaries: `read(fd, buf, sizes[i])` passed [got Success]


test_hwrng_small_read_boundaries: `read(fd, buf, sizes[i])` passed [got Success]


test_hwrng_small_read_boundaries: `read(fd, buf, sizes[i])` passed [got Success]


test_hwrng_small_read_boundaries: `read(fd, buf, sizes[i])` passed [got Success]


test_hwrng_small_read_boundaries: `read(fd, buf, sizes[i])` passed [got Success]


test_hwrng_small_read_boundaries: `read(fd, buf, sizes[i])` passed [got Success]


test_hwrng_small_read_boundaries: `read(fd, buf, sizes[i])` passed [got Success]


test_hwrng_small_read_boundaries: `read(fd, buf, sizes[i])` passed [got Success]


test_hwrng_small_read_boundaries: `read(fd, buf, sizes[i])` passed [got Success]


test_hwrng_small_read_boundaries: `read(fd, buf, sizes[i])` passed [got Success]


test_hwrng_small_read_boundaries: `read(fd, buf, sizes[i])` passed [got Success]


test_hwrng_small_read_boundaries: `read(fd, buf, sizes[i])` passed [got Success]


test_hwrng_small_read_boundaries: `read(fd, buf, sizes[i])` passed [got Success]


test_hwrng_small_read_boundaries: `read(fd, buf, sizes[i])` passed [got Success]


test_hwrng_small_read_boundaries: `read(fd, buf, sizes[i])` passed [got Success]


test_hwrng_small_read_boundaries: `read(fd, buf, sizes[i])` passed [got Success]


test_hwrng_small_read_boundaries: `read(fd, buf, sizes[i])` passed [got Success]


test_hwrng_small_read_boundaries: `read(fd, buf, sizes[i])` passed [got Success]


test_hwrng_small_read_boundaries: `read(fd, buf, sizes[i])` passed [got Success]


test_hwrng_small_read_boundaries: `read(fd, buf, sizes[i])` passed [got Success]


test_hwrng_small_read_boundaries: `read(fd, buf, sizes[i])` passed [got Success]


test_hwrng_small_read_boundaries: `read(fd, buf, sizes[i])` passed [got Success]


test_hwrng_small_read_boundaries: `read(fd, buf, sizes[i])` passed [got Success]


test_hwrng_small_read_boundaries: `read(fd, buf, sizes[i])` passed [got Success]


test_hwrng_small_read_boundaries: `read(fd, buf, sizes[i])` passed [got Success]


test_hwrng_small_read_boundaries: `read(fd, buf, sizes[i])` passed [got Success]


test_hwrng_small_read_boundaries: `read(fd, buf, sizes[i])` passed [got Success]


test_hwrng_small_read_boundaries: `read(fd, buf, sizes[i])` passed [got Success]


test_hwrng_small_read_boundaries: `read(fd, buf, sizes[i])` passed [got Success]


test_hwrng_small_read_boundaries: `read(fd, buf, sizes[i])` passed [got Success]


test_hwrng_small_read_boundaries: `read(fd, buf, sizes[i])` passed [got Success]


test_hwrng_small_read_boundaries: `read(fd, buf, sizes[i])` passed [got Success]


test_hwrng_small_read_boundaries: `read(fd, buf, sizes[i])` passed [got Success]


test_hwrng_small_read_boundaries: `read(fd, buf, sizes[i])` passed [got Success]


test_hwrng_small_read_boundaries: `read(fd, buf, sizes[i])` passed [got Success]


test_hwrng_small_read_boundaries: `read(fd, buf, sizes[i])` passed [got Success]


test_hwrng_small_read_boundaries: `read(fd, buf, sizes[i])` passed [got Success]


test_hwrng_small_read_boundaries: `read(fd, buf, sizes[i])` passed [got Success]


test_hwrng_small_read_boundaries: `read(fd, buf, sizes[i])` passed [got Success]


test_hwrng_small_read_boundaries: `read(fd, buf, sizes[i])` passed [got Success]


test_hwrng_small_read_boundaries: `read(fd, buf, sizes[i])` passed [got Success]


test_hwrng_small_read_boundaries: `read(fd, buf, sizes[i])` passed [got Success]


test_hwrng_small_read_boundaries: `read(fd, buf, sizes[i])` passed [got Success]


test_hwrng_small_read_boundaries: `read(fd, buf, sizes[i])` passed [got Success]


test_hwrng_small_read_boundaries: `read(fd, buf, sizes[i])` passed [got Success]


test_hwrng_small_read_boundaries: `read(fd, buf, sizes[i])` passed [got Success]


test_hwrng_small_read_boundaries: `read(fd, buf, sizes[i])` passed [got Success]


test_hwrng_small_read_boundaries: `read(fd, buf, sizes[i])` passed [got Success]


test_hwrng_small_read_boundaries: `read(fd, buf, sizes[i])` passed [got Success]


test_hwrng_small_read_boundaries: `read(fd, buf, sizes[i])` passed [got Success]


test_hwrng_small_read_boundaries: `read(fd, buf, sizes[i])` passed [got Success]


test_hwrng_small_read_boundaries: `read(fd, buf, sizes[i])` passed [got Success]


test_hwrng_small_read_boundaries: `read(fd, buf, sizes[i])` passed [got Success]


test_hwrng_small_read_boundaries: `read(fd, buf, sizes[i])` passed [got Success]


test_hwrng_small_read_boundaries: `read(fd, buf, sizes[i])` passed [got Success]


test_hwrng_small_read_boundaries: `read(fd, buf, sizes[i])` passed [got Success]


test_hwrng_small_read_boundaries: `read(fd, buf, sizes[i])` passed [got Success]


test_hwrng_small_read_boundaries: `read(fd, buf, sizes[i])` passed [got Success]


test_hwrng_small_read_boundaries: `read(fd, buf, sizes[i])` passed [got Success]


test_hwrng_small_read_boundaries: `read(fd, buf, sizes[i])` passed [got Success]


test_hwrng_small_read_boundaries: `read(fd, buf, sizes[i])` passed [got Success]


test_hwrng_small_read_boundaries: `read(fd, buf, sizes[i])` passed [got Success]


test_hwrng_small_read_boundaries: `read(fd, buf, sizes[i])` passed [got Success]


test_hwrng_small_read_boundaries: `read(fd, buf, sizes[i])` passed [got Success]


test_hwrng_small_read_boundaries: `read(fd, buf, sizes[i])` passed [got Success]


test_hwrng_small_read_boundaries: `read(fd, buf, sizes[i])` passed [got Success]


test_hwrng_small_read_boundaries: `read(fd, buf, sizes[i])` passed [got Success]


test_hwrng_small_read_boundaries: `read(fd, buf, sizes[i])` passed [got Success]


test_hwrng_small_read_boundaries: `read(fd, buf, sizes[i])` passed [got Success]


test_hwrng_small_read_boundaries: `read(fd, buf, sizes[i])` passed [got Success]


test_hwrng_small_read_boundaries: `read(fd, buf, sizes[i])` passed [got Success]


test_hwrng_small_read_boundaries: `read(fd, buf, sizes[i])` passed [got Success]


test_hwrng_small_read_boundaries: `read(fd, buf, sizes[i])` passed [got Success]


test_hwrng_small_read_boundaries: `read(fd, buf, sizes[i])` passed [got Success]


test_hwrng_small_read_boundaries: `read(fd, buf, sizes[i])` passed [got Success]


test_hwrng_small_read_boundaries: `read(fd, buf, sizes[i])` passed [got Success]


test_hwrng_small_read_boundaries: `read(fd, buf, sizes[i])` passed [got Success]


test_hwrng_small_read_boundaries: `read(fd, buf, sizes[i])` passed [got Success]


test_hwrng_small_read_boundaries: `read(fd, buf, sizes[i])` passed [got Success]


test_hwrng_small_read_boundaries: `read(fd, buf, sizes[i])` passed [got Success]


test_hwrng_small_read_boundaries: `read(fd, buf, sizes[i])` passed [got Success]


test_hwrng_small_read_boundaries: `read(fd, buf, sizes[i])` passed [got Success]


test_hwrng_small_read_boundaries: `read(fd, buf, sizes[i])` passed [got Success]


test_hwrng_small_read_boundaries: `read(fd, buf, sizes[i])` passed [got Success]


test_hwrng_small_read_boundaries: `read(fd, buf, sizes[i])` passed [got Success]


test_hwrng_small_read_boundaries: `read(fd, buf, sizes[i])` passed [got Success]


test_hwrng_small_read_boundaries: `read(fd, buf, sizes[i])` passed [got Success]


test_hwrng_small_read_boundaries: `read(fd, buf, sizes[i])` passed [got Success]


test_hwrng_small_read_boundaries: `read(fd, buf, sizes[i])` passed [got Success]


test_hwrng_small_read_boundaries: `read(fd, buf, sizes[i])` passed [got Success]


test_hwrng_small_read_boundaries: `read(fd, buf, sizes[i])` passed [got Success]


test_hwrng_small_read_boundaries: `read(fd, buf, sizes[i])` passed [got Success]


test_hwrng_small_read_boundaries: `read(fd, buf, sizes[i])` passed [got Success]


test_hwrng_small_read_boundaries: `read(fd, buf, sizes[i])` passed [got Success]


test_hwrng_small_read_boundaries: `read(fd, buf, sizes[i])` passed [got Success]


test_hwrng_small_read_boundaries: `read(fd, buf, sizes[i])` passed [got Success]


test_hwrng_small_read_boundaries: `read(fd, buf, sizes[i])` passed [got Success]


test_hwrng_small_read_boundaries: `read(fd, buf, sizes[i])` passed [got Success]


test_hwrng_small_read_boundaries: `read(fd, buf, sizes[i])` passed [got Success]


test_hwrng_small_read_boundaries: `read(fd, buf, sizes[i])` passed [got Success]


test_hwrng_small_read_boundaries: `read(fd, buf, sizes[i])` passed [got Success]


test_hwrng_small_read_boundaries: `read(fd, buf, sizes[i])` passed [got Success]


test_hwrng_small_read_boundaries: `read(fd, buf, sizes[i])` passed [got Success]


test_hwrng_small_read_boundaries: `read(fd, buf, sizes[i])` passed [got Success]


test_hwrng_small_read_boundaries: `read(fd, buf, sizes[i])` passed [got Success]


test_hwrng_small_read_boundaries: `read(fd, buf, sizes[i])` passed [got Success]


test_hwrng_small_read_boundaries: `read(fd, buf, sizes[i])` passed [got Success]


test_hwrng_small_read_boundaries: `read(fd, buf, sizes[i])` passed [got Success]


test_hwrng_small_read_boundaries: `read(fd, buf, sizes[i])` passed [got Success]


test_hwrng_small_read_boundaries: `read(fd, buf, sizes[i])` passed [got Success]


test_hwrng_small_read_boundaries: `read(fd, buf, sizes[i])` passed [got Success]


test_hwrng_small_read_boundaries: `read(fd, buf, sizes[i])` passed [got Success]


test_hwrng_small_read_boundaries: `read(fd, buf, sizes[i])` passed [got Success]


test_hwrng_small_read_boundaries: `read(fd, buf, sizes[i])` passed [got Success]


test_hwrng_small_read_boundaries: `read(fd, buf, sizes[i])` passed [got Success]


test_hwrng_small_read_boundaries: `read(fd, buf, sizes[i])` passed [got Success]


test_hwrng_small_read_boundaries: `read(fd, buf, sizes[i])` passed [got Success]


test_hwrng_small_read_boundaries: `read(fd, buf, sizes[i])` passed [got Success]


test_hwrng_small_read_boundaries: `read(fd, buf, sizes[i])` passed [got Success]


test_hwrng_small_read_boundaries: `read(fd, buf, sizes[i])` passed [got Success]


test_hwrng_small_read_boundaries: `read(fd, buf, sizes[i])` passed [got Success]


test_hwrng_small_read_boundaries: `read(fd, buf, sizes[i])` passed [got Success]


test_hwrng_small_read_boundaries: `read(fd, buf, sizes[i])` passed [got Success]


test_hwrng_small_read_boundaries: `read(fd, buf, sizes[i])` passed [got Success]


test_hwrng_small_read_boundaries: `read(fd, buf, sizes[i])` passed [got Success]


test_hwrng_small_read_boundaries: `read(fd, buf, sizes[i])` passed [got Success]


test_hwrng_small_read_boundaries: `read(fd, buf, sizes[i])` passed [got Success]


test_hwrng_small_read_boundaries: `read(fd, buf, sizes[i])` passed [got Success]


test_hwrng_small_read_boundaries: `read(fd, buf, sizes[i])` passed [got Success]


test_hwrng_small_read_boundaries: `read(fd, buf, sizes[i])` passed [got Success]


test_hwrng_small_read_boundaries: `read(fd, buf, sizes[i])` passed [got Success]


test_hwrng_small_read_boundaries: `read(fd, buf, sizes[i])` passed [got Success]


test_hwrng_small_read_boundaries: `read(fd, buf, sizes[i])` passed [got Success]


test_hwrng_small_read_boundaries: `read(fd, buf, sizes[i])` passed [got Success]


test_hwrng_small_read_boundaries: `read(fd, buf, sizes[i])` passed [got Success]


test_hwrng_small_read_boundaries: `read(fd, buf, sizes[i])` passed [got Success]


test_hwrng_small_read_boundaries: `read(fd, buf, sizes[i])` passed [got Success]


test_hwrng_small_read_boundaries: `read(fd, buf, sizes[i])` passed [got Success]


test_hwrng_small_read_boundaries: `read(fd, buf, sizes[i])` passed [got Success]


test_hwrng_small_read_boundaries: `read(fd, buf, sizes[i])` passed [got Success]


test_hwrng_small_read_boundaries: `read(fd, buf, sizes[i])` passed [got Success]


test_hwrng_small_read_boundaries: `read(fd, buf, sizes[i])` passed [got Success]


test_hwrng_small_read_boundaries: `read(fd, buf, sizes[i])` passed [got Success]


test_hwrng_small_read_boundaries: `read(fd, buf, sizes[i])` passed [got Success]


test_hwrng_small_read_boundaries: `read(fd, buf, sizes[i])` passed [got Success]


test_hwrng_small_read_boundaries: `read(fd, buf, sizes[i])` passed [got Success]


test_hwrng_small_read_boundaries: `read(fd, buf, sizes[i])` passed [got Success]


test_hwrng_small_read_boundaries: `read(fd, buf, sizes[i])` passed [got Success]


test_hwrng_small_read_boundaries: `read(fd, buf, sizes[i])` passed [got Success]


test_hwrng_small_read_boundaries: `read(fd, buf, sizes[i])` passed [got Success]


test_hwrng_small_read_boundaries: `read(fd, buf, sizes[i])` passed [got Success]


test_hwrng_small_read_boundaries: `read(fd, buf, sizes[i])` passed [got Success]


test_hwrng_small_read_boundaries: `read(fd, buf, sizes[i])` passed [got Success]


test_hwrng_small_read_boundaries: `read(fd, buf, sizes[i])` passed [got Success]


test_hwrng_small_read_boundaries: `read(fd, buf, sizes[i])` passed [got Success]


test_hwrng_small_read_boundaries: `read(fd, buf, sizes[i])` passed [got Success]


test_hwrng_small_read_boundaries: `read(fd, buf, sizes[i])` passed [got Success]


test_hwrng_small_read_boundaries: `read(fd, buf, sizes[i])` passed [got Success]


test_hwrng_small_read_boundaries: `read(fd, buf, sizes[i])` passed [got Success]


test_hwrng_small_read_boundaries: `read(fd, buf, sizes[i])` passed [got Success]


test_hwrng_small_read_boundaries: `read(fd, buf, sizes[i])` passed [got Success]


test_hwrng_small_read_boundaries: `read(fd, buf, sizes[i])` passed [got Success]


test_hwrng_small_read_boundaries: `read(fd, buf, sizes[i])` passed [got Success]


test_hwrng_small_read_boundaries: `read(fd, buf, sizes[i])` passed [got Success]


test_hwrng_small_read_boundaries: `read(fd, buf, sizes[i])` passed [got Success]


test_hwrng_small_read_boundaries: `read(fd, buf, sizes[i])` passed [got Success]


test_hwrng_small_read_boundaries: `read(fd, buf, sizes[i])` passed [got Success]


test_hwrng_small_read_boundaries: `read(fd, buf, sizes[i])` passed [got Success]


test_hwrng_small_read_boundaries: `read(fd, buf, sizes[i])` passed [got Success]


test_hwrng_small_read_boundaries: `read(fd, buf, sizes[i])` passed [got Success]


test_hwrng_small_read_boundaries: `read(fd, buf, sizes[i])` passed [got Success]


test_hwrng_small_read_boundaries: `read(fd, buf, sizes[i])` passed [got Success]


test_hwrng_small_read_boundaries: `read(fd, buf, sizes[i])` passed [got Success]


test_hwrng_small_read_boundaries: `read(fd, buf, sizes[i])` passed [got Success]


test_hwrng_small_read_boundaries: `read(fd, buf, sizes[i])` passed [got Success]


test_hwrng_small_read_boundaries: `read(fd, buf, sizes[i])` passed [got Success]


test_hwrng_small_read_boundaries: `read(fd, buf, sizes[i])` passed [got Success]


test_hwrng_small_read_boundaries: `read(fd, buf, sizes[i])` passed [got Success]


test_hwrng_small_read_boundaries: `read(fd, buf, sizes[i])` passed [got Success]


test_hwrng_small_read_boundaries: `read(fd, buf, sizes[i])` passed [got Success]


test_hwrng_small_read_boundaries: `read(fd, buf, sizes[i])` passed [got Success]


test_hwrng_small_read_boundaries: `read(fd, buf, sizes[i])` passed [got Success]


test_hwrng_small_read_boundaries: `read(fd, buf, sizes[i])` passed [got Success]


test_hwrng_small_read_boundaries: `read(fd, buf, sizes[i])` passed [got Success]


test_hwrng_small_read_boundaries: `read(fd, buf, sizes[i])` passed [got Success]


test_hwrng_small_read_boundaries: `read(fd, buf, sizes[i])` passed [got Success]


test_hwrng_small_read_boundaries: `read(fd, buf, sizes[i])` passed [got Success]


test_hwrng_small_read_boundaries: `read(fd, buf, sizes[i])` passed [got Success]


test_hwrng_small_read_boundaries: `read(fd, buf, sizes[i])` passed [got Success]


test_hwrng_small_read_boundaries: `read(fd, buf, sizes[i])` passed [got Success]


test_hwrng_small_read_boundaries: `read(fd, buf, sizes[i])` passed [got Success]


test_hwrng_small_read_boundaries: `read(fd, buf, sizes[i])` passed [got Success]


test_hwrng_small_read_boundaries: `read(fd, buf, sizes[i])` passed [got Success]


test_hwrng_small_read_boundaries: `read(fd, buf, sizes[i])` passed [got Success]


test_hwrng_small_read_boundaries: `read(fd, buf, sizes[i])` passed [got Success]


test_hwrng_small_read_boundaries: `read(fd, buf, sizes[i])` passed [got Success]


test_hwrng_small_read_boundaries: `read(fd, buf, sizes[i])` passed [got Success]


test_hwrng_small_read_boundaries: `read(fd, buf, sizes[i])` passed [got Success]


test_hwrng_small_read_boundaries: `read(fd, buf, sizes[i])` passed [got Success]


test_hwrng_small_read_boundaries: `read(fd, buf, sizes[i])` passed [got Success]


test_hwrng_small_read_boundaries: `read(fd, buf, sizes[i])` passed [got Success]


test_hwrng_small_read_boundaries: `read(fd, buf, sizes[i])` passed [got Success]


test_hwrng_small_read_boundaries: `read(fd, buf, sizes[i])` passed [got Success]


test_hwrng_small_read_boundaries: `read(fd, buf, sizes[i])` passed [got Success]


test_hwrng_small_read_boundaries: `read(fd, buf, sizes[i])` passed [got Success]


test_hwrng_small_read_boundaries: `read(fd, buf, sizes[i])` passed [got Success]


test_hwrng_small_read_boundaries: `read(fd, buf, sizes[i])` passed [got Success]


test_hwrng_small_read_boundaries: `read(fd, buf, sizes[i])` passed [got Success]


test_hwrng_small_read_boundaries: `read(fd, buf, sizes[i])` passed [got Success]


test_hwrng_small_read_boundaries: `read(fd, buf, sizes[i])` passed [got Success]


test_hwrng_small_read_boundaries: `read(fd, buf, sizes[i])` passed [got Success]


test_hwrng_small_read_boundaries: `read(fd, buf, sizes[i])` passed [got Success]


test_hwrng_small_read_boundaries: `read(fd, buf, sizes[i])` passed [got Success]


test_hwrng_small_read_boundaries: `read(fd, buf, sizes[i])` passed [got Success]


test_hwrng_small_read_boundaries: `read(fd, buf, sizes[i])` passed [got Success]


test_hwrng_small_read_boundaries: `read(fd, buf, sizes[i])` passed [got Success]


test_hwrng_small_read_boundaries: `read(fd, buf, sizes[i])` passed [got Success]


test_hwrng_small_read_boundaries: `read(fd, buf, sizes[i])` passed [got Success]


test_hwrng_small_read_boundaries: `read(fd, buf, sizes[i])` passed [got Success]


test_hwrng_small_read_boundaries: `read(fd, buf, sizes[i])` passed [got Success]


test_hwrng_small_read_boundaries: `read(fd, buf, sizes[i])` passed [got Success]


test_hwrng_small_read_boundaries: `read(fd, buf, sizes[i])` passed [got Success]


test_hwrng_small_read_boundaries: `read(fd, buf, sizes[i])` passed [got Success]


test_hwrng_small_read_boundaries: `read(fd, buf, sizes[i])` passed [got Success]


test_hwrng_small_read_boundaries: `read(fd, buf, sizes[i])` passed [got Success]


test_hwrng_small_read_boundaries: `read(fd, buf, sizes[i])` passed [got Success]


test_hwrng_small_read_boundaries: `read(fd, buf, sizes[i])` passed [got Success]


test_hwrng_small_read_boundaries: `read(fd, buf, sizes[i])` passed [got Success]


test_hwrng_small_read_boundaries: `read(fd, buf, sizes[i])` passed [got Success]


test_hwrng_small_read_boundaries: `read(fd, buf, sizes[i])` passed [got Success]


test_hwrng_small_read_boundaries: `read(fd, buf, sizes[i])` passed [got Success]


test_hwrng_small_read_boundaries: `read(fd, buf, sizes[i])` passed [got Success]


test_hwrng_small_read_boundaries: `read(fd, buf, sizes[i])` passed [got Success]


test_hwrng_small_read_boundaries: `read(fd, buf, sizes[i])` passed [got Success]


test_hwrng_small_read_boundaries: `read(fd, buf, sizes[i])` passed [got Success]


test_hwrng_small_read_boundaries: `read(fd, buf, sizes[i])` passed [got Success]


test_hwrng_small_read_boundaries: `read(fd, buf, sizes[i])` passed [got Success]


test_hwrng_small_read_boundaries: `read(fd, buf, sizes[i])` passed [got Success]


test_hwrng_small_read_boundaries: `read(fd, buf, sizes[i])` passed [got Success]


test_hwrng_small_read_boundaries: `read(fd, buf, sizes[i])` passed [got Success]


test_hwrng_small_read_boundaries: `read(fd, buf, sizes[i])` passed [got Success]


test_hwrng_small_read_boundaries: `read(fd, buf, sizes[i])` passed [got Success]


test_hwrng_small_read_boundaries: `read(fd, buf, sizes[i])` passed [got Success]


test_hwrng_small_read_boundaries: `read(fd, buf, sizes[i])` passed [got Success]


test_hwrng_small_read_boundaries: `read(fd, buf, sizes[i])` passed [got Success]


test_hwrng_small_read_boundaries: `read(fd, buf, sizes[i])` passed [got Success]


test_hwrng_small_read_boundaries: `read(fd, buf, sizes[i])` passed [got Success]


test_hwrng_small_read_boundaries: `read(fd, buf, sizes[i])` passed [got Success]


test_hwrng_small_read_boundaries: `read(fd, buf, sizes[i])` passed [got Success]


test_hwrng_small_read_boundaries: `read(fd, buf, sizes[i])` passed [got Success]


test_hwrng_small_read_boundaries: `read(fd, buf, sizes[i])` passed [got Success]


test_hwrng_small_read_boundaries: `read(fd, buf, sizes[i])` passed [got Success]


test_hwrng_small_read_boundaries: `read(fd, buf, sizes[i])` passed [got Success]


test_hwrng_small_read_boundaries: `read(fd, buf, sizes[i])` passed [got Success]


test_hwrng_small_read_boundaries: `read(fd, buf, sizes[i])` passed [got Success]


test_hwrng_small_read_boundaries: `read(fd, buf, sizes[i])` passed [got Success]


test_hwrng_small_read_boundaries: `read(fd, buf, sizes[i])` passed [got Success]


test_hwrng_small_read_boundaries: `read(fd, buf, sizes[i])` passed [got Success]


test_hwrng_small_read_boundaries: `read(fd, buf, sizes[i])` passed [got Success]


test_hwrng_small_read_boundaries: `read(fd, buf, sizes[i])` passed [got Success]


test_hwrng_small_read_boundaries: `read(fd, buf, sizes[i])` passed [got Success]


test_hwrng_small_read_boundaries: `read(fd, buf, sizes[i])` passed [got Success]


test_hwrng_small_read_boundaries: `read(fd, buf, sizes[i])` passed [got Success]


test_hwrng_small_read_boundaries: `read(fd, buf, sizes[i])` passed [got Success]


test_hwrng_small_read_boundaries: `read(fd, buf, sizes[i])` passed [got Success]


test_hwrng_small_read_boundaries: `read(fd, buf, sizes[i])` passed [got Success]


test_hwrng_small_read_boundaries: `read(fd, buf, sizes[i])` passed [got Success]


test_hwrng_small_read_boundaries: `read(fd, buf, sizes[i])` passed [got Success]


test_hwrng_small_read_boundaries: `read(fd, buf, sizes[i])` passed [got Success]


test_hwrng_small_read_boundaries: `read(fd, buf, sizes[i])` passed [got Success]


test_hwrng_small_read_boundaries: `read(fd, buf, sizes[i])` passed [got Success]


test_hwrng_small_read_boundaries: `read(fd, buf, sizes[i])` passed [got Success]


test_hwrng_small_read_boundaries: `read(fd, buf, sizes[i])` passed [got Success]


test_hwrng_small_read_boundaries: `read(fd, buf, sizes[i])` passed [got Success]


test_hwrng_small_read_boundaries: `read(fd, buf, sizes[i])` passed [got Success]


test_hwrng_small_read_boundaries: `read(fd, buf, sizes[i])` passed [got Success]


test_hwrng_small_read_boundaries: `read(fd, buf, sizes[i])` passed [got Success]


test_hwrng_small_read_boundaries: `read(fd, buf, sizes[i])` passed [got Success]


test_hwrng_small_read_boundaries: `read(fd, buf, sizes[i])` passed [got Success]


test_hwrng_small_read_boundaries: `read(fd, buf, sizes[i])` passed [got Success]


test_hwrng_small_read_boundaries: `read(fd, buf, sizes[i])` passed [got Success]


test_hwrng_small_read_boundaries: `read(fd, buf, sizes[i])` passed [got Success]


test_hwrng_small_read_boundaries: `read(fd, buf, sizes[i])` passed [got Success]


test_hwrng_small_read_boundaries: `read(fd, buf, sizes[i])` passed [got Success]


test_hwrng_small_read_boundaries: `read(fd, buf, sizes[i])` passed [got Success]


test_hwrng_small_read_boundaries: `read(fd, buf, sizes[i])` passed [got Success]


test_hwrng_small_read_boundaries: `read(fd, buf, sizes[i])` passed [got Success]


test_hwrng_small_read_boundaries: `read(fd, buf, sizes[i])` passed [got Success]


test_hwrng_small_read_boundaries: `read(fd, buf, sizes[i])` passed [got Success]


test_hwrng_small_read_boundaries: `read(fd, buf, sizes[i])` passed [got Success]


test_hwrng_small_read_boundaries: `read(fd, buf, sizes[i])` passed [got Success]


test_hwrng_small_read_boundaries: `read(fd, buf, sizes[i])` passed [got Success]


test_hwrng_small_read_boundaries: `read(fd, buf, sizes[i])` passed [got Success]


test_hwrng_small_read_boundaries: `read(fd, buf, sizes[i])` passed [got Success]


test_hwrng_small_read_boundaries: `read(fd, buf, sizes[i])` passed [got Success]


test_hwrng_small_read_boundaries: `read(fd, buf, sizes[i])` passed [got Success]


test_hwrng_small_read_boundaries: `read(fd, buf, sizes[i])` passed [got Success]


test_hwrng_small_read_boundaries: `read(fd, buf, sizes[i])` passed [got Success]


test_hwrng_small_read_boundaries: `read(fd, buf, sizes[i])` passed [got Success]


test_hwrng_small_read_boundaries: `read(fd, buf, sizes[i])` passed [got Success]


test_hwrng_small_read_boundaries: `read(fd, buf, sizes[i])` passed [got Success]


test_hwrng_small_read_boundaries: `read(fd, buf, sizes[i])` passed [got Success]


test_hwrng_small_read_boundaries: `read(fd, buf, sizes[i])` passed [got Success]


test_hwrng_small_read_boundaries: `read(fd, buf, sizes[i])` passed [got Success]


test_hwrng_small_read_boundaries: `read(fd, buf, sizes[i])` passed [got Success]


test_hwrng_small_read_boundaries: `read(fd, buf, sizes[i])` passed [got Success]


test_hwrng_small_read_boundaries: `read(fd, buf, sizes[i])` passed [got Success]


test_hwrng_small_read_boundaries: `read(fd, buf, sizes[i])` passed [got Success]


test_hwrng_small_read_boundaries: `read(fd, buf, sizes[i])` passed [got Success]


test_hwrng_small_read_boundaries: `read(fd, buf, sizes[i])` passed [got Success]


test_hwrng_small_read_boundaries: `read(fd, buf, sizes[i])` passed [got Success]


test_hwrng_small_read_boundaries: `read(fd, buf, sizes[i])` passed [got Success]


test_hwrng_small_read_boundaries: `read(fd, buf, sizes[i])` passed [got Success]


test_hwrng_small_read_boundaries: `read(fd, buf, sizes[i])` passed [got Success]


test_hwrng_small_read_boundaries: `read(fd, buf, sizes[i])` passed [got Success]


test_hwrng_small_read_boundaries: `read(fd, buf, sizes[i])` passed [got Success]


test_hwrng_small_read_boundaries: `read(fd, buf, sizes[i])` passed [got Success]


test_hwrng_small_read_boundaries: `read(fd, buf, sizes[i])` passed [got Success]


test_hwrng_small_read_boundaries: `read(fd, buf, sizes[i])` passed [got Success]


test_hwrng_small_read_boundaries: `read(fd, buf, sizes[i])` passed [got Success]


test_hwrng_small_read_boundaries: `read(fd, buf, sizes[i])` passed [got Success]


test_hwrng_small_read_boundaries: `read(fd, buf, sizes[i])` passed [got Success]


test_hwrng_small_read_boundaries: `read(fd, buf, sizes[i])` passed [got Success]


test_hwrng_small_read_boundaries: `read(fd, buf, sizes[i])` passed [got Success]


test_hwrng_small_read_boundaries: `read(fd, buf, sizes[i])` passed [got Success]


test_hwrng_small_read_boundaries: `read(fd, buf, sizes[i])` passed [got Success]


test_hwrng_small_read_boundaries: `read(fd, buf, sizes[i])` passed [got Success]


test_hwrng_small_read_boundaries: `read(fd, buf, sizes[i])` passed [got Success]


test_hwrng_small_read_boundaries: `read(fd, buf, sizes[i])` passed [got Success]


test_hwrng_small_read_boundaries: `read(fd, buf, sizes[i])` passed [got Success]


test_hwrng_small_read_boundaries: `read(fd, buf, sizes[i])` passed [got Success]


test_hwrng_small_read_boundaries: `read(fd, buf, sizes[i])` passed [got Success]


test_hwrng_small_read_boundaries: `read(fd, buf, sizes[i])` passed [got Success]


test_hwrng_small_read_boundaries: `read(fd, buf, sizes[i])` passed [got Success]


test_hwrng_small_read_boundaries: `read(fd, buf, sizes[i])` passed [got Success]


test_hwrng_small_read_boundaries: `read(fd, buf, sizes[i])` passed [got Success]


test_hwrng_small_read_boundaries: `read(fd, buf, sizes[i])` passed [got Success]


test_hwrng_small_read_boundaries: `read(fd, buf, sizes[i])` passed [got Success]


test_hwrng_small_read_boundaries: `read(fd, buf, sizes[i])` passed [got Success]


test_hwrng_small_read_boundaries: `read(fd, buf, sizes[i])` passed [got Success]


test_hwrng_small_read_boundaries: `read(fd, buf, sizes[i])` passed [got Success]


test_hwrng_small_read_boundaries: `read(fd, buf, sizes[i])` passed [got Success]


test_hwrng_small_read_boundaries: `read(fd, buf, sizes[i])` passed [got Success]


test_hwrng_small_read_boundaries: `read(fd, buf, sizes[i])` passed [got Success]


test_hwrng_small_read_boundaries: `read(fd, buf, sizes[i])` passed [got Success]


test_hwrng_small_read_boundaries: `read(fd, buf, sizes[i])` passed [got Success]


test_hwrng_small_read_boundaries: `read(fd, buf, sizes[i])` passed [got Success]


test_hwrng_small_read_boundaries: `read(fd, buf, sizes[i])` passed [got Success]


test_hwrng_small_read_boundaries: `read(fd, buf, sizes[i])` passed [got Success]


test_hwrng_small_read_boundaries: `read(fd, buf, sizes[i])` passed [got Success]


test_hwrng_small_read_boundaries: `read(fd, buf, sizes[i])` passed [got Success]


test_hwrng_small_read_boundaries: `read(fd, buf, sizes[i])` passed [got Success]


test_hwrng_small_read_boundaries: `read(fd, buf, sizes[i])` passed [got Success]


test_hwrng_small_read_boundaries: `read(fd, buf, sizes[i])` passed [got Success]


test_hwrng_small_read_boundaries: `read(fd, buf, sizes[i])` passed [got Success]


test_hwrng_small_read_boundaries: `read(fd, buf, sizes[i])` passed [got Success]


test_hwrng_small_read_boundaries: `read(fd, buf, sizes[i])` passed [got Success]


test_hwrng_small_read_boundaries: `read(fd, buf, sizes[i])` passed [got Success]


test_hwrng_small_read_boundaries: `read(fd, buf, sizes[i])` passed [got Success]


test_hwrng_small_read_boundaries: `read(fd, buf, sizes[i])` passed [got Success]


test_hwrng_small_read_boundaries: `read(fd, buf, sizes[i])` passed [got Success]


test_hwrng_small_read_boundaries: `read(fd, buf, sizes[i])` passed [got Success]


test_hwrng_small_read_boundaries: `read(fd, buf, sizes[i])` passed [got Success]


test_hwrng_small_read_boundaries: `read(fd, buf, sizes[i])` passed [got Success]


test_hwrng_small_read_boundaries: `read(fd, buf, sizes[i])` passed [got Success]


test_hwrng_small_read_boundaries: `read(fd, buf, sizes[i])` passed [got Success]


test_hwrng_small_read_boundaries: `read(fd, buf, sizes[i])` passed [got Success]


test_hwrng_small_read_boundaries: `read(fd, buf, sizes[i])` passed [got Success]


test_hwrng_small_read_boundaries: `read(fd, buf, sizes[i])` passed [got Success]


test_hwrng_small_read_boundaries: `read(fd, buf, sizes[i])` passed [got Success]


test_hwrng_small_read_boundaries: `read(fd, buf, sizes[i])` passed [got Success]


test_hwrng_small_read_boundaries: `read(fd, buf, sizes[i])` passed [got Success]


test_hwrng_small_read_boundaries: `read(fd, buf, sizes[i])` passed [got Success]


test_hwrng_small_read_boundaries: `read(fd, buf, sizes[i])` passed [got Success]


test_hwrng_small_read_boundaries: `read(fd, buf, sizes[i])` passed [got Success]


test_hwrng_small_read_boundaries: `read(fd, buf, sizes[i])` passed [got Success]


test_hwrng_small_read_boundaries: `read(fd, buf, sizes[i])` passed [got Success]


test_hwrng_small_read_boundaries: `read(fd, buf, sizes[i])` passed [got Success]


test_hwrng_small_read_boundaries: `read(fd, buf, sizes[i])` passed [got Success]


test_hwrng_small_read_boundaries: `read(fd, buf, sizes[i])` passed [got Success]


test_hwrng_small_read_boundaries: `read(fd, buf, sizes[i])` passed [got Success]


test_hwrng_small_read_boundaries: `read(fd, buf, sizes[i])` passed [got Success]


test_hwrng_small_read_boundaries: `read(fd, buf, sizes[i])` passed [got Success]


test_hwrng_small_read_boundaries: `read(fd, buf, sizes[i])` passed [got Success]


test_hwrng_small_read_boundaries: `read(fd, buf, sizes[i])` passed [got Success]


test_hwrng_small_read_boundaries: `read(fd, buf, sizes[i])` passed [got Success]


test_hwrng_small_read_boundaries: `read(fd, buf, sizes[i])` passed [got Success]


test_hwrng_small_read_boundaries: `read(fd, buf, sizes[i])` passed [got Success]


test_hwrng_small_read_boundaries: `read(fd, buf, sizes[i])` passed [got Success]


test_hwrng_small_read_boundaries: `read(fd, buf, sizes[i])` passed [got Success]


test_hwrng_small_read_boundaries: `read(fd, buf, sizes[i])` passed [got Success]


test_hwrng_small_read_boundaries: `read(fd, buf, sizes[i])` passed [got Success]


test_hwrng_small_read_boundaries: `read(fd, buf, sizes[i])` passed [got Success]


test_hwrng_small_read_boundaries: `read(fd, buf, sizes[i])` passed [got Success]


test_hwrng_small_read_boundaries: `read(fd, buf, sizes[i])` passed [got Success]


test_hwrng_small_read_boundaries: `read(fd, buf, sizes[i])` passed [got Success]


test_hwrng_small_read_boundaries: `read(fd, buf, sizes[i])` passed [got Success]


test_hwrng_small_read_boundaries: `read(fd, buf, sizes[i])` passed [got Success]


test_hwrng_small_read_boundaries: `read(fd, buf, sizes[i])` passed [got Success]


test_hwrng_small_read_boundaries: `read(fd, buf, sizes[i])` passed [got Success]


test_hwrng_small_read_boundaries: `read(fd, buf, sizes[i])` passed [got Success]


test_hwrng_small_read_boundaries: `read(fd, buf, sizes[i])` passed [got Success]


test_hwrng_small_read_boundaries: `read(fd, buf, sizes[i])` passed [got Success]


test_hwrng_small_read_boundaries: `read(fd, buf, sizes[i])` passed [got Success]


test_hwrng_small_read_boundaries: `read(fd, buf, sizes[i])` passed [got Success]


test_hwrng_small_read_boundaries: `read(fd, buf, sizes[i])` passed [got Success]


test_hwrng_small_read_boundaries: `read(fd, buf, sizes[i])` passed [got Success]


test_hwrng_small_read_boundaries: `read(fd, buf, sizes[i])` passed [got Success]


test_hwrng_small_read_boundaries: `read(fd, buf, sizes[i])` passed [got Success]


test_hwrng_small_read_boundaries: `read(fd, buf, sizes[i])` passed [got Success]


test_hwrng_small_read_boundaries: `read(fd, buf, sizes[i])` passed [got Success]


test_hwrng_small_read_boundaries: `read(fd, buf, sizes[i])` passed [got Success]


test_hwrng_small_read_boundaries: `read(fd, buf, sizes[i])` passed [got Success]


test_hwrng_small_read_boundaries: `read(fd, buf, sizes[i])` passed [got Success]


test_hwrng_small_read_boundaries: `read(fd, buf, sizes[i])` passed [got Success]


test_hwrng_small_read_boundaries: `read(fd, buf, sizes[i])` passed [got Success]


test_hwrng_small_read_boundaries: `read(fd, buf, sizes[i])` passed [got Success]


test_hwrng_small_read_boundaries: `read(fd, buf, sizes[i])` passed [got Success]


test_hwrng_small_read_boundaries: `read(fd, buf, sizes[i])` passed [got Success]


test_hwrng_small_read_boundaries: `read(fd, buf, sizes[i])` passed [got Success]


test_hwrng_small_read_boundaries: `read(fd, buf, sizes[i])` passed [got Success]


test_hwrng_small_read_boundaries: `read(fd, buf, sizes[i])` passed [got Success]


test_hwrng_small_read_boundaries: `read(fd, buf, sizes[i])` passed [got Success]


test_hwrng_small_read_boundaries: `read(fd, buf, sizes[i])` passed [got Success]


test_hwrng_small_read_boundaries: `read(fd, buf, sizes[i])` passed [got Success]


test_hwrng_small_read_boundaries: `read(fd, buf, sizes[i])` passed [got Success]


test_hwrng_small_read_boundaries: `read(fd, buf, sizes[i])` passed [got Success]


test_hwrng_small_read_boundaries: `read(fd, buf, sizes[i])` passed [got Success]


test_hwrng_small_read_boundaries: `read(fd, buf, sizes[i])` passed [got Success]


test_hwrng_small_read_boundaries: `read(fd, buf, sizes[i])` passed [got Success]


test_hwrng_small_read_boundaries: `read(fd, buf, sizes[i])` passed [got Success]


test_hwrng_small_read_boundaries: `read(fd, buf, sizes[i])` passed [got Success]


test_hwrng_small_read_boundaries: `read(fd, buf, sizes[i])` passed [got Success]


test_hwrng_small_read_boundaries: `read(fd, buf, sizes[i])` passed [got Success]


test_hwrng_small_read_boundaries: `read(fd, buf, sizes[i])` passed [got Success]


test_hwrng_small_read_boundaries: `read(fd, buf, sizes[i])` passed [got Success]


test_hwrng_small_read_boundaries: `read(fd, buf, sizes[i])` passed [got Success]


test_hwrng_small_read_boundaries: `read(fd, buf, sizes[i])` passed [got Success]


test_hwrng_small_read_boundaries: `read(fd, buf, sizes[i])` passed [got Success]


test_hwrng_small_read_boundaries: `read(fd, buf, sizes[i])` passed [got Success]


test_hwrng_small_read_boundaries: `read(fd, buf, sizes[i])` passed [got Success]


test_hwrng_small_read_boundaries: `read(fd, buf, sizes[i])` passed [got Success]


test_hwrng_small_read_boundaries: `read(fd, buf, sizes[i])` passed [got Success]


test_hwrng_small_read_boundaries: `read(fd, buf, sizes[i])` passed [got Success]


test_hwrng_small_read_boundaries: `read(fd, buf, sizes[i])` passed [got Success]


test_hwrng_small_read_boundaries: `read(fd, buf, sizes[i])` passed [got Success]


test_hwrng_small_read_boundaries: `read(fd, buf, sizes[i])` passed [got Success]


test_hwrng_small_read_boundaries: `read(fd, buf, sizes[i])` passed [got Success]


test_hwrng_small_read_boundaries: `read(fd, buf, sizes[i])` passed [got Success]


test_hwrng_small_read_boundaries: `read(fd, buf, sizes[i])` passed [got Success]


test_hwrng_small_read_boundaries: `read(fd, buf, sizes[i])` passed [got Success]


test_hwrng_small_read_boundaries: `read(fd, buf, sizes[i])` passed [got Success]


test_hwrng_small_read_boundaries: `read(fd, buf, sizes[i])` passed [got Success]


test_hwrng_small_read_boundaries: `read(fd, buf, sizes[i])` passed [got Success]


test_hwrng_small_read_boundaries: `read(fd, buf, sizes[i])` passed [got Success]


test_hwrng_small_read_boundaries: `read(fd, buf, sizes[i])` passed [got Success]


test_hwrng_small_read_boundaries: `read(fd, buf, sizes[i])` passed [got Success]


test_hwrng_small_read_boundaries: `read(fd, buf, sizes[i])` passed [got Success]


test_hwrng_small_read_boundaries: `read(fd, buf, sizes[i])` passed [got Success]


test_hwrng_small_read_boundaries: `read(fd, buf, sizes[i])` passed [got Success]


test_hwrng_small_read_boundaries: `read(fd, buf, sizes[i])` passed [got Success]


test_hwrng_small_read_boundaries: `read(fd, buf, sizes[i])` passed [got Success]


test_hwrng_small_read_boundaries: `read(fd, buf, sizes[i])` passed [got Success]


test_hwrng_small_read_boundaries: `read(fd, buf, sizes[i])` passed [got Success]


test_hwrng_small_read_boundaries: `read(fd, buf, sizes[i])` passed [got Success]


test_hwrng_small_read_boundaries: `read(fd, buf, sizes[i])` passed [got Success]


test_hwrng_small_read_boundaries: `read(fd, buf, sizes[i])` passed [got Success]


test_hwrng_small_read_boundaries: `read(fd, buf, sizes[i])` passed [got Success]


test_hwrng_small_read_boundaries: `read(fd, buf, sizes[i])` passed [got Success]


test_hwrng_small_read_boundaries: `read(fd, buf, sizes[i])` passed [got Success]


test_hwrng_small_read_boundaries: `read(fd, buf, sizes[i])` passed [got Success]


test_hwrng_small_read_boundaries: `read(fd, buf, sizes[i])` passed [got Success]


test_hwrng_small_read_boundaries: `read(fd, buf, sizes[i])` passed [got Success]


test_hwrng_small_read_boundaries: `read(fd, buf, sizes[i])` passed [got Success]


test_hwrng_small_read_boundaries: `read(fd, buf, sizes[i])` passed [got Success]


test_hwrng_small_read_boundaries: `read(fd, buf, sizes[i])` passed [got Success]


test_hwrng_small_read_boundaries: `read(fd, buf, sizes[i])` passed [got Success]


test_hwrng_small_read_boundaries: `read(fd, buf, sizes[i])` passed [got Success]


test_hwrng_small_read_boundaries: `read(fd, buf, sizes[i])` passed [got Success]


test_hwrng_small_read_boundaries: `read(fd, buf, sizes[i])` passed [got Success]


test_hwrng_small_read_boundaries: `read(fd, buf, sizes[i])` passed [got Success]


test_hwrng_small_read_boundaries: `read(fd, buf, sizes[i])` passed [got Success]


test_hwrng_small_read_boundaries: `read(fd, buf, sizes[i])` passed [got Success]


test_hwrng_small_read_boundaries: `read(fd, buf, sizes[i])` passed [got Success]


test_hwrng_small_read_boundaries: `read(fd, buf, sizes[i])` passed [got Success]


test_hwrng_small_read_boundaries: `read(fd, buf, sizes[i])` passed [got Success]


test_hwrng_small_read_boundaries: `read(fd, buf, sizes[i])` passed [got Success]


test_hwrng_small_read_boundaries: `read(fd, buf, sizes[i])` passed [got Success]


test_hwrng_small_read_boundaries: `read(fd, buf, sizes[i])` passed [got Success]


test_hwrng_small_read_boundaries: `read(fd, buf, sizes[i])` passed [got Success]


test_hwrng_small_read_boundaries: `read(fd, buf, sizes[i])` passed [got Success]


test_hwrng_small_read_boundaries: `read(fd, buf, sizes[i])` passed [got Success]


test_hwrng_small_read_boundaries: `read(fd, buf, sizes[i])` passed [got Success]


test_hwrng_small_read_boundaries: `read(fd, buf, sizes[i])` passed [got Success]


test_hwrng_small_read_boundaries: `read(fd, buf, sizes[i])` passed [got Success]


test_hwrng_small_read_boundaries: `read(fd, buf, sizes[i])` passed [got Success]


test_hwrng_small_read_boundaries: `read(fd, buf, sizes[i])` passed [got Success]


test_hwrng_small_read_boundaries: `read(fd, buf, sizes[i])` passed [got Success]


test_hwrng_small_read_boundaries: `read(fd, buf, sizes[i])` passed [got Success]


test_hwrng_small_read_boundaries: `read(fd, buf, sizes[i])` passed [got Success]


test_hwrng_small_read_boundaries: `read(fd, buf, sizes[i])` passed [got Success]


test_hwrng_small_read_boundaries: `read(fd, buf, sizes[i])` passed [got Success]


test_hwrng_small_read_boundaries: `read(fd, buf, sizes[i])` passed [got Success]


test_hwrng_small_read_boundaries: `read(fd, buf, sizes[i])` passed [got Success]


test_hwrng_small_read_boundaries: `read(fd, buf, sizes[i])` passed [got Success]


test_hwrng_small_read_boundaries: `read(fd, buf, sizes[i])` passed [got Success]


test_hwrng_small_read_boundaries: `read(fd, buf, sizes[i])` passed [got Success]


test_hwrng_small_read_boundaries: `read(fd, buf, sizes[i])` passed [got Success]


test_hwrng_small_read_boundaries: `read(fd, buf, sizes[i])` passed [got Success]


test_hwrng_small_read_boundaries: `read(fd, buf, sizes[i])` passed [got Success]


test_hwrng_small_read_boundaries: `read(fd, buf, sizes[i])` passed [got Success]


test_hwrng_small_read_boundaries: `read(fd, buf, sizes[i])` passed [got Success]


test_hwrng_small_read_boundaries: `read(fd, buf, sizes[i])` passed [got Success]


test_hwrng_small_read_boundaries: `read(fd, buf, sizes[i])` passed [got Success]


test_hwrng_small_read_boundaries: `read(fd, buf, sizes[i])` passed [got Success]


test_hwrng_small_read_boundaries: `read(fd, buf, sizes[i])` passed [got Success]


test_hwrng_small_read_boundaries: `read(fd, buf, sizes[i])` passed [got Success]


test_hwrng_small_read_boundaries: `read(fd, buf, sizes[i])` passed [got Success]


test_hwrng_small_read_boundaries: `read(fd, buf, sizes[i])` passed [got Success]


test_hwrng_small_read_boundaries: `read(fd, buf, sizes[i])` passed [got Success]


test_hwrng_small_read_boundaries: `read(fd, buf, sizes[i])` passed [got Success]


test_hwrng_small_read_boundaries: `read(fd, buf, sizes[i])` passed [got Success]


test_hwrng_small_read_boundaries: `read(fd, buf, sizes[i])` passed [got Success]


test_hwrng_small_read_boundaries: `read(fd, buf, sizes[i])` passed [got Success]


test_hwrng_small_read_boundaries: `read(fd, buf, sizes[i])` passed [got Success]


test_hwrng_small_read_boundaries: `read(fd, buf, sizes[i])` passed [got Success]


test_hwrng_small_read_boundaries: `read(fd, buf, sizes[i])` passed [got Success]


test_hwrng_small_read_boundaries: `read(fd, buf, sizes[i])` passed [got Success]


test_hwrng_small_read_boundaries: `read(fd, buf, sizes[i])` passed [got Success]


test_hwrng_small_read_boundaries: `read(fd, buf, sizes[i])` passed [got Success]


test_hwrng_small_read_boundaries: `read(fd, buf, sizes[i])` passed [got Success]


test_hwrng_small_read_boundaries: `read(fd, buf, sizes[i])` passed [got Success]


test_hwrng_small_read_boundaries: `read(fd, buf, sizes[i])` passed [got Success]


test_hwrng_small_read_boundaries: `read(fd, buf, sizes[i])` passed [got Success]


test_hwrng_small_read_boundaries: `read(fd, buf, sizes[i])` passed [got Success]


test_hwrng_small_read_boundaries: `read(fd, buf, sizes[i])` passed [got Success]


test_hwrng_small_read_boundaries: `read(fd, buf, sizes[i])` passed [got Success]


test_hwrng_small_read_boundaries: `read(fd, buf, sizes[i])` passed [got Success]


test_hwrng_small_read_boundaries: `read(fd, buf, sizes[i])` passed [got Success]


test_hwrng_small_read_boundaries: `read(fd, buf, sizes[i])` passed [got Success]


test_hwrng_small_read_boundaries: `read(fd, buf, sizes[i])` passed [got Success]


test_hwrng_small_read_boundaries: `read(fd, buf, sizes[i])` passed [got Success]


test_hwrng_small_read_boundaries: `read(fd, buf, sizes[i])` passed [got Success]


test_hwrng_small_read_boundaries: `read(fd, buf, sizes[i])` passed [got Success]


test_hwrng_small_read_boundaries: `read(fd, buf, sizes[i])` passed [got Success]


test_hwrng_small_read_boundaries: `read(fd, buf, sizes[i])` passed [got Success]


test_hwrng_small_read_boundaries: `read(fd, buf, sizes[i])` passed [got Success]


test_hwrng_small_read_boundaries: `read(fd, buf, sizes[i])` passed [got Success]


test_hwrng_small_read_boundaries: `read(fd, buf, sizes[i])` passed [got Success]


test_hwrng_small_read_boundaries: `read(fd, buf, sizes[i])` passed [got Success]


test_hwrng_small_read_boundaries: `read(fd, buf, sizes[i])` passed [got Success]


test_hwrng_small_read_boundaries: `read(fd, buf, sizes[i])` passed [got Success]


test_hwrng_small_read_boundaries: `read(fd, buf, sizes[i])` passed [got Success]


test_hwrng_small_read_boundaries: `read(fd, buf, sizes[i])` passed [got Success]


test_hwrng_small_read_boundaries: `read(fd, buf, sizes[i])` passed [got Success]


test_hwrng_small_read_boundaries: `read(fd, buf, sizes[i])` passed [got Success]


test_hwrng_small_read_boundaries: `read(fd, buf, sizes[i])` passed [got Success]


test_hwrng_small_read_boundaries: `read(fd, buf, sizes[i])` passed [got Success]


test_hwrng_small_read_boundaries: `read(fd, buf, sizes[i])` passed [got Success]


test_hwrng_small_read_boundaries: `read(fd, buf, sizes[i])` passed [got Success]


test_hwrng_small_read_boundaries: `read(fd, buf, sizes[i])` passed [got Success]


test_hwrng_small_read_boundaries: `read(fd, buf, sizes[i])` passed [got Success]


test_hwrng_small_read_boundaries: `read(fd, buf, sizes[i])` passed [got Success]


test_hwrng_small_read_boundaries: `read(fd, buf, sizes[i])` passed [got Success]


test_hwrng_small_read_boundaries: `read(fd, buf, sizes[i])` passed [got Success]


test_hwrng_small_read_boundaries: `read(fd, buf, sizes[i])` passed [got Success]


test_hwrng_small_read_boundaries: `read(fd, buf, sizes[i])` passed [got Success]


test_hwrng_small_read_boundaries: `read(fd, buf, sizes[i])` passed [got Success]


test_hwrng_small_read_boundaries: `read(fd, buf, sizes[i])` passed [got Success]


test_hwrng_small_read_boundaries: `read(fd, buf, sizes[i])` passed [got Success]


test_hwrng_small_read_boundaries: `read(fd, buf, sizes[i])` passed [got Success]


test_hwrng_small_read_boundaries: `read(fd, buf, sizes[i])` passed [got Success]


test_hwrng_small_read_boundaries: `read(fd, buf, sizes[i])` passed [got Success]


test_hwrng_small_read_boundaries: `read(fd, buf, sizes[i])` passed [got Success]


test_hwrng_small_read_boundaries: `read(fd, buf, sizes[i])` passed [got Success]


test_hwrng_small_read_boundaries: `read(fd, buf, sizes[i])` passed [got Success]


test_hwrng_small_read_boundaries: `read(fd, buf, sizes[i])` passed [got Success]


test_hwrng_small_read_boundaries: `read(fd, buf, sizes[i])` passed [got Success]


test_hwrng_small_read_boundaries: `read(fd, buf, sizes[i])` passed [got Success]


test_hwrng_small_read_boundaries: `read(fd, buf, sizes[i])` passed [got Success]


test_hwrng_small_read_boundaries: `read(fd, buf, sizes[i])` passed [got Success]


test_hwrng_small_read_boundaries: `read(fd, buf, sizes[i])` passed [got Success]


test_hwrng_small_read_boundaries: `read(fd, buf, sizes[i])` passed [got Success]


test_hwrng_small_read_boundaries: `read(fd, buf, sizes[i])` passed [got Success]


test_hwrng_small_read_boundaries: `read(fd, buf, sizes[i])` passed [got Success]


test_hwrng_small_read_boundaries: `read(fd, buf, sizes[i])` passed [got Success]


test_hwrng_small_read_boundaries: `read(fd, buf, sizes[i])` passed [got Success]


test_hwrng_small_read_boundaries: `read(fd, buf, sizes[i])` passed [got Success]


test_hwrng_small_read_boundaries: `read(fd, buf, sizes[i])` passed [got Success]


test_hwrng_small_read_boundaries: `read(fd, buf, sizes[i])` passed [got Success]


test_hwrng_small_read_boundaries: `read(fd, buf, sizes[i])` passed [got Success]


test_hwrng_small_read_boundaries: `read(fd, buf, sizes[i])` passed [got Success]


test_hwrng_small_read_boundaries: `read(fd, buf, sizes[i])` passed [got Success]


test_hwrng_small_read_boundaries: `read(fd, buf, sizes[i])` passed [got Success]


test_hwrng_small_read_boundaries: `read(fd, buf, sizes[i])` passed [got Success]


test_hwrng_small_read_boundaries: `read(fd, buf, sizes[i])` passed [got Success]


test_hwrng_small_read_boundaries: `read(fd, buf, sizes[i])` passed [got Success]


test_hwrng_small_read_boundaries: `read(fd, buf, sizes[i])` passed [got Success]


test_hwrng_small_read_boundaries: `read(fd, buf, sizes[i])` passed [got Success]


test_hwrng_small_read_boundaries: `read(fd, buf, sizes[i])` passed [got Success]


test_hwrng_small_read_boundaries: `read(fd, buf, sizes[i])` passed [got Success]


test_hwrng_small_read_boundaries: `read(fd, buf, sizes[i])` passed [got Success]


test_hwrng_small_read_boundaries: `read(fd, buf, sizes[i])` passed [got Success]


test_hwrng_small_read_boundaries: `read(fd, buf, sizes[i])` passed [got Success]


test_hwrng_small_read_boundaries: `read(fd, buf, sizes[i])` passed [got Success]


test_hwrng_small_read_boundaries: `read(fd, buf, sizes[i])` passed [got Success]


test_hwrng_small_read_boundaries: `read(fd, buf, sizes[i])` passed [got Success]


test_hwrng_small_read_boundaries: `read(fd, buf, sizes[i])` passed [got Success]


test_hwrng_small_read_boundaries: `read(fd, buf, sizes[i])` passed [got Success]


test_hwrng_small_read_boundaries: `read(fd, buf, sizes[i])` passed [got Success]


test_hwrng_small_read_boundaries: `read(fd, buf, sizes[i])` passed [got Success]


test_hwrng_small_read_boundaries: `read(fd, buf, sizes[i])` passed [got Success]


test_hwrng_small_read_boundaries: `read(fd, buf, sizes[i])` passed [got Success]


test_hwrng_small_read_boundaries: `read(fd, buf, sizes[i])` passed [got Success]


test_hwrng_small_read_boundaries: `read(fd, buf, sizes[i])` passed [got Success]


test_hwrng_small_read_boundaries: `read(fd, buf, sizes[i])` passed [got Success]


test_hwrng_small_read_boundaries: `read(fd, buf, sizes[i])` passed [got Success]


test_hwrng_small_read_boundaries: `read(fd, buf, sizes[i])` passed [got Success]


test_hwrng_small_read_boundaries: `read(fd, buf, sizes[i])` passed [got Success]


test_hwrng_small_read_boundaries: `read(fd, buf, sizes[i])` passed [got Success]


test_hwrng_small_read_boundaries: `read(fd, buf, sizes[i])` passed [got Success]


test_hwrng_small_read_boundaries: `read(fd, buf, sizes[i])` passed [got Success]


test_hwrng_small_read_boundaries: `read(fd, buf, sizes[i])` passed [got Success]


test_hwrng_small_read_boundaries: `read(fd, buf, sizes[i])` passed [got Success]


test_hwrng_small_read_boundaries: `read(fd, buf, sizes[i])` passed [got Success]


test_hwrng_small_read_boundaries: `read(fd, buf, sizes[i])` passed [got Success]


test_hwrng_small_read_boundaries: `read(fd, buf, sizes[i])` passed [got Success]


test_hwrng_small_read_boundaries: `read(fd, buf, sizes[i])` passed [got Success]


test_hwrng_small_read_boundaries: `read(fd, buf, sizes[i])` passed [got Success]


test_hwrng_small_read_boundaries: `read(fd, buf, sizes[i])` passed [got Success]


test_hwrng_small_read_boundaries: `read(fd, buf, sizes[i])` passed [got Success]


test_hwrng_small_read_boundaries: `read(fd, buf, sizes[i])` passed [got Success]


test_hwrng_small_read_boundaries: `read(fd, buf, sizes[i])` passed [got Success]


test_hwrng_small_read_boundaries: `read(fd, buf, sizes[i])` passed [got Success]


test_hwrng_small_read_boundaries: `read(fd, buf, sizes[i])` passed [got Success]


test_hwrng_small_read_boundaries: `read(fd, buf, sizes[i])` passed [got Success]


test_hwrng_small_read_boundaries: `read(fd, buf, sizes[i])` passed [got Success]


test_hwrng_small_read_boundaries: `read(fd, buf, sizes[i])` passed [got Success]


test_hwrng_small_read_boundaries: `read(fd, buf, sizes[i])` passed [got Success]


test_hwrng_small_read_boundaries: `read(fd, buf, sizes[i])` passed [got Success]


test_hwrng_small_read_boundaries: `read(fd, buf, sizes[i])` passed [got Success]


test_hwrng_small_read_boundaries: `read(fd, buf, sizes[i])` passed [got Success]


test_hwrng_small_read_boundaries: `read(fd, buf, sizes[i])` passed [got Success]


test_hwrng_small_read_boundaries: `read(fd, buf, sizes[i])` passed [got Success]


test_hwrng_small_read_boundaries: `read(fd, buf, sizes[i])` passed [got Success]


test_hwrng_small_read_boundaries: `read(fd, buf, sizes[i])` passed [got Success]


test_hwrng_small_read_boundaries: `read(fd, buf, sizes[i])` passed [got Success]


test_hwrng_small_read_boundaries: `read(fd, buf, sizes[i])` passed [got Success]


test_hwrng_small_read_boundaries: `read(fd, buf, sizes[i])` passed [got Success]


test_hwrng_small_read_boundaries: `read(fd, buf, sizes[i])` passed [got Success]


test_hwrng_small_read_boundaries: `read(fd, buf, sizes[i])` passed [got Success]


test_hwrng_small_read_boundaries: `read(fd, buf, sizes[i])` passed [got Success]


test_hwrng_small_read_boundaries: `read(fd, buf, sizes[i])` passed [got Success]


test_hwrng_small_read_boundaries: `read(fd, buf, sizes[i])` passed [got Success]


test_hwrng_small_read_boundaries: `read(fd, buf, sizes[i])` passed [got Success]


test_hwrng_small_read_boundaries: `read(fd, buf, sizes[i])` passed [got Success]


test_hwrng_small_read_boundaries: `read(fd, buf, sizes[i])` passed [got Success]


test_hwrng_small_read_boundaries: `read(fd, buf, sizes[i])` passed [got Success]


test_hwrng_small_read_boundaries: `read(fd, buf, sizes[i])` passed [got Success]


test_hwrng_small_read_boundaries: `read(fd, buf, sizes[i])` passed [got Success]


test_hwrng_small_read_boundaries: `read(fd, buf, sizes[i])` passed [got Success]


test_hwrng_small_read_boundaries: `read(fd, buf, sizes[i])` passed [got Success]


test_hwrng_small_read_boundaries: `read(fd, buf, sizes[i])` passed [got Success]


test_hwrng_small_read_boundaries: `read(fd, buf, sizes[i])` passed [got Success]


test_hwrng_small_read_boundaries: `read(fd, buf, sizes[i])` passed [got Success]


test_hwrng_small_read_boundaries: `read(fd, buf, sizes[i])` passed [got Success]


test_hwrng_small_read_boundaries: `read(fd, buf, sizes[i])` passed [got Success]


test_hwrng_small_read_boundaries: `read(fd, buf, sizes[i])` passed [got Success]


test_hwrng_small_read_boundaries: `read(fd, buf, sizes[i])` passed [got Success]


test_hwrng_small_read_boundaries: `read(fd, buf, sizes[i])` passed [got Success]


test_hwrng_small_read_boundaries: `read(fd, buf, sizes[i])` passed [got Success]


test_hwrng_small_read_boundaries: `read(fd, buf, sizes[i])` passed [got Success]


test_hwrng_small_read_boundaries: `read(fd, buf, sizes[i])` passed [got Success]


test_hwrng_small_read_boundaries: `read(fd, buf, sizes[i])` passed [got Success]


test_hwrng_small_read_boundaries: `read(fd, buf, sizes[i])` passed [got Success]


test_hwrng_small_read_boundaries: `read(fd, buf, sizes[i])` passed [got Success]


test_hwrng_small_read_boundaries: `read(fd, buf, sizes[i])` passed [got Success]


test_hwrng_small_read_boundaries: `read(fd, buf, sizes[i])` passed [got Success]


test_hwrng_small_read_boundaries: `read(fd, buf, sizes[i])` passed [got Success]


test_hwrng_small_read_boundaries: `read(fd, buf, sizes[i])` passed [got Success]


test_hwrng_small_read_boundaries: `read(fd, buf, sizes[i])` passed [got Success]


test_hwrng_small_read_boundaries: `read(fd, buf, sizes[i])` passed [got Success]


test_hwrng_small_read_boundaries: `read(fd, buf, sizes[i])` passed [got Success]


test_hwrng_small_read_boundaries: `read(fd, buf, sizes[i])` passed [got Success]


test_hwrng_small_read_boundaries: `read(fd, buf, sizes[i])` passed [got Success]


test_hwrng_small_read_boundaries: `read(fd, buf, sizes[i])` passed [got Success]


test_hwrng_small_read_boundaries: `read(fd, buf, sizes[i])` passed [got Success]


test_hwrng_small_read_boundaries: `read(fd, buf, sizes[i])` passed [got Success]


test_hwrng_small_read_boundaries: `read(fd, buf, sizes[i])` passed [got Success]


test_hwrng_small_read_boundaries: `read(fd, buf, sizes[i])` passed [got Success]


test_hwrng_small_read_boundaries: `read(fd, buf, sizes[i])` passed [got Success]


test_hwrng_small_read_boundaries: `read(fd, buf, sizes[i])` passed [got Success]


test_hwrng_small_read_boundaries: `read(fd, buf, sizes[i])` passed [got Success]


test_hwrng_small_read_boundaries: `read(fd, buf, sizes[i])` passed [got Success]


test_hwrng_small_read_boundaries: `read(fd, buf, sizes[i])` passed [got Success]


test_hwrng_small_read_boundaries: `read(fd, buf, sizes[i])` passed [got Success]


test_hwrng_small_read_boundaries: `read(fd, buf, sizes[i])` passed [got Success]


test_hwrng_small_read_boundaries: `read(fd, buf, sizes[i])` passed [got Success]


test_hwrng_small_read_boundaries: `read(fd, buf, sizes[i])` passed [got Success]


test_hwrng_small_read_boundaries: `read(fd, buf, sizes[i])` passed [got Success]


test_hwrng_small_read_boundaries: `read(fd, buf, sizes[i])` passed [got Success]


test_hwrng_small_read_boundaries: `read(fd, buf, sizes[i])` passed [got Success]


test_hwrng_small_read_boundaries: `read(fd, buf, sizes[i])` passed [got Success]


test_hwrng_small_read_boundaries: `read(fd, buf, sizes[i])` passed [got Success]


test_hwrng_small_read_boundaries: `read(fd, buf, sizes[i])` passed [got Success]


test_hwrng_small_read_boundaries: `read(fd, buf, sizes[i])` passed [got Success]


test_hwrng_small_read_boundaries: `read(fd, buf, sizes[i])` passed [got Success]


test_hwrng_small_read_boundaries: `read(fd, buf, sizes[i])` passed [got Success]


test_hwrng_small_read_boundaries: `read(fd, buf, sizes[i])` passed [got Success]


test_hwrng_small_read_boundaries: `read(fd, buf, sizes[i])` passed [got Success]


test_hwrng_small_read_boundaries: `read(fd, buf, sizes[i])` passed [got Success]


test_hwrng_small_read_boundaries: `read(fd, buf, sizes[i])` passed [got Success]


test_hwrng_small_read_boundaries: `read(fd, buf, sizes[i])` passed [got Success]


test_hwrng_small_read_boundaries: `read(fd, buf, sizes[i])` passed [got Success]


test_hwrng_small_read_boundaries: `read(fd, buf, sizes[i])` passed [got Success]


test_hwrng_small_read_boundaries: `read(fd, buf, sizes[i])` passed [got Success]


test_hwrng_small_read_boundaries: `read(fd, buf, sizes[i])` passed [got Success]


test_hwrng_small_read_boundaries: `read(fd, buf, sizes[i])` passed [got Success]


test_hwrng_small_read_boundaries: `read(fd, buf, sizes[i])` passed [got Success]


test_hwrng_small_read_boundaries: `read(fd, buf, sizes[i])` passed [got Success]


test_hwrng_small_read_boundaries: `read(fd, buf, sizes[i])` passed [got Success]


test_hwrng_small_read_boundaries: `read(fd, buf, sizes[i])` passed [got Success]


test_hwrng_small_read_boundaries: `read(fd, buf, sizes[i])` passed [got Success]


test_hwrng_small_read_boundaries: `read(fd, buf, sizes[i])` passed [got Success]


test_hwrng_small_read_boundaries: `read(fd, buf, sizes[i])` passed [got Success]


test_hwrng_small_read_boundaries: `read(fd, buf, sizes[i])` passed [got Success]


test_hwrng_small_read_boundaries: `read(fd, buf, sizes[i])` passed [got Success]


test_hwrng_small_read_boundaries: `read(fd, buf, sizes[i])` passed [got Success]


test_hwrng_small_read_boundaries: `read(fd, buf, sizes[i])` passed [got Success]


test_hwrng_small_read_boundaries: `read(fd, buf, sizes[i])` passed [got Success]


test_hwrng_small_read_boundaries: `read(fd, buf, sizes[i])` passed [got Success]


test_hwrng_small_read_boundaries: `read(fd, buf, sizes[i])` passed [got Success]


test_hwrng_small_read_boundaries: `read(fd, buf, sizes[i])` passed [got Success]


test_hwrng_small_read_boundaries: `read(fd, buf, sizes[i])` passed [got Success]


test_hwrng_small_read_boundaries: `read(fd, buf, sizes[i])` passed [got Success]


test_hwrng_small_read_boundaries: `read(fd, buf, sizes[i])` passed [got Success]


test_hwrng_small_read_boundaries: `read(fd, buf, sizes[i])` passed [got Success]


test_hwrng_small_read_boundaries: `read(fd, buf, sizes[i])` passed [got Success]


test_hwrng_small_read_boundaries: `read(fd, buf, sizes[i])` passed [got Success]


test_hwrng_small_read_boundaries: `read(fd, buf, sizes[i])` passed [got Success]


test_hwrng_small_read_boundaries: `read(fd, buf, sizes[i])` passed [got Success]


test_hwrng_small_read_boundaries: `read(fd, buf, sizes[i])` passed [got Success]


test_hwrng_small_read_boundaries: `read(fd, buf, sizes[i])` passed [got Success]


test_hwrng_small_read_boundaries: `read(fd, buf, sizes[i])` passed [got Success]


test_hwrng_small_read_boundaries: `read(fd, buf, sizes[i])` passed [got Success]


test_hwrng_small_read_boundaries: `read(fd, buf, sizes[i])` passed [got Success]


test_hwrng_small_read_boundaries: `read(fd, buf, sizes[i])` passed [got Success]


test_hwrng_small_read_boundaries: `read(fd, buf, sizes[i])` passed [got Success]


test_hwrng_small_read_boundaries: `read(fd, buf, sizes[i])` passed [got Success]


test_hwrng_small_read_boundaries: `read(fd, buf, sizes[i])` passed [got Success]


test_hwrng_small_read_boundaries: `read(fd, buf, sizes[i])` passed [got Success]


test_hwrng_small_read_boundaries: `read(fd, buf, sizes[i])` passed [got Success]


test_hwrng_small_read_boundaries: `read(fd, buf, sizes[i])` passed [got Success]


test_hwrng_small_read_boundaries: `read(fd, buf, sizes[i])` passed [got Success]


test_hwrng_small_read_boundaries: `read(fd, buf, sizes[i])` passed [got Success]


test_hwrng_small_read_boundaries: `read(fd, buf, sizes[i])` passed [got Success]


test_hwrng_small_read_boundaries: `read(fd, buf, sizes[i])` passed [got Success]


test_hwrng_small_read_boundaries: `read(fd, buf, sizes[i])` passed [got Success]


test_hwrng_small_read_boundaries: `read(fd, buf, sizes[i])` passed [got Success]


test_hwrng_small_read_boundaries: `read(fd, buf, sizes[i])` passed [got Success]


test_hwrng_small_read_boundaries: `read(fd, buf, sizes[i])` passed [got Success]


test_hwrng_small_read_boundaries: `read(fd, buf, sizes[i])` passed [got Success]


test_hwrng_small_read_boundaries: `read(fd, buf, sizes[i])` passed [got Success]


test_hwrng_small_read_boundaries: `read(fd, buf, sizes[i])` passed [got Success]


test_hwrng_small_read_boundaries: `read(fd, buf, sizes[i])` passed [got Success]


test_hwrng_small_read_boundaries: `read(fd, buf, sizes[i])` passed [got Success]


test_hwrng_small_read_boundaries: `read(fd, buf, sizes[i])` passed [got Success]


test_hwrng_small_read_boundaries: `read(fd, buf, sizes[i])` passed [got Success]


test_hwrng_small_read_boundaries: `read(fd, buf, sizes[i])` passed [got Success]


test_hwrng_small_read_boundaries: `read(fd, buf, sizes[i])` passed [got Success]


test_hwrng_small_read_boundaries: `read(fd, buf, sizes[i])` passed [got Success]


test_hwrng_small_read_boundaries: `read(fd, buf, sizes[i])` passed [got Success]


test_hwrng_small_read_boundaries: `read(fd, buf, sizes[i])` passed [got Success]


test_hwrng_small_read_boundaries: `read(fd, buf, sizes[i])` passed [got Success]


test_hwrng_small_read_boundaries: `read(fd, buf, sizes[i])` passed [got Success]


test_hwrng_small_read_boundaries: `read(fd, buf, sizes[i])` passed [got Success]


test_hwrng_small_read_boundaries: `read(fd, buf, sizes[i])` passed [got Success]


test_hwrng_small_read_boundaries: `read(fd, buf, sizes[i])` passed [got Success]


test_hwrng_small_read_boundaries: `read(fd, buf, sizes[i])` passed [got Success]


test_hwrng_small_read_boundaries: `read(fd, buf, sizes[i])` passed [got Success]


test_hwrng_small_read_boundaries: `read(fd, buf, sizes[i])` passed [got Success]


test_hwrng_small_read_boundaries: `read(fd, buf, sizes[i])` passed [got Success]


test_hwrng_small_read_boundaries: `read(fd, buf, sizes[i])` passed [got Success]


test_hwrng_small_read_boundaries: `read(fd, buf, sizes[i])` passed [got Success]


test_hwrng_small_read_boundaries: `read(fd, buf, sizes[i])` passed [got Success]


test_hwrng_small_read_boundaries: `read(fd, buf, sizes[i])` passed [got Success]


test_hwrng_small_read_boundaries: `read(fd, buf, sizes[i])` passed [got Success]


test_hwrng_small_read_boundaries: `read(fd, buf, sizes[i])` passed [got Success]


test_hwrng_small_read_boundaries: `read(fd, buf, sizes[i])` passed [got Success]


test_hwrng_small_read_boundaries: `read(fd, buf, sizes[i])` passed [got Success]


test_hwrng_small_read_boundaries: `read(fd, buf, sizes[i])` passed [got Success]


test_hwrng_small_read_boundaries: `read(fd, buf, sizes[i])` passed [got Success]


test_hwrng_small_read_boundaries: `read(fd, buf, sizes[i])` passed [got Success]


test_hwrng_small_read_boundaries: `read(fd, buf, sizes[i])` passed [got Success]


test_hwrng_small_read_boundaries: `read(fd, buf, sizes[i])` passed [got Success]


test_hwrng_small_read_boundaries: `read(fd, buf, sizes[i])` passed [got Success]


test_hwrng_small_read_boundaries: `read(fd, buf, sizes[i])` passed [got Success]


test_hwrng_small_read_boundaries: `read(fd, buf, sizes[i])` passed [got Success]


test_hwrng_small_read_boundaries: `read(fd, buf, sizes[i])` passed [got Success]


test_hwrng_small_read_boundaries: `read(fd, buf, sizes[i])` passed [got Success]


test_hwrng_small_read_boundaries: `read(fd, buf, sizes[i])` passed [got Success]


test_hwrng_small_read_boundaries: `read(fd, buf, sizes[i])` passed [got Success]


test_hwrng_small_read_boundaries: `read(fd, buf, sizes[i])` passed [got Success]


test_hwrng_small_read_boundaries: `read(fd, buf, sizes[i])` passed [got Success]


test_hwrng_small_read_boundaries: `read(fd, buf, sizes[i])` passed [got Success]


test_hwrng_small_read_boundaries: `read(fd, buf, sizes[i])` passed [got Success]


test_hwrng_small_read_boundaries: `read(fd, buf, sizes[i])` passed [got Success]


test_hwrng_small_read_boundaries: `read(fd, buf, sizes[i])` passed [got Success]


test_hwrng_small_read_boundaries: `read(fd, buf, sizes[i])` passed [got Success]


test_hwrng_small_read_boundaries: `read(fd, buf, sizes[i])` passed [got Success]


test_hwrng_small_read_boundaries: `read(fd, buf, sizes[i])` passed [got Success]


test_hwrng_small_read_boundaries: `read(fd, buf, sizes[i])` passed [got Success]


test_hwrng_small_read_boundaries: `read(fd, buf, sizes[i])` passed [got Success]


test_hwrng_small_read_boundaries: `read(fd, buf, sizes[i])` passed [got Success]


test_hwrng_small_read_boundaries: `read(fd, buf, sizes[i])` passed [got Success]


test_hwrng_small_read_boundaries: `read(fd, buf, sizes[i])` passed [got Success]


test_hwrng_small_read_boundaries: `read(fd, buf, sizes[i])` passed [got Success]


test_hwrng_small_read_boundaries: `read(fd, buf, sizes[i])` passed [got Success]


test_hwrng_small_read_boundaries: `read(fd, buf, sizes[i])` passed [got Success]


test_hwrng_small_read_boundaries: `read(fd, buf, sizes[i])` passed [got Success]


test_hwrng_small_read_boundaries: `read(fd, buf, sizes[i])` passed [got Success]


test_hwrng_small_read_boundaries: `read(fd, buf, sizes[i])` passed [got Success]


test_hwrng_small_read_boundaries: `read(fd, buf, sizes[i])` passed [got Success]


test_hwrng_small_read_boundaries: `read(fd, buf, sizes[i])` passed [got Success]


test_hwrng_small_read_boundaries: `read(fd, buf, sizes[i])` passed [got Success]


test_hwrng_small_read_boundaries: `read(fd, buf, sizes[i])` passed [got Success]


test_hwrng_small_read_boundaries: `read(fd, buf, sizes[i])` passed [got Success]


test_hwrng_small_read_boundaries: `read(fd, buf, sizes[i])` passed [got Success]


test_hwrng_small_read_boundaries: `read(fd, buf, sizes[i])` passed [got Success]


test_hwrng_small_read_boundaries: `read(fd, buf, sizes[i])` passed [got Success]


test_hwrng_small_read_boundaries: `read(fd, buf, sizes[i])` passed [got Success]


test_hwrng_small_read_boundaries: `read(fd, buf, sizes[i])` passed [got Success]


test_hwrng_small_read_boundaries: `read(fd, buf, sizes[i])` passed [got Success]


test_hwrng_small_read_boundaries: `read(fd, buf, sizes[i])` passed [got Success]


test_hwrng_small_read_boundaries: `read(fd, buf, sizes[i])` passed [got Success]


test_hwrng_small_read_boundaries: `read(fd, buf, sizes[i])` passed [got Success]


test_hwrng_small_read_boundaries: `read(fd, buf, sizes[i])` passed [got Success]


test_hwrng_small_read_boundaries: `read(fd, buf, sizes[i])` passed [got Success]


test_hwrng_small_read_boundaries: `read(fd, buf, sizes[i])` passed [got Success]


test_hwrng_small_read_boundaries: `read(fd, buf, sizes[i])` passed [got Success]


test_hwrng_small_read_boundaries: `read(fd, buf, sizes[i])` passed [got Success]


test_hwrng_small_read_boundaries: `read(fd, buf, sizes[i])` passed [got Success]


test_hwrng_small_read_boundaries: `read(fd, buf, sizes[i])` passed [got Success]


test_hwrng_small_read_boundaries: `read(fd, buf, sizes[i])` passed [got Success]


test_hwrng_small_read_boundaries: `read(fd, buf, sizes[i])` passed [got Success]


test_hwrng_small_read_boundaries: `read(fd, buf, sizes[i])` passed [got Success]


test_hwrng_small_read_boundaries: `read(fd, buf, sizes[i])` passed [got Success]


test_hwrng_small_read_boundaries: `read(fd, buf, sizes[i])` passed [got Success]


test_hwrng_small_read_boundaries: `read(fd, buf, sizes[i])` passed [got Success]


test_hwrng_small_read_boundaries: `read(fd, buf, sizes[i])` passed [got Success]


test_hwrng_small_read_boundaries: `read(fd, buf, sizes[i])` passed [got Success]


test_hwrng_small_read_boundaries: `read(fd, buf, sizes[i])` passed [got Success]


test_hwrng_small_read_boundaries: `read(fd, buf, sizes[i])` passed [got Success]


test_hwrng_small_read_boundaries: `read(fd, buf, sizes[i])` passed [got Success]


test_hwrng_small_read_boundaries: `read(fd, buf, sizes[i])` passed [got Success]


test_hwrng_small_read_boundaries: `read(fd, buf, sizes[i])` passed [got Success]


test_hwrng_small_read_boundaries: `read(fd, buf, sizes[i])` passed [got Success]


test_hwrng_small_read_boundaries: `read(fd, buf, sizes[i])` passed [got Success]


test_hwrng_small_read_boundaries: `read(fd, buf, sizes[i])` passed [got Success]


test_hwrng_small_read_boundaries: `read(fd, buf, sizes[i])` passed [got Success]


test_hwrng_small_read_boundaries: `read(fd, buf, sizes[i])` passed [got Success]


test_hwrng_small_read_boundaries: `read(fd, buf, sizes[i])` passed [got Success]


test_hwrng_small_read_boundaries: `read(fd, buf, sizes[i])` passed [got Success]


test_hwrng_small_read_boundaries: `read(fd, buf, sizes[i])` passed [got Success]


test_hwrng_small_read_boundaries: `read(fd, buf, sizes[i])` passed [got Success]


test_hwrng_small_read_boundaries: `read(fd, buf, sizes[i])` passed [got Success]


test_hwrng_small_read_boundaries: `read(fd, buf, sizes[i])` passed [got Success]


test_hwrng_small_read_boundaries: `read(fd, buf, sizes[i])` passed [got Success]


test_hwrng_small_read_boundaries: `read(fd, buf, sizes[i])` passed [got Success]


test_hwrng_small_read_boundaries: `read(fd, buf, sizes[i])` passed [got Success]


test_hwrng_small_read_boundaries: `read(fd, buf, sizes[i])` passed [got Success]


test_hwrng_small_read_boundaries: `read(fd, buf, sizes[i])` passed [got Success]


test_hwrng_small_read_boundaries: `read(fd, buf, sizes[i])` passed [got Success]


test_hwrng_small_read_boundaries: `read(fd, buf, sizes[i])` passed [got Success]


test_hwrng_small_read_boundaries: `read(fd, buf, sizes[i])` passed [got Success]


test_hwrng_small_read_boundaries: `read(fd, buf, sizes[i])` passed [got Success]


test_hwrng_small_read_boundaries: `read(fd, buf, sizes[i])` passed [got Success]


test_hwrng_small_read_boundaries: `read(fd, buf, sizes[i])` passed [got Success]


test_hwrng_small_read_boundaries: `read(fd, buf, sizes[i])` passed [got Success]


test_hwrng_small_read_boundaries: `read(fd, buf, sizes[i])` passed [got Success]


test_hwrng_small_read_boundaries: `read(fd, buf, sizes[i])` passed [got Success]


test_hwrng_small_read_boundaries: `read(fd, buf, sizes[i])` passed [got Success]


test_hwrng_small_read_boundaries: `read(fd, buf, sizes[i])` passed [got Success]


test_hwrng_small_read_boundaries: `read(fd, buf, sizes[i])` passed [got Success]


test_hwrng_small_read_boundaries: `read(fd, buf, sizes[i])` passed [got Success]


test_hwrng_small_read_boundaries: `read(fd, buf, sizes[i])` passed [got Success]


test_hwrng_small_read_boundaries: `read(fd, buf, sizes[i])` passed [got Success]


test_hwrng_small_read_boundaries: `read(fd, buf, sizes[i])` passed [got Success]


test_hwrng_small_read_boundaries: `read(fd, buf, sizes[i])` passed [got Success]


test_hwrng_small_read_boundaries: `read(fd, buf, sizes[i])` passed [got Success]


test_hwrng_small_read_boundaries: `read(fd, buf, sizes[i])` passed [got Success]


test_hwrng_small_read_boundaries: `read(fd, buf, sizes[i])` passed [got Success]


test_hwrng_small_read_boundaries: `read(fd, buf, sizes[i])` passed [got Success]


test_hwrng_small_read_boundaries: `read(fd, buf, sizes[i])` passed [got Success]


test_hwrng_small_read_boundaries: `read(fd, buf, sizes[i])` passed [got Success]


test_hwrng_small_read_boundaries: `read(fd, buf, sizes[i])` passed [got Success]


test_hwrng_small_read_boundaries: `read(fd, buf, sizes[i])` passed [got Success]


test_hwrng_small_read_boundaries: `read(fd, buf, sizes[i])` passed [got Success]


test_hwrng_small_read_boundaries: `read(fd, buf, sizes[i])` passed [got Success]


test_hwrng_small_read_boundaries: `read(fd, buf, sizes[i])` passed [got Success]


test_hwrng_small_read_boundaries: `read(fd, buf, sizes[i])` passed [got Success]


test_hwrng_small_read_boundaries: `read(fd, buf, sizes[i])` passed [got Success]


test_hwrng_small_read_boundaries: `read(fd, buf, sizes[i])` passed [got Success]


test_hwrng_small_read_boundaries: `read(fd, buf, sizes[i])` passed [got Success]


test_hwrng_small_read_boundaries: `read(fd, buf, sizes[i])` passed [got Success]


test_hwrng_small_read_boundaries: `read(fd, buf, sizes[i])` passed [got Success]


test_hwrng_small_read_boundaries: `read(fd, buf, sizes[i])` passed [got Success]


test_hwrng_small_read_boundaries: `read(fd, buf, sizes[i])` passed [got Success]


test_hwrng_small_read_boundaries: `read(fd, buf, sizes[i])` passed [got Success]


test_hwrng_small_read_boundaries: `read(fd, buf, sizes[i])` passed [got Success]


test_hwrng_small_read_boundaries: `read(fd, buf, sizes[i])` passed [got Success]


test_hwrng_small_read_boundaries: `read(fd, buf, sizes[i])` passed [got Success]


test_hwrng_small_read_boundaries: `read(fd, buf, sizes[i])` passed [got Success]


test_hwrng_small_read_boundaries: `read(fd, buf, sizes[i])` passed [got Success]


test_hwrng_small_read_boundaries: `read(fd, buf, sizes[i])` passed [got Success]


test_hwrng_small_read_boundaries: `read(fd, buf, sizes[i])` passed [got Success]


test_hwrng_small_read_boundaries: `read(fd, buf, sizes[i])` passed [got Success]


test_hwrng_small_read_boundaries: `read(fd, buf, sizes[i])` passed [got Success]


test_hwrng_small_read_boundaries: `read(fd, buf, sizes[i])` passed [got Success]


test_hwrng_small_read_boundaries: `read(fd, buf, sizes[i])` passed [got Success]


test_hwrng_small_read_boundaries: `read(fd, buf, sizes[i])` passed [got Success]


test_hwrng_small_read_boundaries: `read(fd, buf, sizes[i])` passed [got Success]


test_hwrng_small_read_boundaries: `read(fd, buf, sizes[i])` passed [got Success]


test_hwrng_small_read_boundaries: `read(fd, buf, sizes[i])` passed [got Success]


test_hwrng_small_read_boundaries: `read(fd, buf, sizes[i])` passed [got Success]


test_hwrng_small_read_boundaries: `read(fd, buf, sizes[i])` passed [got Success]


test_hwrng_small_read_boundaries: `read(fd, buf, sizes[i])` passed [got Success]


test_hwrng_small_read_boundaries: `read(fd, buf, sizes[i])` passed [got Success]


test_hwrng_small_read_boundaries: `read(fd, buf, sizes[i])` passed [got Success]


test_hwrng_small_read_boundaries: `read(fd, buf, sizes[i])` passed [got Success]


test_hwrng_small_read_boundaries: `read(fd, buf, sizes[i])` passed [got Success]


test_hwrng_small_read_boundaries: `read(fd, buf, sizes[i])` passed [got Success]


test_hwrng_small_read_boundaries: `read(fd, buf, sizes[i])` passed [got Success]


test_hwrng_small_read_boundaries: `read(fd, buf, sizes[i])` passed [got Success]


test_hwrng_small_read_boundaries: `read(fd, buf, sizes[i])` passed [got Success]


test_hwrng_small_read_boundaries: `read(fd, buf, sizes[i])` passed [got Success]


test_hwrng_small_read_boundaries: `read(fd, buf, sizes[i])` passed [got Success]


test_hwrng_small_read_boundaries: `read(fd, buf, sizes[i])` passed [got Success]


test_hwrng_small_read_boundaries: `read(fd, buf, sizes[i])` passed [got Success]


test_hwrng_small_read_boundaries: `read(fd, buf, sizes[i])` passed [got Success]


test_hwrng_small_read_boundaries: `read(fd, buf, sizes[i])` passed [got Success]


test_hwrng_small_read_boundaries: `read(fd, buf, sizes[i])` passed [got Success]


test_hwrng_small_read_boundaries: `read(fd, buf, sizes[i])` passed [got Success]


test_hwrng_small_read_boundaries: `read(fd, buf, sizes[i])` passed [got Success]


test_hwrng_small_read_boundaries: `read(fd, buf, sizes[i])` passed [got Success]


test_hwrng_small_read_boundaries: `read(fd, buf, sizes[i])` passed [got Success]


test_hwrng_small_read_boundaries: `read(fd, buf, sizes[i])` passed [got Success]


test_hwrng_small_read_boundaries: `read(fd, buf, sizes[i])` passed [got Success]


test_hwrng_small_read_boundaries: `read(fd, buf, sizes[i])` passed [got Success]


test_hwrng_small_read_boundaries: `read(fd, buf, sizes[i])` passed [got Success]


test_hwrng_small_read_boundaries: `read(fd, buf, sizes[i])` passed [got Success]


test_hwrng_small_read_boundaries: `read(fd, buf, sizes[i])` passed [got Success]


test_hwrng_small_read_boundaries: `read(fd, buf, sizes[i])` passed [got Success]


test_hwrng_small_read_boundaries: `read(fd, buf, sizes[i])` passed [got Success]


test_hwrng_small_read_boundaries: `read(fd, buf, sizes[i])` passed [got Success]


test_hwrng_small_read_boundaries: `read(fd, buf, sizes[i])` passed [got Success]


test_hwrng_small_read_boundaries: `read(fd, buf, sizes[i])` passed [got Success]


test_hwrng_small_read_boundaries: `read(fd, buf, sizes[i])` passed [got Success]


test_hwrng_small_read_boundaries: `read(fd, buf, sizes[i])` passed [got Success]


test_hwrng_small_read_boundaries: `read(fd, buf, sizes[i])` passed [got Success]


test_hwrng_small_read_boundaries: `read(fd, buf, sizes[i])` passed [got Success]


test_hwrng_small_read_boundaries: `read(fd, buf, sizes[i])` passed [got Success]


test_hwrng_small_read_boundaries: `read(fd, buf, sizes[i])` passed [got Success]


test_hwrng_small_read_boundaries: `read(fd, buf, sizes[i])` passed [got Success]


test_hwrng_small_read_boundaries: `read(fd, buf, sizes[i])` passed [got Success]


test_hwrng_small_read_boundaries: `read(fd, buf, sizes[i])` passed [got Success]


test_hwrng_small_read_boundaries: `read(fd, buf, sizes[i])` passed [got Success]


test_hwrng_small_read_boundaries: `read(fd, buf, sizes[i])` passed [got Success]


test_hwrng_small_read_boundaries: `read(fd, buf, sizes[i])` passed [got Success]


test_hwrng_small_read_boundaries: `read(fd, buf, sizes[i])` passed [got Success]


test_hwrng_small_read_boundaries: `read(fd, buf, sizes[i])` passed [got Success]


test_hwrng_small_read_boundaries: `read(fd, buf, sizes[i])` passed [got Success]


test_hwrng_small_read_boundaries: `read(fd, buf, sizes[i])` passed [got Success]


test_hwrng_small_read_boundaries: `read(fd, buf, sizes[i])` passed [got Success]


test_hwrng_small_read_boundaries: `read(fd, buf, sizes[i])` passed [got Success]


test_hwrng_small_read_boundaries: `read(fd, buf, sizes[i])` passed [got Success]


test_hwrng_small_read_boundaries: `read(fd, buf, sizes[i])` passed [got Success]


test_hwrng_small_read_boundaries: `read(fd, buf, sizes[i])` passed [got Success]


test_hwrng_small_read_boundaries: `read(fd, buf, sizes[i])` passed [got Success]


test_hwrng_small_read_boundaries: `read(fd, buf, sizes[i])` passed [got Success]


test_hwrng_small_read_boundaries: `read(fd, buf, sizes[i])` passed [got Success]


test_hwrng_small_read_boundaries: `read(fd, buf, sizes[i])` passed [got Success]


test_hwrng_small_read_boundaries: `read(fd, buf, sizes[i])` passed [got Success]


test_hwrng_small_read_boundaries: `read(fd, buf, sizes[i])` passed [got Success]


test_hwrng_small_read_boundaries: `read(fd, buf, sizes[i])` passed [got Success]


test_hwrng_small_read_boundaries: `read(fd, buf, sizes[i])` passed [got Success]


test_hwrng_small_read_boundaries: `read(fd, buf, sizes[i])` passed [got Success]


test_hwrng_small_read_boundaries: `read(fd, buf, sizes[i])` passed [got Success]


test_hwrng_small_read_boundaries: `read(fd, buf, sizes[i])` passed [got Success]


test_hwrng_small_read_boundaries: `read(fd, buf, sizes[i])` passed [got Success]


test_hwrng_small_read_boundaries: `read(fd, buf, sizes[i])` passed [got Success]


test_hwrng_small_read_boundaries: `read(fd, buf, sizes[i])` passed [got Success]


test_hwrng_small_read_boundaries: `read(fd, buf, sizes[i])` passed [got Success]


test_hwrng_small_read_boundaries: `read(fd, buf, sizes[i])` passed [got Success]


test_hwrng_small_read_boundaries: `read(fd, buf, sizes[i])` passed [got Success]


test_hwrng_small_read_boundaries: `read(fd, buf, sizes[i])` passed [got Success]


test_hwrng_small_read_boundaries: `read(fd, buf, sizes[i])` passed [got Success]


test_hwrng_small_read_boundaries: `read(fd, buf, sizes[i])` passed [got Success]


test_hwrng_small_read_boundaries: `read(fd, buf, sizes[i])` passed [got Success]


test_hwrng_small_read_boundaries: `read(fd, buf, sizes[i])` passed [got Success]


test_hwrng_small_read_boundaries: `read(fd, buf, sizes[i])` passed [got Success]


test_hwrng_small_read_boundaries: `read(fd, buf, sizes[i])` passed [got Success]


test_hwrng_small_read_boundaries: `read(fd, buf, sizes[i])` passed [got Success]


test_hwrng_small_read_boundaries: `read(fd, buf, sizes[i])` passed [got Success]


test_hwrng_small_read_boundaries: `read(fd, buf, sizes[i])` passed [got Success]


test_hwrng_small_read_boundaries: `read(fd, buf, sizes[i])` passed [got Success]


test_hwrng_small_read_boundaries: `read(fd, buf, sizes[i])` passed [got Success]


test_hwrng_small_read_boundaries: `read(fd, buf, sizes[i])` passed [got Success]


test_hwrng_small_read_boundaries: `read(fd, buf, sizes[i])` passed [got Success]


test_hwrng_small_read_boundaries: `read(fd, buf, sizes[i])` passed [got Success]


test_hwrng_small_read_boundaries: `read(fd, buf, sizes[i])` passed [got Success]


test_hwrng_small_read_boundaries: `read(fd, buf, sizes[i])` passed [got Success]


test_hwrng_small_read_boundaries: `read(fd, buf, sizes[i])` passed [got Success]


test_hwrng_small_read_boundaries: `read(fd, buf, sizes[i])` passed [got Success]


test_hwrng_small_read_boundaries: `read(fd, buf, sizes[i])` passed [got Success]


test_hwrng_small_read_boundaries: `read(fd, buf, sizes[i])` passed [got Success]


test_hwrng_small_read_boundaries: `read(fd, buf, sizes[i])` passed [got Success]


test_hwrng_small_read_boundaries: `read(fd, buf, sizes[i])` passed [got Success]


test_hwrng_small_read_boundaries: `read(fd, buf, sizes[i])` passed [got Success]


test_hwrng_small_read_boundaries: `read(fd, buf, sizes[i])` passed [got Success]


test_hwrng_small_read_boundaries: `read(fd, buf, sizes[i])` passed [got Success]


test_hwrng_small_read_boundaries: `read(fd, buf, sizes[i])` passed [got Success]


test_hwrng_small_read_boundaries: `read(fd, buf, sizes[i])` passed [got Success]


test_hwrng_small_read_boundaries: `read(fd, buf, sizes[i])` passed [got Success]


test_hwrng_small_read_boundaries: `read(fd, buf, sizes[i])` passed [got Success]


test_hwrng_small_read_boundaries: `read(fd, buf, sizes[i])` passed [got Success]


test_hwrng_small_read_boundaries: `read(fd, buf, sizes[i])` passed [got Success]


test_hwrng_small_read_boundaries: `read(fd, buf, sizes[i])` passed [got Success]


test_hwrng_small_read_boundaries: `read(fd, buf, sizes[i])` passed [got Success]


test_hwrng_small_read_boundaries: `read(fd, buf, sizes[i])` passed [got Success]


test_hwrng_small_read_boundaries: `read(fd, buf, sizes[i])` passed [got Success]


test_hwrng_small_read_boundaries: `read(fd, buf, sizes[i])` passed [got Success]


test_hwrng_small_read_boundaries: `read(fd, buf, sizes[i])` passed [got Success]


test_hwrng_small_read_boundaries: `read(fd, buf, sizes[i])` passed [got Success]


test_hwrng_small_read_boundaries: `read(fd, buf, sizes[i])` passed [got Success]


test_hwrng_small_read_boundaries: `read(fd, buf, sizes[i])` passed [got Success]


test_hwrng_small_read_boundaries: `read(fd, buf, sizes[i])` passed [got Success]


test_hwrng_small_read_boundaries: `read(fd, buf, sizes[i])` passed [got Success]


test_hwrng_small_read_boundaries: `read(fd, buf, sizes[i])` passed [got Success]


test_hwrng_small_read_boundaries: `read(fd, buf, sizes[i])` passed [got Success]


test_hwrng_small_read_boundaries: `read(fd, buf, sizes[i])` passed [got Success]


test_hwrng_small_read_boundaries: `read(fd, buf, sizes[i])` passed [got Success]


test_hwrng_small_read_boundaries: `read(fd, buf, sizes[i])` passed [got Success]


test_hwrng_small_read_boundaries: `read(fd, buf, sizes[i])` passed [got Success]


test_hwrng_small_read_boundaries: `read(fd, buf, sizes[i])` passed [got Success]


test_hwrng_small_read_boundaries: `read(fd, buf, sizes[i])` passed [got Success]


test_hwrng_small_read_boundaries: `read(fd, buf, sizes[i])` passed [got Success]


test_hwrng_small_read_boundaries: `read(fd, buf, sizes[i])` passed [got Success]


test_hwrng_small_read_boundaries: `read(fd, buf, sizes[i])` passed [got Success]


test_hwrng_small_read_boundaries: `read(fd, buf, sizes[i])` passed [got Success]


test_hwrng_small_read_boundaries: `read(fd, buf, sizes[i])` passed [got Success]


test_hwrng_small_read_boundaries: `read(fd, buf, sizes[i])` passed [got Success]


test_hwrng_small_read_boundaries: `read(fd, buf, sizes[i])` passed [got Success]


test_hwrng_small_read_boundaries: `read(fd, buf, sizes[i])` passed [got Success]


test_hwrng_small_read_boundaries: `read(fd, buf, sizes[i])` passed [got Success]


test_hwrng_small_read_boundaries: `read(fd, buf, sizes[i])` passed [got Success]


test_hwrng_small_read_boundaries: `read(fd, buf, sizes[i])` passed [got Success]


test_hwrng_small_read_boundaries: `read(fd, buf, sizes[i])` passed [got Success]


test_hwrng_small_read_boundaries: `read(fd, buf, sizes[i])` passed [got Success]


test_hwrng_small_read_boundaries: `read(fd, buf, sizes[i])` passed [got Success]


test_hwrng_small_read_boundaries: `read(fd, buf, sizes[i])` passed [got Success]


test_hwrng_small_read_boundaries: `read(fd, buf, sizes[i])` passed [got Success]


test_hwrng_small_read_boundaries: `read(fd, buf, sizes[i])` passed [got Success]


test_hwrng_small_read_boundaries: `read(fd, buf, sizes[i])` passed [got Success]


test_hwrng_small_read_boundaries: `read(fd, buf, sizes[i])` passed [got Success]


test_hwrng_small_read_boundaries: `read(fd, buf, sizes[i])` passed [got Success]


test_hwrng_small_read_boundaries: `read(fd, buf, sizes[i])` passed [got Success]


test_hwrng_small_read_boundaries: `read(fd, buf, sizes[i])` passed [got Success]


test_hwrng_small_read_boundaries: `read(fd, buf, sizes[i])` passed [got Success]


test_hwrng_small_read_boundaries: `read(fd, buf, sizes[i])` passed [got Success]


test_hwrng_small_read_boundaries: `read(fd, buf, sizes[i])` passed [got Success]


test_hwrng_small_read_boundaries: `read(fd, buf, sizes[i])` passed [got Success]


test_hwrng_small_read_boundaries: `read(fd, buf, sizes[i])` passed [got Success]


test_hwrng_small_read_boundaries: `read(fd, buf, sizes[i])` passed [got Success]


test_hwrng_small_read_boundaries: `read(fd, buf, sizes[i])` passed [got Success]


test_hwrng_small_read_boundaries: `read(fd, buf, sizes[i])` passed [got Success]


test_hwrng_small_read_boundaries: `read(fd, buf, sizes[i])` passed [got Success]


test_hwrng_small_read_boundaries: `read(fd, buf, sizes[i])` passed [got Success]


test_hwrng_small_read_boundaries: `read(fd, buf, sizes[i])` passed [got Success]


test_hwrng_small_read_boundaries: `read(fd, buf, sizes[i])` passed [got Success]


test_hwrng_small_read_boundaries: `read(fd, buf, sizes[i])` passed [got Success]


test_hwrng_small_read_boundaries: `read(fd, buf, sizes[i])` passed [got Success]


test_hwrng_small_read_boundaries: `read(fd, buf, sizes[i])` passed [got Success]


test_hwrng_small_read_boundaries: `read(fd, buf, sizes[i])` passed [got Success]


test_hwrng_small_read_boundaries: `read(fd, buf, sizes[i])` passed [got Success]


test_hwrng_small_read_boundaries: `read(fd, buf, sizes[i])` passed [got Success]


test_hwrng_small_read_boundaries: `read(fd, buf, sizes[i])` passed [got Success]


test_hwrng_small_read_boundaries: `read(fd, buf, sizes[i])` passed [got Success]


test_hwrng_small_read_boundaries: `read(fd, buf, sizes[i])` passed [got Success]


test_hwrng_small_read_boundaries: `read(fd, buf, sizes[i])` passed [got Success]


test_hwrng_small_read_boundaries: `read(fd, buf, sizes[i])` passed [got Success]


test_hwrng_small_read_boundaries: `read(fd, buf, sizes[i])` passed [got Success]


test_hwrng_small_read_boundaries: `read(fd, buf, sizes[i])` passed [got Success]


test_hwrng_small_read_boundaries: `read(fd, buf, sizes[i])` passed [got Success]


test_hwrng_small_read_boundaries: `read(fd, buf, sizes[i])` passed [got Success]


test_hwrng_small_read_boundaries: `read(fd, buf, sizes[i])` passed [got Success]


test_hwrng_small_read_boundaries: `read(fd, buf, sizes[i])` passed [got Success]


test_hwrng_small_read_boundaries: `read(fd, buf, sizes[i])` passed [got Success]


test_hwrng_small_read_boundaries: `read(fd, buf, sizes[i])` passed [got Success]


test_hwrng_small_read_boundaries: `read(fd, buf, sizes[i])` passed [got Success]


test_hwrng_small_read_boundaries: `read(fd, buf, sizes[i])` passed [got Success]


test_hwrng_small_read_boundaries: `read(fd, buf, sizes[i])` passed [got Success]


test_hwrng_small_read_boundaries: `read(fd, buf, sizes[i])` passed [got Success]


test_hwrng_small_read_boundaries: `read(fd, buf, sizes[i])` passed [got Success]


test_hwrng_small_read_boundaries: `read(fd, buf, sizes[i])` passed [got Success]


test_hwrng_small_read_boundaries: `read(fd, buf, sizes[i])` passed [got Success]


test_hwrng_small_read_boundaries: `read(fd, buf, sizes[i])` passed [got Success]


test_hwrng_small_read_boundaries: `read(fd, buf, sizes[i])` passed [got Success]


test_hwrng_small_read_boundaries: `read(fd, buf, sizes[i])` passed [got Success]


test_hwrng_small_read_boundaries: `read(fd, buf, sizes[i])` passed [got Success]


test_hwrng_small_read_boundaries: `read(fd, buf, sizes[i])` passed [got Success]


test_hwrng_small_read_boundaries: `read(fd, buf, sizes[i])` passed [got Success]


test_hwrng_small_read_boundaries: `read(fd, buf, sizes[i])` passed [got Success]


test_hwrng_small_read_boundaries: `read(fd, buf, sizes[i])` passed [got Success]


test_hwrng_small_read_boundaries: `read(fd, buf, sizes[i])` passed [got Success]


test_hwrng_small_read_boundaries: `read(fd, buf, sizes[i])` passed [got Success]


test_hwrng_small_read_boundaries: `read(fd, buf, sizes[i])` passed [got Success]


test_hwrng_small_read_boundaries: `read(fd, buf, sizes[i])` passed [got Success]


test_hwrng_small_read_boundaries: `read(fd, buf, sizes[i])` passed [got Success]


test_hwrng_small_read_boundaries: `read(fd, buf, sizes[i])` passed [got Success]


test_hwrng_small_read_boundaries: `read(fd, buf, sizes[i])` passed [got Success]


test_hwrng_small_read_boundaries: `read(fd, buf, sizes[i])` passed [got Success]


test_hwrng_small_read_boundaries: `read(fd, buf, sizes[i])` passed [got Success]


test_hwrng_small_read_boundaries: `read(fd, buf, sizes[i])` passed [got Success]


test_hwrng_small_read_boundaries: `read(fd, buf, sizes[i])` passed [got Success]


test_hwrng_small_read_boundaries: `read(fd, buf, sizes[i])` passed [got Success]


test_hwrng_small_read_boundaries: `read(fd, buf, sizes[i])` passed [got Success]


test_hwrng_small_read_boundaries: `read(fd, buf, sizes[i])` passed [got Success]


test_hwrng_small_read_boundaries: `read(fd, buf, sizes[i])` passed [got Success]


test_hwrng_small_read_boundaries: `read(fd, buf, sizes[i])` passed [got Success]


test_hwrng_small_read_boundaries: `read(fd, buf, sizes[i])` passed [got Success]


test_hwrng_small_read_boundaries: `read(fd, buf, sizes[i])` passed [got Success]


test_hwrng_small_read_boundaries: `read(fd, buf, sizes[i])` passed [got Success]


test_hwrng_small_read_boundaries: `read(fd, buf, sizes[i])` passed [got Success]


test_hwrng_small_read_boundaries: `read(fd, buf, sizes[i])` passed [got Success]


test_hwrng_small_read_boundaries: `read(fd, buf, sizes[i])` passed [got Success]


test_hwrng_small_read_boundaries: `read(fd, buf, sizes[i])` passed [got Success]


test_hwrng_small_read_boundaries: `read(fd, buf, sizes[i])` passed [got Success]


test_hwrng_small_read_boundaries: `read(fd, buf, sizes[i])` passed [got Success]


test_hwrng_small_read_boundaries: `read(fd, buf, sizes[i])` passed [got Success]


test_hwrng_small_read_boundaries: `read(fd, buf, sizes[i])` passed [got Success]


test_hwrng_small_read_boundaries: `read(fd, buf, sizes[i])` passed [got Success]


test_hwrng_small_read_boundaries: `read(fd, buf, sizes[i])` passed [got Success]


test_hwrng_small_read_boundaries: `read(fd, buf, sizes[i])` passed [got Success]


test_hwrng_small_read_boundaries: `read(fd, buf, sizes[i])` passed [got Success]


test_hwrng_small_read_boundaries: `read(fd, buf, sizes[i])` passed [got Success]


test_hwrng_small_read_boundaries: `read(fd, buf, sizes[i])` passed [got Success]


test_hwrng_small_read_boundaries: `read(fd, buf, sizes[i])` passed [got Success]


test_hwrng_small_read_boundaries: `read(fd, buf, sizes[i])` passed [got Success]


test_hwrng_small_read_boundaries: `read(fd, buf, sizes[i])` passed [got Success]


test_hwrng_small_read_boundaries: `read(fd, buf, sizes[i])` passed [got Success]


test_hwrng_small_read_boundaries: `read(fd, buf, sizes[i])` passed [got Success]


test_hwrng_small_read_boundaries: `read(fd, buf, sizes[i])` passed [got Success]


test_hwrng_small_read_boundaries: `read(fd, buf, sizes[i])` passed [got Success]


test_hwrng_small_read_boundaries: `read(fd, buf, sizes[i])` passed [got Success]


test_hwrng_small_read_boundaries: `read(fd, buf, sizes[i])` passed [got Success]


test_hwrng_small_read_boundaries: `read(fd, buf, sizes[i])` passed [got Success]


test_hwrng_small_read_boundaries: `read(fd, buf, sizes[i])` passed [got Success]


test_hwrng_small_read_boundaries: `read(fd, buf, sizes[i])` passed [got Success]


test_hwrng_small_read_boundaries: `read(fd, buf, sizes[i])` passed [got Success]


test_hwrng_small_read_boundaries: `read(fd, buf, sizes[i])` passed [got Success]


test_hwrng_small_read_boundaries: `read(fd, buf, sizes[i])` passed [got Success]


test_hwrng_small_read_boundaries: `read(fd, buf, sizes[i])` passed [got Success]


test_hwrng_small_read_boundaries: `read(fd, buf, sizes[i])` passed [got Success]


test_hwrng_small_read_boundaries: `read(fd, buf, sizes[i])` passed [got Success]


test_hwrng_small_read_boundaries: `read(fd, buf, sizes[i])` passed [got Success]


test_hwrng_small_read_boundaries: `read(fd, buf, sizes[i])` passed [got Success]


test_hwrng_small_read_boundaries: `read(fd, buf, sizes[i])` passed [got Success]


test_hwrng_small_read_boundaries: `read(fd, buf, sizes[i])` passed [got Success]


test_hwrng_small_read_boundaries: `read(fd, buf, sizes[i])` passed [got Success]


test_hwrng_small_read_boundaries: `read(fd, buf, sizes[i])` passed [got Success]


test_hwrng_small_read_boundaries: `read(fd, buf, sizes[i])` passed [got Success]


test_hwrng_small_read_boundaries: `read(fd, buf, sizes[i])` passed [got Success]


test_hwrng_small_read_boundaries: `read(fd, buf, sizes[i])` passed [got Success]


test_hwrng_small_read_boundaries: `read(fd, buf, sizes[i])` passed [got Success]


test_hwrng_small_read_boundaries: `read(fd, buf, sizes[i])` passed [got Success]


test_hwrng_small_read_boundaries: `read(fd, buf, sizes[i])` passed [got Success]


test_hwrng_small_read_boundaries: `read(fd, buf, sizes[i])` passed [got Success]


test_hwrng_small_read_boundaries: `read(fd, buf, sizes[i])` passed [got Success]


test_hwrng_small_read_boundaries: `read(fd, buf, sizes[i])` passed [got Success]


test_hwrng_small_read_boundaries: `read(fd, buf, sizes[i])` passed [got Success]


test_hwrng_small_read_boundaries: `read(fd, buf, sizes[i])` passed [got Success]


test_hwrng_small_read_boundaries: `read(fd, buf, sizes[i])` passed [got Success]


test_hwrng_small_read_boundaries: `read(fd, buf, sizes[i])` passed [got Success]


test_hwrng_small_read_boundaries: `read(fd, buf, sizes[i])` passed [got Success]


test_hwrng_small_read_boundaries: `read(fd, buf, sizes[i])` passed [got Success]


test_hwrng_small_read_boundaries: `read(fd, buf, sizes[i])` passed [got Success]


test_hwrng_small_read_boundaries: `read(fd, buf, sizes[i])` passed [got Success]


test_hwrng_small_read_boundaries: `read(fd, buf, sizes[i])` passed [got Success]


test_hwrng_small_read_boundaries: `read(fd, buf, sizes[i])` passed [got Success]


test_hwrng_small_read_boundaries: `read(fd, buf, sizes[i])` passed [got Success]


test_hwrng_small_read_boundaries: `read(fd, buf, sizes[i])` passed [got Success]


test_hwrng_small_read_boundaries: `read(fd, buf, sizes[i])` passed [got Success]


test_hwrng_small_read_boundaries: `read(fd, buf, sizes[i])` passed [got Success]


test_hwrng_small_read_boundaries: `read(fd, buf, sizes[i])` passed [got Success]


test_hwrng_small_read_boundaries: `read(fd, buf, sizes[i])` passed [got Success]


test_hwrng_small_read_boundaries: `read(fd, buf, sizes[i])` passed [got Success]


test_hwrng_small_read_boundaries: `read(fd, buf, sizes[i])` passed [got Success]


test_hwrng_small_read_boundaries: `read(fd, buf, sizes[i])` passed [got Success]


test_hwrng_small_read_boundaries: `read(fd, buf, sizes[i])` passed [got Success]


test_hwrng_small_read_boundaries: `read(fd, buf, sizes[i])` passed [got Success]


test_hwrng_small_read_boundaries: `read(fd, buf, sizes[i])` passed [got Success]


test_hwrng_small_read_boundaries: `read(fd, buf, sizes[i])` passed [got Success]


test_hwrng_small_read_boundaries: `read(fd, buf, sizes[i])` passed [got Success]


test_hwrng_small_read_boundaries: `read(fd, buf, sizes[i])` passed [got Success]


test_hwrng_small_read_boundaries: `read(fd, buf, sizes[i])` passed [got Success]


test_hwrng_small_read_boundaries: `read(fd, buf, sizes[i])` passed [got Success]


test_hwrng_small_read_boundaries: `read(fd, buf, sizes[i])` passed [got Success]


test_hwrng_small_read_boundaries: `read(fd, buf, sizes[i])` passed [got Success]


test_hwrng_small_read_boundaries: `read(fd, buf, sizes[i])` passed [got Success]


test_hwrng_small_read_boundaries: `read(fd, buf, sizes[i])` passed [got Success]


test_hwrng_small_read_boundaries: `read(fd, buf, sizes[i])` passed [got Success]


test_hwrng_small_read_boundaries: `read(fd, buf, sizes[i])` passed [got Success]


test_hwrng_small_read_boundaries: `read(fd, buf, sizes[i])` passed [got Success]


test_hwrng_small_read_boundaries: `read(fd, buf, sizes[i])` passed [got Success]


test_hwrng_small_read_boundaries: `read(fd, buf, sizes[i])` passed [got Success]


test_hwrng_small_read_boundaries: `read(fd, buf, sizes[i])` passed [got Success]


test_hwrng_small_read_boundaries: `read(fd, buf, sizes[i])` passed [got Success]


test_hwrng_small_read_boundaries: `read(fd, buf, sizes[i])` passed [got Success]


test_hwrng_small_read_boundaries: `read(fd, buf, sizes[i])` passed [got Success]


test_hwrng_small_read_boundaries: `read(fd, buf, sizes[i])` passed [got Success]


test_hwrng_small_read_boundaries: `read(fd, buf, sizes[i])` passed [got Success]


test_hwrng_small_read_boundaries: `read(fd, buf, sizes[i])` passed [got Success]


test_hwrng_small_read_boundaries: `read(fd, buf, sizes[i])` passed [got Success]


test_hwrng_small_read_boundaries: `read(fd, buf, sizes[i])` passed [got Success]


test_hwrng_small_read_boundaries: `read(fd, buf, sizes[i])` passed [got Success]


test_hwrng_small_read_boundaries: `read(fd, buf, sizes[i])` passed [got Success]


test_hwrng_small_read_boundaries: `read(fd, buf, sizes[i])` passed [got Success]


test_hwrng_small_read_boundaries: `read(fd, buf, sizes[i])` passed [got Success]


test_hwrng_small_read_boundaries: `read(fd, buf, sizes[i])` passed [got Success]


test_hwrng_small_read_boundaries: `read(fd, buf, sizes[i])` passed [got Success]


test_hwrng_small_read_boundaries: `read(fd, buf, sizes[i])` passed [got Success]


test_hwrng_small_read_boundaries: `read(fd, buf, sizes[i])` passed [got Success]


test_hwrng_small_read_boundaries: `read(fd, buf, sizes[i])` passed [got Success]


test_hwrng_small_read_boundaries: `read(fd, buf, sizes[i])` passed [got Success]


test_hwrng_small_read_boundaries: `read(fd, buf, sizes[i])` passed [got Success]


test_hwrng_small_read_boundaries: `read(fd, buf, sizes[i])` passed [got Success]


test_hwrng_small_read_boundaries: `read(fd, buf, sizes[i])` passed [got Success]


test_hwrng_small_read_boundaries: `read(fd, buf, sizes[i])` passed [got Success]


test_hwrng_small_read_boundaries: `read(fd, buf, sizes[i])` passed [got Success]


test_hwrng_small_read_boundaries: `read(fd, buf, sizes[i])` passed [got Success]


test_hwrng_small_read_boundaries: `read(fd, buf, sizes[i])` passed [got Success]


test_hwrng_small_read_boundaries: `read(fd, buf, sizes[i])` passed [got Success]


test_hwrng_small_read_boundaries: `read(fd, buf, sizes[i])` passed [got Success]


test_hwrng_small_read_boundaries: `read(fd, buf, sizes[i])` passed [got Success]


test_hwrng_small_read_boundaries: `read(fd, buf, sizes[i])` passed [got Success]


test_hwrng_small_read_boundaries: `read(fd, buf, sizes[i])` passed [got Success]


test_hwrng_small_read_boundaries: `read(fd, buf, sizes[i])` passed [got Success]


test_hwrng_small_read_boundaries: `read(fd, buf, sizes[i])` passed [got Success]


test_hwrng_small_read_boundaries: `read(fd, buf, sizes[i])` passed [got Success]


test_hwrng_small_read_boundaries: `read(fd, buf, sizes[i])` passed [got Success]


test_hwrng_small_read_boundaries: `read(fd, buf, sizes[i])` passed [got Success]


test_hwrng_small_read_boundaries: `read(fd, buf, sizes[i])` passed [got Success]


test_hwrng_small_read_boundaries: `read(fd, buf, sizes[i])` passed [got Success]


test_hwrng_small_read_boundaries: `read(fd, buf, sizes[i])` passed [got Success]


test_hwrng_small_read_boundaries: `read(fd, buf, sizes[i])` passed [got Success]


test_hwrng_small_read_boundaries: `read(fd, buf, sizes[i])` passed [got Success]


test_hwrng_small_read_boundaries: `read(fd, buf, sizes[i])` passed [got Success]


test_hwrng_small_read_boundaries: `read(fd, buf, sizes[i])` passed [got Success]


test_hwrng_small_read_boundaries: `read(fd, buf, sizes[i])` passed [got Success]


test_hwrng_small_read_boundaries: `read(fd, buf, sizes[i])` passed [got Success]


test_hwrng_small_read_boundaries: `read(fd, buf, sizes[i])` passed [got Success]


test_hwrng_small_read_boundaries: `read(fd, buf, sizes[i])` passed [got Success]


test_hwrng_small_read_boundaries: `read(fd, buf, sizes[i])` passed [got Success]


test_hwrng_small_read_boundaries: `read(fd, buf, sizes[i])` passed [got Success]


test_hwrng_small_read_boundaries: `read(fd, buf, sizes[i])` passed [got Success]


test_hwrng_small_read_boundaries: `read(fd, buf, sizes[i])` passed [got Success]


test_hwrng_small_read_boundaries: `read(fd, buf, sizes[i])` passed [got Success]


test_hwrng_small_read_boundaries: `read(fd, buf, sizes[i])` passed [got Success]


test_hwrng_small_read_boundaries: `read(fd, buf, sizes[i])` passed [got Success]


test_hwrng_small_read_boundaries: `read(fd, buf, sizes[i])` passed [got Success]


test_hwrng_small_read_boundaries: `read(fd, buf, sizes[i])` passed [got Success]


test_hwrng_small_read_boundaries: `read(fd, buf, sizes[i])` passed [got Success]


test_hwrng_small_read_boundaries: `read(fd, buf, sizes[i])` passed [got Success]


test_hwrng_small_read_boundaries: `read(fd, buf, sizes[i])` passed [got Success]


test_hwrng_small_read_boundaries: `read(fd, buf, sizes[i])` passed [got Success]


test_hwrng_small_read_boundaries: `read(fd, buf, sizes[i])` passed [got Success]


test_hwrng_small_read_boundaries: `read(fd, buf, sizes[i])` passed [got Success]


test_hwrng_small_read_boundaries: `read(fd, buf, sizes[i])` passed [got Success]


test_hwrng_small_read_boundaries: `read(fd, buf, sizes[i])` passed [got Success]


test_hwrng_small_read_boundaries: `read(fd, buf, sizes[i])` passed [got Success]


test_hwrng_small_read_boundaries: `read(fd, buf, sizes[i])` passed [got Success]


test_hwrng_small_read_boundaries: `read(fd, buf, sizes[i])` passed [got Success]


test_hwrng_small_read_boundaries: `read(fd, buf, sizes[i])` passed [got Success]


test_hwrng_small_read_boundaries: `read(fd, buf, sizes[i])` passed [got Success]


test_hwrng_small_read_boundaries: `read(fd, buf, sizes[i])` passed [got Success]


test_hwrng_small_read_boundaries: `read(fd, buf, sizes[i])` passed [got Success]


test_hwrng_small_read_boundaries: `read(fd, buf, sizes[i])` passed [got Success]


test_hwrng_small_read_boundaries: `read(fd, buf, sizes[i])` passed [got Success]


test_hwrng_small_read_boundaries: `read(fd, buf, sizes[i])` passed [got Success]


test_hwrng_small_read_boundaries: `read(fd, buf, sizes[i])` passed [got Success]


test_hwrng_small_read_boundaries: `read(fd, buf, sizes[i])` passed [got Success]


test_hwrng_small_read_boundaries: `read(fd, buf, sizes[i])` passed [got Success]


test_hwrng_small_read_boundaries: `read(fd, buf, sizes[i])` passed [got Success]


test_hwrng_small_read_boundaries: `read(fd, buf, sizes[i])` passed [got Success]


test_hwrng_small_read_boundaries: `read(fd, buf, sizes[i])` passed [got Success]


test_hwrng_small_read_boundaries: `read(fd, buf, sizes[i])` passed [got Success]


test_hwrng_small_read_boundaries: `read(fd, buf, sizes[i])` passed [got Success]


test_hwrng_small_read_boundaries: `read(fd, buf, sizes[i])` passed [got Success]


test_hwrng_small_read_boundaries: `read(fd, buf, sizes[i])` passed [got Success]


test_hwrng_small_read_boundaries: `read(fd, buf, sizes[i])` passed [got Success]


test_hwrng_small_read_boundaries: `read(fd, buf, sizes[i])` passed [got Success]


test_hwrng_small_read_boundaries: `read(fd, buf, sizes[i])` passed [got Success]


test_hwrng_small_read_boundaries: `read(fd, buf, sizes[i])` passed [got Success]


test_hwrng_small_read_boundaries: `read(fd, buf, sizes[i])` passed [got Success]


test_hwrng_small_read_boundaries: `read(fd, buf, sizes[i])` passed [got Success]


test_hwrng_small_read_boundaries: `read(fd, buf, sizes[i])` passed [got Success]


test_hwrng_small_read_boundaries: `read(fd, buf, sizes[i])` passed [got Success]


test_hwrng_small_read_boundaries: `read(fd, buf, sizes[i])` passed [got Success]


test_hwrng_small_read_boundaries: `read(fd, buf, sizes[i])` passed [got Success]


test_hwrng_small_read_boundaries: `read(fd, buf, sizes[i])` passed [got Success]


test_hwrng_small_read_boundaries: `read(fd, buf, sizes[i])` passed [got Success]


test_hwrng_small_read_boundaries: `read(fd, buf, sizes[i])` passed [got Success]


test_hwrng_small_read_boundaries: `read(fd, buf, sizes[i])` passed [got Success]


test_hwrng_small_read_boundaries: `read(fd, buf, sizes[i])` passed [got Success]


test_hwrng_small_read_boundaries: `read(fd, buf, sizes[i])` passed [got Success]


test_hwrng_small_read_boundaries: `read(fd, buf, sizes[i])` passed [got Success]


test_hwrng_small_read_boundaries: `read(fd, buf, sizes[i])` passed [got Success]


test_hwrng_small_read_boundaries: `read(fd, buf, sizes[i])` passed [got Success]


test_hwrng_small_read_boundaries: `read(fd, buf, sizes[i])` passed [got Success]


test_hwrng_small_read_boundaries: `read(fd, buf, sizes[i])` passed [got Success]


test_hwrng_small_read_boundaries: `read(fd, buf, sizes[i])` passed [got Success]


test_hwrng_small_read_boundaries: `read(fd, buf, sizes[i])` passed [got Success]


test_hwrng_small_read_boundaries: `read(fd, buf, sizes[i])` passed [got Success]


test_hwrng_small_read_boundaries: `read(fd, buf, sizes[i])` passed [got Success]


test_hwrng_small_read_boundaries: `read(fd, buf, sizes[i])` passed [got Success]


test_hwrng_small_read_boundaries: `read(fd, buf, sizes[i])` passed [got Success]


test_hwrng_small_read_boundaries: `read(fd, buf, sizes[i])` passed [got Success]


test_hwrng_small_read_boundaries: `read(fd, buf, sizes[i])` passed [got Success]


test_hwrng_small_read_boundaries: `read(fd, buf, sizes[i])` passed [got Success]


test_hwrng_small_read_boundaries: `read(fd, buf, sizes[i])` passed [got Success]


test_hwrng_small_read_boundaries: `read(fd, buf, sizes[i])` passed [got Success]


test_hwrng_small_read_boundaries: `read(fd, buf, sizes[i])` passed [got Success]


test_hwrng_small_read_boundaries: `read(fd, buf, sizes[i])` passed [got Success]


test_hwrng_small_read_boundaries: `read(fd, buf, sizes[i])` passed [got Success]


test_hwrng_small_read_boundaries: `read(fd, buf, sizes[i])` passed [got Success]


test_hwrng_small_read_boundaries: `read(fd, buf, sizes[i])` passed [got Success]


test_hwrng_small_read_boundaries: `read(fd, buf, sizes[i])` passed [got Success]


test_hwrng_small_read_boundaries: `read(fd, buf, sizes[i])` passed [got Success]


test_hwrng_small_read_boundaries: `read(fd, buf, sizes[i])` passed [got Success]


test_hwrng_small_read_boundaries: `read(fd, buf, sizes[i])` passed [got Success]


test_hwrng_small_read_boundaries: `read(fd, buf, sizes[i])` passed [got Success]


test_hwrng_small_read_boundaries: `read(fd, buf, sizes[i])` passed [got Success]


test_hwrng_small_read_boundaries: `read(fd, buf, sizes[i])` passed [got Success]


test_hwrng_small_read_boundaries: `read(fd, buf, sizes[i])` passed [got Success]


test_hwrng_small_read_boundaries: `read(fd, buf, sizes[i])` passed [got Success]


test_hwrng_small_read_boundaries: `read(fd, buf, sizes[i])` passed [got Success]


test_hwrng_small_read_boundaries: `read(fd, buf, sizes[i])` passed [got Success]


test_hwrng_small_read_boundaries: `read(fd, buf, sizes[i])` passed [got Success]


test_hwrng_small_read_boundaries: `read(fd, buf, sizes[i])` passed [got Success]


test_hwrng_small_read_boundaries: `read(fd, buf, sizes[i])` passed [got Success]


test_hwrng_small_read_boundaries: `read(fd, buf, sizes[i])` passed [got Success]


test_hwrng_small_read_boundaries: `read(fd, buf, sizes[i])` passed [got Success]


test_hwrng_small_read_boundaries: `read(fd, buf, sizes[i])` passed [got Success]


test_hwrng_small_read_boundaries: `read(fd, buf, sizes[i])` passed [got Success]


test_hwrng_small_read_boundaries: `read(fd, buf, sizes[i])` passed [got Success]


test_hwrng_small_read_boundaries: `read(fd, buf, sizes[i])` passed [got Success]


test_hwrng_small_read_boundaries: `read(fd, buf, sizes[i])` passed [got Success]


test_hwrng_small_read_boundaries: `read(fd, buf, sizes[i])` passed [got Success]


test_hwrng_small_read_boundaries: `read(fd, buf, sizes[i])` passed [got Success]


test_hwrng_small_read_boundaries: `read(fd, buf, sizes[i])` passed [got Success]


test_hwrng_small_read_boundaries: `read(fd, buf, sizes[i])` passed [got Success]


test_hwrng_small_read_boundaries: `read(fd, buf, sizes[i])` passed [got Success]


test_hwrng_small_read_boundaries: `read(fd, buf, sizes[i])` passed [got Success]


test_hwrng_small_read_boundaries: `read(fd, buf, sizes[i])` passed [got Success]


test_hwrng_small_read_boundaries: `read(fd, buf, sizes[i])` passed [got Success]


test_hwrng_small_read_boundaries: `read(fd, buf, sizes[i])` passed [got Success]


test_hwrng_small_read_boundaries: `read(fd, buf, sizes[i])` passed [got Success]


test_hwrng_small_read_boundaries: `read(fd, buf, sizes[i])` passed [got Success]


test_hwrng_small_read_boundaries: `read(fd, buf, sizes[i])` passed [got Success]


test_hwrng_small_read_boundaries: `read(fd, buf, sizes[i])` passed [got Success]


test_hwrng_small_read_boundaries: `read(fd, buf, sizes[i])` passed [got Success]


test_hwrng_small_read_boundaries: `read(fd, buf, sizes[i])` passed [got Success]


test_hwrng_small_read_boundaries: `read(fd, buf, sizes[i])` passed [got Success]


test_hwrng_small_read_boundaries: `read(fd, buf, sizes[i])` passed [got Success]


test_hwrng_small_read_boundaries: `read(fd, buf, sizes[i])` passed [got Success]


test_hwrng_small_read_boundaries: `read(fd, buf, sizes[i])` passed [got Success]


test_hwrng_small_read_boundaries: `read(fd, buf, sizes[i])` passed [got Success]


test_hwrng_small_read_boundaries: `read(fd, buf, sizes[i])` passed [got Success]


test_hwrng_small_read_boundaries: `read(fd, buf, sizes[i])` passed [got Success]


test_hwrng_small_read_boundaries: `read(fd, buf, sizes[i])` passed [got Success]


test_hwrng_small_read_boundaries: `read(fd, buf, sizes[i])` passed [got Success]


test_hwrng_small_read_boundaries: `read(fd, buf, sizes[i])` passed [got Success]


test_hwrng_small_read_boundaries: `read(fd, buf, sizes[i])` passed [got Success]


test_hwrng_small_read_boundaries: `read(fd, buf, sizes[i])` passed [got Success]


test_hwrng_small_read_boundaries: `read(fd, buf, sizes[i])` passed [got Success]


test_hwrng_small_read_boundaries: `read(fd, buf, sizes[i])` passed [got Success]


test_hwrng_small_read_boundaries: `read(fd, buf, sizes[i])` passed [got Success]


test_hwrng_small_read_boundaries: `read(fd, buf, sizes[i])` passed [got Success]


test_hwrng_small_read_boundaries: `read(fd, buf, sizes[i])` passed [got Success]


test_hwrng_small_read_boundaries: `read(fd, buf, sizes[i])` passed [got Success]


test_hwrng_small_read_boundaries: `read(fd, buf, sizes[i])` passed [got Success]


test_hwrng_small_read_boundaries: `read(fd, buf, sizes[i])` passed [got Success]


test_hwrng_small_read_boundaries: `read(fd, buf, sizes[i])` passed [got Success]


test_hwrng_small_read_boundaries: `read(fd, buf, sizes[i])` passed [got Success]


test_hwrng_small_read_boundaries: `read(fd, buf, sizes[i])` passed [got Success]


test_hwrng_small_read_boundaries: `read(fd, buf, sizes[i])` passed [got Success]


test_hwrng_small_read_boundaries: `read(fd, buf, sizes[i])` passed [got Success]


test_hwrng_small_read_boundaries: `read(fd, buf, sizes[i])` passed [got Success]


test_hwrng_small_read_boundaries: `read(fd, buf, sizes[i])` passed [got Success]


test_hwrng_small_read_boundaries: `read(fd, buf, sizes[i])` passed [got Success]


test_hwrng_small_read_boundaries: `read(fd, buf, sizes[i])` passed [got Success]


test_hwrng_small_read_boundaries: `read(fd, buf, sizes[i])` passed [got Success]


test_hwrng_small_read_boundaries: `read(fd, buf, sizes[i])` passed [got Success]


test_hwrng_small_read_boundaries: `read(fd, buf, sizes[i])` passed [got Success]


test_hwrng_small_read_boundaries: `read(fd, buf, sizes[i])` passed [got Success]


test_hwrng_small_read_boundaries: `read(fd, buf, sizes[i])` passed [got Success]


test_hwrng_small_read_boundaries: `read(fd, buf, sizes[i])` passed [got Success]


test_hwrng_small_read_boundaries: `read(fd, buf, sizes[i])` passed [got Success]


test_hwrng_small_read_boundaries: `read(fd, buf, sizes[i])` passed [got Success]


test_hwrng_small_read_boundaries: `read(fd, buf, sizes[i])` passed [got Success]


test_hwrng_small_read_boundaries: `read(fd, buf, sizes[i])` passed [got Success]


test_hwrng_small_read_boundaries: `read(fd, buf, sizes[i])` passed [got Success]


test_hwrng_small_read_boundaries: `read(fd, buf, sizes[i])` passed [got Success]


test_hwrng_small_read_boundaries: `read(fd, buf, sizes[i])` passed [got Success]


test_hwrng_small_read_boundaries: `read(fd, buf, sizes[i])` passed [got Success]


test_hwrng_small_read_boundaries: `read(fd, buf, sizes[i])` passed [got Success]


test_hwrng_small_read_boundaries: `read(fd, buf, sizes[i])` passed [got Success]


test_hwrng_small_read_boundaries: `read(fd, buf, sizes[i])` passed [got Success]


test_hwrng_small_read_boundaries: `read(fd, buf, sizes[i])` passed [got Success]


test_hwrng_small_read_boundaries: `read(fd, buf, sizes[i])` passed [got Success]


test_hwrng_small_read_boundaries: `read(fd, buf, sizes[i])` passed [got Success]


test_hwrng_small_read_boundaries: `read(fd, buf, sizes[i])` passed [got Success]


test_hwrng_small_read_boundaries: `read(fd, buf, sizes[i])` passed [got Success]


test_hwrng_small_read_boundaries: `read(fd, buf, sizes[i])` passed [got Success]


test_hwrng_small_read_boundaries: `read(fd, buf, sizes[i])` passed [got Success]


test_hwrng_small_read_boundaries: `read(fd, buf, sizes[i])` passed [got Success]


test_hwrng_small_read_boundaries: `read(fd, buf, sizes[i])` passed [got Success]


test_hwrng_small_read_boundaries: `read(fd, buf, sizes[i])` passed [got Success]


test_hwrng_small_read_boundaries: `read(fd, buf, sizes[i])` passed [got Success]


test_hwrng_small_read_boundaries: `read(fd, buf, sizes[i])` passed [got Success]


test_hwrng_small_read_boundaries: `read(fd, buf, sizes[i])` passed [got Success]


test_hwrng_small_read_boundaries: `read(fd, buf, sizes[i])` passed [got Success]


test_hwrng_small_read_boundaries: `read(fd, buf, sizes[i])` passed [got Success]


test_hwrng_small_read_boundaries: `read(fd, buf, sizes[i])` passed [got Success]


test_hwrng_small_read_boundaries: `read(fd, buf, sizes[i])` passed [got Success]


test_hwrng_small_read_boundaries: `read(fd, buf, sizes[i])` passed [got Success]


test_hwrng_small_read_boundaries: `read(fd, buf, sizes[i])` passed [got Success]


test_hwrng_small_read_boundaries: `read(fd, buf, sizes[i])` passed [got Success]


test_hwrng_small_read_boundaries: `read(fd, buf, sizes[i])` passed [got Success]


test_hwrng_small_read_boundaries: `read(fd, buf, sizes[i])` passed [got Success]


test_hwrng_small_read_boundaries: `read(fd, buf, sizes[i])` passed [got Success]


test_hwrng_small_read_boundaries: `read(fd, buf, sizes[i])` passed [got Success]


test_hwrng_small_read_boundaries: `read(fd, buf, sizes[i])` passed [got Success]


test_hwrng_small_read_boundaries: `read(fd, buf, sizes[i])` passed [got Success]


test_hwrng_small_read_boundaries: `read(fd, buf, sizes[i])` passed [got Success]


test_hwrng_small_read_boundaries: `read(fd, buf, sizes[i])` passed [got Success]


test_hwrng_small_read_boundaries: `read(fd, buf, sizes[i])` passed [got Success]


test_hwrng_small_read_boundaries: `read(fd, buf, sizes[i])` passed [got Success]


test_hwrng_small_read_boundaries: `read(fd, buf, sizes[i])` passed [got Success]


test_hwrng_small_read_boundaries: `read(fd, buf, sizes[i])` passed [got Success]


test_hwrng_small_read_boundaries: `read(fd, buf, sizes[i])` passed [got Success]


test_hwrng_small_read_boundaries: `read(fd, buf, sizes[i])` passed [got Success]


test_hwrng_small_read_boundaries: `read(fd, buf, sizes[i])` passed [got Success]


test_hwrng_small_read_boundaries: `read(fd, buf, sizes[i])` passed [got Success]


test_hwrng_small_read_boundaries: `read(fd, buf, sizes[i])` passed [got Success]


test_hwrng_small_read_boundaries: `read(fd, buf, sizes[i])` passed [got Success]


test_hwrng_small_read_boundaries: `read(fd, buf, sizes[i])` passed [got Success]


test_hwrng_small_read_boundaries: `read(fd, buf, sizes[i])` passed [got Success]


test_hwrng_small_read_boundaries: `read(fd, buf, sizes[i])` passed [got Success]


test_hwrng_small_read_boundaries: `read(fd, buf, sizes[i])` passed [got Success]


test_hwrng_small_read_boundaries: `read(fd, buf, sizes[i])` passed [got Success]


test_hwrng_small_read_boundaries: `read(fd, buf, sizes[i])` passed [got Success]


test_hwrng_small_read_boundaries: `read(fd, buf, sizes[i])` passed [got Success]


test_hwrng_small_read_boundaries: `read(fd, buf, sizes[i])` passed [got Success]


test_hwrng_small_read_boundaries: `read(fd, buf, sizes[i])` passed [got Success]


test_hwrng_small_read_boundaries: `read(fd, buf, sizes[i])` passed [got Success]


test_hwrng_small_read_boundaries: `read(fd, buf, sizes[i])` passed [got Success]


test_hwrng_small_read_boundaries: `read(fd, buf, sizes[i])` passed [got Success]


test_hwrng_small_read_boundaries: `read(fd, buf, sizes[i])` passed [got Success]


test_hwrng_small_read_boundaries: `read(fd, buf, sizes[i])` passed [got Success]


test_hwrng_small_read_boundaries: `read(fd, buf, sizes[i])` passed [got Success]


test_hwrng_small_read_boundaries: `read(fd, buf, sizes[i])` passed [got Success]


test_hwrng_small_read_boundaries: `read(fd, buf, sizes[i])` passed [got Success]


test_hwrng_small_read_boundaries: `read(fd, buf, sizes[i])` passed [got Success]


test_hwrng_small_read_boundaries: `read(fd, buf, sizes[i])` passed [got Success]


test_hwrng_small_read_boundaries: `read(fd, buf, sizes[i])` passed [got Success]


test_hwrng_small_read_boundaries: `read(fd, buf, sizes[i])` passed [got Success]


test_hwrng_small_read_boundaries: `read(fd, buf, sizes[i])` passed [got Success]


test_hwrng_small_read_boundaries: `read(fd, buf, sizes[i])` passed [got Success]


test_hwrng_small_read_boundaries: `read(fd, buf, sizes[i])` passed [got Success]


test_hwrng_small_read_boundaries: `read(fd, buf, sizes[i])` passed [got Success]


test_hwrng_small_read_boundaries: `read(fd, buf, sizes[i])` passed [got Success]


test_hwrng_small_read_boundaries: `read(fd, buf, sizes[i])` passed [got Success]


test_hwrng_small_read_boundaries: `read(fd, buf, sizes[i])` passed [got Success]


test_hwrng_small_read_boundaries: `read(fd, buf, sizes[i])` passed [got Success]


test_hwrng_small_read_boundaries: `read(fd, buf, sizes[i])` passed [got Success]


test_hwrng_small_read_boundaries: `read(fd, buf, sizes[i])` passed [got Success]


test_hwrng_small_read_boundaries: `read(fd, buf, sizes[i])` passed [got Success]


test_hwrng_small_read_boundaries: `read(fd, buf, sizes[i])` passed [got Success]


test_hwrng_small_read_boundaries: `read(fd, buf, sizes[i])` passed [got Success]


test_hwrng_small_read_boundaries: `read(fd, buf, sizes[i])` passed [got Success]


test_hwrng_small_read_boundaries: `read(fd, buf, sizes[i])` passed [got Success]


test_hwrng_small_read_boundaries: `read(fd, buf, sizes[i])` passed [got Success]


test_hwrng_small_read_boundaries: `read(fd, buf, sizes[i])` passed [got Success]


test_hwrng_small_read_boundaries: `read(fd, buf, sizes[i])` passed [got Success]


test_hwrng_small_read_boundaries: `read(fd, buf, sizes[i])` passed [got Success]


test_hwrng_small_read_boundaries: `read(fd, buf, sizes[i])` passed [got Success]


test_hwrng_small_read_boundaries: `read(fd, buf, sizes[i])` passed [got Success]


test_hwrng_small_read_boundaries: `read(fd, buf, sizes[i])` passed [got Success]


test_hwrng_small_read_boundaries: `read(fd, buf, sizes[i])` passed [got Success]


test_hwrng_small_read_boundaries: `read(fd, buf, sizes[i])` passed [got Success]


test_hwrng_small_read_boundaries: `read(fd, buf, sizes[i])` passed [got Success]


test_hwrng_small_read_boundaries: `read(fd, buf, sizes[i])` passed [got Success]


test_hwrng_small_read_boundaries: `read(fd, buf, sizes[i])` passed [got Success]


test_hwrng_small_read_boundaries: `read(fd, buf, sizes[i])` passed [got Success]


test_hwrng_small_read_boundaries: `read(fd, buf, sizes[i])` passed [got Success]


test_hwrng_small_read_boundaries: `read(fd, buf, sizes[i])` passed [got Success]


test_hwrng_small_read_boundaries: `read(fd, buf, sizes[i])` passed [got Success]


test_hwrng_small_read_boundaries: `read(fd, buf, sizes[i])` passed [got Success]


test_hwrng_small_read_boundaries: `read(fd, buf, sizes[i])` passed [got Success]


test_hwrng_small_read_boundaries: `read(fd, buf, sizes[i])` passed [got Success]


test_hwrng_small_read_boundaries: `read(fd, buf, sizes[i])` passed [got Success]


test_hwrng_small_read_boundaries: `read(fd, buf, sizes[i])` passed [got Success]


test_hwrng_small_read_boundaries: `read(fd, buf, sizes[i])` passed [got Success]


test_hwrng_small_read_boundaries: `read(fd, buf, sizes[i])` passed [got Success]


test_hwrng_small_read_boundaries: `read(fd, buf, sizes[i])` passed [got Success]


test_hwrng_small_read_boundaries: `read(fd, buf, sizes[i])` passed [got Success]


test_hwrng_small_read_boundaries: `read(fd, buf, sizes[i])` passed [got Success]


test_hwrng_small_read_boundaries: `read(fd, buf, sizes[i])` passed [got Success]


test_hwrng_small_read_boundaries: `read(fd, buf, sizes[i])` passed [got Success]


test_hwrng_small_read_boundaries: `read(fd, buf, sizes[i])` passed [got Success]


test_hwrng_small_read_boundaries: `read(fd, buf, sizes[i])` passed [got Success]


test_hwrng_small_read_boundaries: `read(fd, buf, sizes[i])` passed [got Success]


test_hwrng_small_read_boundaries: `read(fd, buf, sizes[i])` passed [got Success]


test_hwrng_small_read_boundaries: `read(fd, buf, sizes[i])` passed [got Success]


test_hwrng_small_read_boundaries: `read(fd, buf, sizes[i])` passed [got Success]


test_hwrng_small_read_boundaries: `read(fd, buf, sizes[i])` passed [got Success]


test_hwrng_small_read_boundaries: `read(fd, buf, sizes[i])` passed [got Success]


test_hwrng_small_read_boundaries: `read(fd, buf, sizes[i])` passed [got Success]


test_hwrng_small_read_boundaries: `read(fd, buf, sizes[i])` passed [got Success]


test_hwrng_small_read_boundaries: `read(fd, buf, sizes[i])` passed [got Success]


test_hwrng_small_read_boundaries: `read(fd, buf, sizes[i])` passed [got Success]


test_hwrng_small_read_boundaries: `read(fd, buf, sizes[i])` passed [got Success]


test_hwrng_small_read_boundaries: `read(fd, buf, sizes[i])` passed [got Success]


test_hwrng_small_read_boundaries: `read(fd, buf, sizes[i])` passed [got Success]


test_hwrng_small_read_boundaries: `read(fd, buf, sizes[i])` passed [got Success]


test_hwrng_small_read_boundaries: `read(fd, buf, sizes[i])` passed [got Success]


test_hwrng_small_read_boundaries: `read(fd, buf, sizes[i])` passed [got Success]


test_hwrng_small_read_boundaries: `read(fd, buf, sizes[i])` passed [got Success]


test_hwrng_small_read_boundaries: `read(fd, buf, sizes[i])` passed [got Success]


test_hwrng_small_read_boundaries: `read(fd, buf, sizes[i])` passed [got Success]


test_hwrng_small_read_boundaries: `read(fd, buf, sizes[i])` passed [got Success]


test_hwrng_small_read_boundaries: `read(fd, buf, sizes[i])` passed [got Success]


test_hwrng_small_read_boundaries: `read(fd, buf, sizes[i])` passed [got Success]


test_hwrng_small_read_boundaries: `read(fd, buf, sizes[i])` passed [got Success]


test_hwrng_small_read_boundaries: `read(fd, buf, sizes[i])` passed [got Success]


test_hwrng_small_read_boundaries: `read(fd, buf, sizes[i])` passed [got Success]


test_hwrng_small_read_boundaries: `read(fd, buf, sizes[i])` passed [got Success]


test_hwrng_small_read_boundaries: `read(fd, buf, sizes[i])` passed [got Success]


test_hwrng_small_read_boundaries: `read(fd, buf, sizes[i])` passed [got Success]


test_hwrng_small_read_boundaries: `read(fd, buf, sizes[i])` passed [got Success]


test_hwrng_small_read_boundaries: `read(fd, buf, sizes[i])` passed [got Success]


test_hwrng_small_read_boundaries: `read(fd, buf, sizes[i])` passed [got Success]


test_hwrng_small_read_boundaries: `read(fd, buf, sizes[i])` passed [got Success]


test_hwrng_small_read_boundaries: `read(fd, buf, sizes[i])` passed [got Success]


test_hwrng_small_read_boundaries: `read(fd, buf, sizes[i])` passed [got Success]


test_hwrng_small_read_boundaries: `read(fd, buf, sizes[i])` passed [got Success]


test_hwrng_small_read_boundaries: `read(fd, buf, sizes[i])` passed [got Success]


test_hwrng_small_read_boundaries: `read(fd, buf, sizes[i])` passed [got Success]


test_hwrng_small_read_boundaries: `read(fd, buf, sizes[i])` passed [got Success]


test_hwrng_small_read_boundaries: `read(fd, buf, sizes[i])` passed [got Success]


test_hwrng_small_read_boundaries: `read(fd, buf, sizes[i])` passed [got Success]


test_hwrng_small_read_boundaries: `read(fd, buf, sizes[i])` passed [got Success]


test_hwrng_small_read_boundaries: `read(fd, buf, sizes[i])` passed [got Success]


test_hwrng_small_read_boundaries: `read(fd, buf, sizes[i])` passed [got Success]


test_hwrng_small_read_boundaries: `read(fd, buf, sizes[i])` passed [got Success]


test_hwrng_small_read_boundaries: `read(fd, buf, sizes[i])` passed [got Success]


test_hwrng_small_read_boundaries: `read(fd, buf, sizes[i])` passed [got Success]


test_hwrng_small_read_boundaries: `read(fd, buf, sizes[i])` passed [got Success]


test_hwrng_small_read_boundaries: `read(fd, buf, sizes[i])` passed [got Success]


test_hwrng_small_read_boundaries: `read(fd, buf, sizes[i])` passed [got Success]


test_hwrng_small_read_boundaries: `read(fd, buf, sizes[i])` passed [got Success]


test_hwrng_small_read_boundaries: `read(fd, buf, sizes[i])` passed [got Success]


test_hwrng_small_read_boundaries: `read(fd, buf, sizes[i])` passed [got Success]


test_hwrng_small_read_boundaries: `read(fd, buf, sizes[i])` passed [got Success]


test_hwrng_small_read_boundaries: `read(fd, buf, sizes[i])` passed [got Success]


test_hwrng_small_read_boundaries: `read(fd, buf, sizes[i])` passed [got Success]


test_hwrng_small_read_boundaries: `read(fd, buf, sizes[i])` passed [got Success]


test_hwrng_small_read_boundaries: `read(fd, buf, sizes[i])` passed [got Success]


test_hwrng_small_read_boundaries: `read(fd, buf, sizes[i])` passed [got Success]


test_hwrng_small_read_boundaries: `read(fd, buf, sizes[i])` passed [got Success]


test_hwrng_small_read_boundaries: `read(fd, buf, sizes[i])` passed [got Success]


test_hwrng_small_read_boundaries: `read(fd, buf, sizes[i])` passed [got Success]


test_hwrng_small_read_boundaries: `read(fd, buf, sizes[i])` passed [got Success]


test_hwrng_small_read_boundaries: `read(fd, buf, sizes[i])` passed [got Success]


test_hwrng_small_read_boundaries: `read(fd, buf, sizes[i])` passed [got Success]


test_hwrng_small_read_boundaries: `read(fd, buf, sizes[i])` passed [got Success]


test_hwrng_small_read_boundaries: `read(fd, buf, sizes[i])` passed [got Success]


test_hwrng_small_read_boundaries: `read(fd, buf, sizes[i])` passed [got Success]


test_hwrng_small_read_boundaries: `read(fd, buf, sizes[i])` passed [got Success]


test_hwrng_small_read_boundaries: `read(fd, buf, sizes[i])` passed [got Success]


test_hwrng_small_read_boundaries: `read(fd, buf, sizes[i])` passed [got Success]


test_hwrng_small_read_boundaries: `read(fd, buf, sizes[i])` passed [got Success]


test_hwrng_small_read_boundaries: `read(fd, buf, sizes[i])` passed [got Success]


test_hwrng_small_read_boundaries: `read(fd, buf, sizes[i])` passed [got Success]


test_hwrng_small_read_boundaries: `read(fd, buf, sizes[i])` passed [got Success]


test_hwrng_small_read_boundaries: `read(fd, buf, sizes[i])` passed [got Success]


test_hwrng_small_read_boundaries: `read(fd, buf, sizes[i])` passed [got Success]


test_hwrng_small_read_boundaries: `read(fd, buf, sizes[i])` passed [got Success]


test_hwrng_small_read_boundaries: `read(fd, buf, sizes[i])` passed [got Success]


test_hwrng_small_read_boundaries: `read(fd, buf, sizes[i])` passed [got Success]


test_hwrng_small_read_boundaries: `read(fd, buf, sizes[i])` passed [got Success]


test_hwrng_small_read_boundaries: `read(fd, buf, sizes[i])` passed [got Success]


test_hwrng_small_read_boundaries: `read(fd, buf, sizes[i])` passed [got Success]


test_hwrng_small_read_boundaries: `read(fd, buf, sizes[i])` passed [got Success]


test_hwrng_small_read_boundaries: `read(fd, buf, sizes[i])` passed [got Success]


test_hwrng_small_read_boundaries: `read(fd, buf, sizes[i])` passed [got Success]


test_hwrng_small_read_boundaries: `read(fd, buf, sizes[i])` passed [got Success]


test_hwrng_small_read_boundaries: `read(fd, buf, sizes[i])` passed [got Success]


test_hwrng_small_read_boundaries: `read(fd, buf, sizes[i])` passed [got Success]


test_hwrng_small_read_boundaries: `read(fd, buf, sizes[i])` passed [got Success]


test_hwrng_small_read_boundaries: `read(fd, buf, sizes[i])` passed [got Success]


test_hwrng_small_read_boundaries: `read(fd, buf, sizes[i])` passed [got Success]


test_hwrng_small_read_boundaries: `read(fd, buf, sizes[i])` passed [got Success]


test_hwrng_small_read_boundaries: `read(fd, buf, sizes[i])` passed [got Success]


test_hwrng_small_read_boundaries: `read(fd, buf, sizes[i])` passed [got Success]


test_hwrng_small_read_boundaries: `read(fd, buf, sizes[i])` passed [got Success]


test_hwrng_small_read_boundaries: `read(fd, buf, sizes[i])` passed [got Success]


test_hwrng_small_read_boundaries: `read(fd, buf, sizes[i])` passed [got Success]


test_hwrng_small_read_boundaries: `read(fd, buf, sizes[i])` passed [got Success]


test_hwrng_small_read_boundaries: `read(fd, buf, sizes[i])` passed [got Success]


test_hwrng_small_read_boundaries: `read(fd, buf, sizes[i])` passed [got Success]


test_hwrng_small_read_boundaries: `read(fd, buf, sizes[i])` passed [got Success]


test_hwrng_small_read_boundaries: `read(fd, buf, sizes[i])` passed [got Success]


test_hwrng_small_read_boundaries: `read(fd, buf, sizes[i])` passed [got Success]


test_hwrng_small_read_boundaries: `read(fd, buf, sizes[i])` passed [got Success]


test_hwrng_small_read_boundaries: `read(fd, buf, sizes[i])` passed [got Success]


test_hwrng_small_read_boundaries: `read(fd, buf, sizes[i])` passed [got Success]


test_hwrng_small_read_boundaries: `read(fd, buf, sizes[i])` passed [got Success]


test_hwrng_small_read_boundaries: `read(fd, buf, sizes[i])` passed [got Success]


test_hwrng_small_read_boundaries: `read(fd, buf, sizes[i])` passed [got Success]


test_hwrng_small_read_boundaries: `read(fd, buf, sizes[i])` passed [got Success]


test_hwrng_small_read_boundaries: `read(fd, buf, sizes[i])` passed [got Success]


test_hwrng_small_read_boundaries: `read(fd, buf, sizes[i])` passed [got Success]


test_hwrng_small_read_boundaries: `read(fd, buf, sizes[i])` passed [got Success]


test_hwrng_small_read_boundaries: `read(fd, buf, sizes[i])` passed [got Success]


test_hwrng_small_read_boundaries: `read(fd, buf, sizes[i])` passed [got Success]


test_hwrng_small_read_boundaries: `read(fd, buf, sizes[i])` passed [got Success]


test_hwrng_small_read_boundaries: `read(fd, buf, sizes[i])` passed [got Success]


test_hwrng_small_read_boundaries: `read(fd, buf, sizes[i])` passed [got Success]


test_hwrng_small_read_boundaries: `read(fd, buf, sizes[i])` passed [got Success]


test_hwrng_small_read_boundaries: `read(fd, buf, sizes[i])` passed [got Success]


test_hwrng_small_read_boundaries: `read(fd, buf, sizes[i])` passed [got Success]


test_hwrng_small_read_boundaries: `read(fd, buf, sizes[i])` passed [got Success]


test_hwrng_small_read_boundaries: `read(fd, buf, sizes[i])` passed [got Success]


test_hwrng_small_read_boundaries: `read(fd, buf, sizes[i])` passed [got Success]


test_hwrng_small_read_boundaries: `read(fd, buf, sizes[i])` passed [got Success]


test_hwrng_small_read_boundaries: `read(fd, buf, sizes[i])` passed [got Success]


test_hwrng_small_read_boundaries: `read(fd, buf, sizes[i])` passed [got Success]


test_hwrng_small_read_boundaries: `read(fd, buf, sizes[i])` passed [got Success]


test_hwrng_small_read_boundaries: `read(fd, buf, sizes[i])` passed [got Success]


test_hwrng_small_read_boundaries: `read(fd, buf, sizes[i])` passed [got Success]


test_hwrng_small_read_boundaries: `read(fd, buf, sizes[i])` passed [got Success]


test_hwrng_small_read_boundaries: `read(fd, buf, sizes[i])` passed [got Success]


test_hwrng_small_read_boundaries: `read(fd, buf, sizes[i])` passed [got Success]


test_hwrng_small_read_boundaries: `read(fd, buf, sizes[i])` passed [got Success]


test_hwrng_small_read_boundaries: `read(fd, buf, sizes[i])` passed [got Success]


test_hwrng_small_read_boundaries: `read(fd, buf, sizes[i])` passed [got Success]


test_hwrng_small_read_boundaries: `read(fd, buf, sizes[i])` passed [got Success]


test_hwrng_small_read_boundaries: `read(fd, buf, sizes[i])` passed [got Success]


test_hwrng_small_read_boundaries: `read(fd, buf, sizes[i])` passed [got Success]


test_hwrng_small_read_boundaries: `read(fd, buf, sizes[i])` passed [got Success]


test_hwrng_small_read_boundaries: `read(fd, buf, sizes[i])` passed [got Success]


test_hwrng_small_read_boundaries: `read(fd, buf, sizes[i])` passed [got Success]


test_hwrng_small_read_boundaries: `read(fd, buf, sizes[i])` passed [got Success]


test_hwrng_small_read_boundaries: `read(fd, buf, sizes[i])` passed [got Success]


test_hwrng_small_read_boundaries: `read(fd, buf, sizes[i])` passed [got Success]


test_hwrng_small_read_boundaries: `read(fd, buf, sizes[i])` passed [got Success]


test_hwrng_small_read_boundaries: `read(fd, buf, sizes[i])` passed [got Success]


test_hwrng_small_read_boundaries: `read(fd, buf, sizes[i])` passed [got Success]


test_hwrng_small_read_boundaries: `read(fd, buf, sizes[i])` passed [got Success]


test_hwrng_small_read_boundaries: `read(fd, buf, sizes[i])` passed [got Success]


test_hwrng_small_read_boundaries: `read(fd, buf, sizes[i])` passed [got Success]


test_hwrng_small_read_boundaries: `read(fd, buf, sizes[i])` passed [got Success]


test_hwrng_small_read_boundaries: `read(fd, buf, sizes[i])` passed [got Success]


test_hwrng_small_read_boundaries: `read(fd, buf, sizes[i])` passed [got Success]


test_hwrng_small_read_boundaries: `read(fd, buf, sizes[i])` passed [got Success]


test_hwrng_small_read_boundaries: `read(fd, buf, sizes[i])` passed [got Success]


test_hwrng_small_read_boundaries: `read(fd, buf, sizes[i])` passed [got Success]


test_hwrng_small_read_boundaries: `read(fd, buf, sizes[i])` passed [got Success]


test_hwrng_small_read_boundaries: `read(fd, buf, sizes[i])` passed [got Success]


test_hwrng_small_read_boundaries: `read(fd, buf, sizes[i])` passed [got Success]


test_hwrng_small_read_boundaries: `read(fd, buf, sizes[i])` passed [got Success]


test_hwrng_small_read_boundaries: `read(fd, buf, sizes[i])` passed [got Success]


test_hwrng_small_read_boundaries: `read(fd, buf, sizes[i])` passed [got Success]


test_hwrng_small_read_boundaries: `read(fd, buf, sizes[i])` passed [got Success]


test_hwrng_small_read_boundaries: `read(fd, buf, sizes[i])` passed [got Success]


test_hwrng_small_read_boundaries: `read(fd, buf, sizes[i])` passed [got Success]


test_hwrng_small_read_boundaries: `read(fd, buf, sizes[i])` passed [got Success]


test_hwrng_small_read_boundaries: `read(fd, buf, sizes[i])` passed [got Success]


test_hwrng_small_read_boundaries: `read(fd, buf, sizes[i])` passed [got Success]


test_hwrng_small_read_boundaries: `read(fd, buf, sizes[i])` passed [got Success]


test_hwrng_small_read_boundaries: `read(fd, buf, sizes[i])` passed [got Success]


test_hwrng_small_read_boundaries: `read(fd, buf, sizes[i])` passed [got Success]


test_hwrng_small_read_boundaries: `read(fd, buf, sizes[i])` passed [got Success]


test_hwrng_small_read_boundaries: `read(fd, buf, sizes[i])` passed [got Success]


test_hwrng_small_read_boundaries: `read(fd, buf, sizes[i])` passed [got Success]


test_hwrng_small_read_boundaries: `read(fd, buf, sizes[i])` passed [got Success]


test_hwrng_small_read_boundaries: `read(fd, buf, sizes[i])` passed [got Success]


test_hwrng_small_read_boundaries: `read(fd, buf, sizes[i])` passed [got Success]


test_hwrng_small_read_boundaries: `read(fd, buf, sizes[i])` passed [got Success]


test_hwrng_small_read_boundaries: `read(fd, buf, sizes[i])` passed [got Success]


test_hwrng_small_read_boundaries: `read(fd, buf, sizes[i])` passed [got Success]


test_hwrng_small_read_boundaries: `read(fd, buf, sizes[i])` passed [got Success]


test_hwrng_small_read_boundaries: `read(fd, buf, sizes[i])` passed [got Success]


test_hwrng_small_read_boundaries: `read(fd, buf, sizes[i])` passed [got Success]


test_hwrng_small_read_boundaries: `read(fd, buf, sizes[i])` passed [got Success]


test_hwrng_small_read_boundaries: `read(fd, buf, sizes[i])` passed [got Success]


test_hwrng_small_read_boundaries: `read(fd, buf, sizes[i])` passed [got Success]


test_hwrng_small_read_boundaries: `read(fd, buf, sizes[i])` passed [got Success]


test_hwrng_small_read_boundaries: `read(fd, buf, sizes[i])` passed [got Success]


test_hwrng_small_read_boundaries: `read(fd, buf, sizes[i])` passed [got Success]


test_hwrng_small_read_boundaries: `read(fd, buf, sizes[i])` passed [got Success]


test_hwrng_small_read_boundaries: `read(fd, buf, sizes[i])` passed [got Success]


test_hwrng_small_read_boundaries: `read(fd, buf, sizes[i])` passed [got Success]


test_hwrng_small_read_boundaries: `read(fd, buf, sizes[i])` passed [got Success]


test_hwrng_small_read_boundaries: `read(fd, buf, sizes[i])` passed [got Success]


test_hwrng_small_read_boundaries: `read(fd, buf, sizes[i])` passed [got Success]


test_hwrng_small_read_boundaries: `read(fd, buf, sizes[i])` passed [got Success]


test_hwrng_small_read_boundaries: `read(fd, buf, sizes[i])` passed [got Success]


test_hwrng_small_read_boundaries: `read(fd, buf, sizes[i])` passed [got Success]


test_hwrng_small_read_boundaries: `read(fd, buf, sizes[i])` passed [got Success]


test_hwrng_small_read_boundaries: `read(fd, buf, sizes[i])` passed [got Success]


test_hwrng_small_read_boundaries: `read(fd, buf, sizes[i])` passed [got Success]


test_hwrng_small_read_boundaries: `read(fd, buf, sizes[i])` passed [got Success]


test_hwrng_small_read_boundaries: `read(fd, buf, sizes[i])` passed [got Success]


test_hwrng_small_read_boundaries: `read(fd, buf, sizes[i])` passed [got Success]


test_hwrng_small_read_boundaries: `read(fd, buf, sizes[i])` passed [got Success]


test_hwrng_small_read_boundaries: `read(fd, buf, sizes[i])` passed [got Success]


test_hwrng_small_read_boundaries: `read(fd, buf, sizes[i])` passed [got Success]


test_hwrng_small_read_boundaries: `read(fd, buf, sizes[i])` passed [got Success]


test_hwrng_small_read_boundaries: `read(fd, buf, sizes[i])` passed [got Success]


test_hwrng_small_read_boundaries: `read(fd, buf, sizes[i])` passed [got Success]


test_hwrng_small_read_boundaries: `read(fd, buf, sizes[i])` passed [got Success]


test_hwrng_small_read_boundaries: `read(fd, buf, sizes[i])` passed [got Success]


test_hwrng_small_read_boundaries: `read(fd, buf, sizes[i])` passed [got Success]


test_hwrng_small_read_boundaries: `read(fd, buf, sizes[i])` passed [got Success]


test_hwrng_small_read_boundaries: `read(fd, buf, sizes[i])` passed [got Success]


test_hwrng_small_read_boundaries: `read(fd, buf, sizes[i])` passed [got Success]


test_hwrng_small_read_boundaries: `read(fd, buf, sizes[i])` passed [got Success]


test_hwrng_small_read_boundaries: `read(fd, buf, sizes[i])` passed [got Success]


test_hwrng_small_read_boundaries: `read(fd, buf, sizes[i])` passed [got Success]


test_hwrng_small_read_boundaries: `read(fd, buf, sizes[i])` passed [got Success]


test_hwrng_small_read_boundaries: `read(fd, buf, sizes[i])` passed [got Success]


test_hwrng_small_read_boundaries: `read(fd, buf, sizes[i])` passed [got Success]


test_hwrng_small_read_boundaries: `read(fd, buf, sizes[i])` passed [got Success]


test_hwrng_small_read_boundaries: `read(fd, buf, sizes[i])` passed [got Success]


test_hwrng_small_read_boundaries: `read(fd, buf, sizes[i])` passed [got Success]


test_hwrng_small_read_boundaries: `read(fd, buf, sizes[i])` passed [got Success]


test_hwrng_small_read_boundaries: `read(fd, buf, sizes[i])` passed [got Success]


test_hwrng_small_read_boundaries: `read(fd, buf, sizes[i])` passed [got Success]


test_hwrng_small_read_boundaries: `read(fd, buf, sizes[i])` passed [got Success]


test_hwrng_small_read_boundaries: `read(fd, buf, sizes[i])` passed [got Success]


test_hwrng_small_read_boundaries: `read(fd, buf, sizes[i])` passed [got Success]


test_hwrng_small_read_boundaries: `read(fd, buf, sizes[i])` passed [got Success]


test_hwrng_small_read_boundaries: `read(fd, buf, sizes[i])` passed [got Success]


test_hwrng_small_read_boundaries: `read(fd, buf, sizes[i])` passed [got Success]


test_hwrng_small_read_boundaries: `read(fd, buf, sizes[i])` passed [got Success]


test_hwrng_small_read_boundaries: `read(fd, buf, sizes[i])` passed [got Success]


test_hwrng_small_read_boundaries: `read(fd, buf, sizes[i])` passed [got Success]


test_hwrng_small_read_boundaries: `read(fd, buf, sizes[i])` passed [got Success]


test_hwrng_small_read_boundaries: `read(fd, buf, sizes[i])` passed [got Success]


test_hwrng_small_read_boundaries: `read(fd, buf, sizes[i])` passed [got Success]


test_hwrng_small_read_boundaries: `read(fd, buf, sizes[i])` passed [got Success]


test_hwrng_small_read_boundaries: `read(fd, buf, sizes[i])` passed [got Success]


test_hwrng_small_read_boundaries: `read(fd, buf, sizes[i])` passed [got Success]


test_hwrng_small_read_boundaries: `read(fd, buf, sizes[i])` passed [got Success]


test_hwrng_small_read_boundaries: `read(fd, buf, sizes[i])` passed [got Success]


test_hwrng_small_read_boundaries: `read(fd, buf, sizes[i])` passed [got Success]


test_hwrng_small_read_boundaries: `read(fd, buf, sizes[i])` passed [got Success]


test_hwrng_small_read_boundaries: `read(fd, buf, sizes[i])` passed [got Success]


test_hwrng_small_read_boundaries: `read(fd, buf, sizes[i])` passed [got Success]


test_hwrng_small_read_boundaries: `read(fd, buf, sizes[i])` passed [got Success]


test_hwrng_small_read_boundaries: `read(fd, buf, sizes[i])` passed [got Success]


test_hwrng_small_read_boundaries: `read(fd, buf, sizes[i])` passed [got Success]


test_hwrng_small_read_boundaries: `read(fd, buf, sizes[i])` passed [got Success]


test_hwrng_small_read_boundaries: `read(fd, buf, sizes[i])` passed [got Success]


test_hwrng_small_read_boundaries: `read(fd, buf, sizes[i])` passed [got Success]


test_hwrng_small_read_boundaries: `read(fd, buf, sizes[i])` passed [got Success]


test_hwrng_small_read_boundaries: `read(fd, buf, sizes[i])` passed [got Success]


test_hwrng_small_read_boundaries: `read(fd, buf, sizes[i])` passed [got Success]


test_hwrng_small_read_boundaries: `read(fd, buf, sizes[i])` passed [got Success]


test_hwrng_small_read_boundaries: `read(fd, buf, sizes[i])` passed [got Success]


test_hwrng_small_read_boundaries: `read(fd, buf, sizes[i])` passed [got Success]


test_hwrng_small_read_boundaries: `read(fd, buf, sizes[i])` passed [got Success]


test_hwrng_small_read_boundaries: `read(fd, buf, sizes[i])` passed [got Success]


test_hwrng_small_read_boundaries: `read(fd, buf, sizes[i])` passed [got Success]


test_hwrng_small_read_boundaries: `read(fd, buf, sizes[i])` passed [got Success]


test_hwrng_small_read_boundaries: `read(fd, buf, sizes[i])` passed [got Success]


test_hwrng_small_read_boundaries: `read(fd, buf, sizes[i])` passed [got Success]


test_hwrng_small_read_boundaries: `read(fd, buf, sizes[i])` passed [got Success]


test_hwrng_small_read_boundaries: `read(fd, buf, sizes[i])` passed [got Success]


test_hwrng_small_read_boundaries: `read(fd, buf, sizes[i])` passed [got Success]


test_hwrng_small_read_boundaries: `read(fd, buf, sizes[i])` passed [got Success]


test_hwrng_small_read_boundaries: `read(fd, buf, sizes[i])` passed [got Success]


test_hwrng_small_read_boundaries: `read(fd, buf, sizes[i])` passed [got Success]


test_hwrng_small_read_boundaries: `read(fd, buf, sizes[i])` passed [got Success]


test_hwrng_small_read_boundaries: `read(fd, buf, sizes[i])` passed [got Success]


test_hwrng_small_read_boundaries: `read(fd, buf, sizes[i])` passed [got Success]


test_hwrng_small_read_boundaries: `read(fd, buf, sizes[i])` passed [got Success]


test_hwrng_small_read_boundaries: `read(fd, buf, sizes[i])` passed [got Success]


test_hwrng_small_read_boundaries: `read(fd, buf, sizes[i])` passed [got Success]


test_hwrng_small_read_boundaries: `read(fd, buf, sizes[i])` passed [got Success]


test_hwrng_small_read_boundaries: `read(fd, buf, sizes[i])` passed [got Success]


test_hwrng_small_read_boundaries: `read(fd, buf, sizes[i])` passed [got Success]


test_hwrng_small_read_boundaries: `read(fd, buf, sizes[i])` passed [got Success]


test_hwrng_small_read_boundaries: `read(fd, buf, sizes[i])` passed [got Success]


test_hwrng_small_read_boundaries: `read(fd, buf, sizes[i])` passed [got Success]


test_hwrng_small_read_boundaries: `read(fd, buf, sizes[i])` passed [got Success]


test_hwrng_small_read_boundaries: `read(fd, buf, sizes[i])` passed [got Success]


test_hwrng_small_read_boundaries: `read(fd, buf, sizes[i])` passed [got Success]


test_hwrng_small_read_boundaries: `read(fd, buf, sizes[i])` passed [got Success]


test_hwrng_small_read_boundaries: `read(fd, buf, sizes[i])` passed [got Success]


test_hwrng_small_read_boundaries: `read(fd, buf, sizes[i])` passed [got Success]


test_hwrng_small_read_boundaries: `read(fd, buf, sizes[i])` passed [got Success]


test_hwrng_small_read_boundaries: `read(fd, buf, sizes[i])` passed [got Success]


test_hwrng_small_read_boundaries: `read(fd, buf, sizes[i])` passed [got Success]


test_hwrng_small_read_boundaries: `read(fd, buf, sizes[i])` passed [got Success]


test_hwrng_small_read_boundaries: `read(fd, buf, sizes[i])` passed [got Success]


test_hwrng_small_read_boundaries: `read(fd, buf, sizes[i])` passed [got Success]


test_hwrng_small_read_boundaries: `read(fd, buf, sizes[i])` passed [got Success]


test_hwrng_small_read_boundaries: `read(fd, buf, sizes[i])` passed [got Success]


test_hwrng_small_read_boundaries: `read(fd, buf, sizes[i])` passed [got Success]


test_hwrng_small_read_boundaries: `read(fd, buf, sizes[i])` passed [got Success]


test_hwrng_small_read_boundaries: `read(fd, buf, sizes[i])` passed [got Success]


test_hwrng_small_read_boundaries: `read(fd, buf, sizes[i])` passed [got Success]


test_hwrng_small_read_boundaries: `read(fd, buf, sizes[i])` passed [got Success]


test_hwrng_small_read_boundaries: `read(fd, buf, sizes[i])` passed [got Success]


test_hwrng_small_read_boundaries: `read(fd, buf, sizes[i])` passed [got Success]


test_hwrng_small_read_boundaries: `read(fd, buf, sizes[i])` passed [got Success]


test_hwrng_small_read_boundaries: `read(fd, buf, sizes[i])` passed [got Success]


test_hwrng_small_read_boundaries: `read(fd, buf, sizes[i])` passed [got Success]


test_hwrng_small_read_boundaries: `read(fd, buf, sizes[i])` passed [got Success]


test_hwrng_small_read_boundaries: `read(fd, buf, sizes[i])` passed [got Success]


test_hwrng_small_read_boundaries: `read(fd, buf, sizes[i])` passed [got Success]


test_hwrng_small_read_boundaries: `read(fd, buf, sizes[i])` passed [got Success]


test_hwrng_small_read_boundaries: `read(fd, buf, sizes[i])` passed [got Success]


test_hwrng_small_read_boundaries: `read(fd, buf, sizes[i])` passed [got Success]


test_hwrng_small_read_boundaries: `read(fd, buf, sizes[i])` passed [got Success]


test_hwrng_small_read_boundaries: `read(fd, buf, sizes[i])` passed [got Success]


test_hwrng_small_read_boundaries: `read(fd, buf, sizes[i])` passed [got Success]


test_hwrng_small_read_boundaries: `read(fd, buf, sizes[i])` passed [got Success]


test_hwrng_small_read_boundaries: `read(fd, buf, sizes[i])` passed [got Success]


test_hwrng_small_read_boundaries: `read(fd, buf, sizes[i])` passed [got Success]


test_hwrng_small_read_boundaries: `read(fd, buf, sizes[i])` passed [got Success]


test_hwrng_small_read_boundaries: `read(fd, buf, sizes[i])` passed [got Success]


test_hwrng_small_read_boundaries: `read(fd, buf, sizes[i])` passed [got Success]


test_hwrng_small_read_boundaries: `read(fd, buf, sizes[i])` passed [got Success]


test_hwrng_small_read_boundaries: `read(fd, buf, sizes[i])` passed [got Success]


test_hwrng_small_read_boundaries: `read(fd, buf, sizes[i])` passed [got Success]


test_hwrng_small_read_boundaries: `read(fd, buf, sizes[i])` passed [got Success]


test_hwrng_small_read_boundaries: `read(fd, buf, sizes[i])` passed [got Success]


test_hwrng_small_read_boundaries: `read(fd, buf, sizes[i])` passed [got Success]


test_hwrng_small_read_boundaries: `read(fd, buf, sizes[i])` passed [got Success]


test_hwrng_small_read_boundaries: `read(fd, buf, sizes[i])` passed [got Success]


test_hwrng_small_read_boundaries: `read(fd, buf, sizes[i])` passed [got Success]


test_hwrng_small_read_boundaries: `read(fd, buf, sizes[i])` passed [got Success]


test_hwrng_small_read_boundaries: `read(fd, buf, sizes[i])` passed [got Success]


test_hwrng_small_read_boundaries: `read(fd, buf, sizes[i])` passed [got Success]


test_hwrng_small_read_boundaries: `read(fd, buf, sizes[i])` passed [got Success]


test_hwrng_small_read_boundaries: `read(fd, buf, sizes[i])` passed [got Success]


test_hwrng_small_read_boundaries: `read(fd, buf, sizes[i])` passed [got Success]


test_hwrng_small_read_boundaries: `read(fd, buf, sizes[i])` passed [got Success]


test_hwrng_small_read_boundaries: `read(fd, buf, sizes[i])` passed [got Success]


test_hwrng_small_read_boundaries: `read(fd, buf, sizes[i])` passed [got Success]


test_hwrng_small_read_boundaries: `read(fd, buf, sizes[i])` passed [got Success]


test_hwrng_small_read_boundaries: `read(fd, buf, sizes[i])` passed [got Success]


test_hwrng_small_read_boundaries: `read(fd, buf, sizes[i])` passed [got Success]


test_hwrng_small_read_boundaries: `read(fd, buf, sizes[i])` passed [got Success]


test_hwrng_small_read_boundaries: `read(fd, buf, sizes[i])` passed [got Success]


test_hwrng_small_read_boundaries: `read(fd, buf, sizes[i])` passed [got Success]


test_hwrng_small_read_boundaries: `read(fd, buf, sizes[i])` passed [got Success]


test_hwrng_small_read_boundaries: `read(fd, buf, sizes[i])` passed [got Success]


test_hwrng_small_read_boundaries: `read(fd, buf, sizes[i])` passed [got Success]


test_hwrng_small_read_boundaries: `read(fd, buf, sizes[i])` passed [got Success]


test_hwrng_small_read_boundaries: `read(fd, buf, sizes[i])` passed [got Success]


test_hwrng_small_read_boundaries: `read(fd, buf, sizes[i])` passed [got Success]


test_hwrng_small_read_boundaries: `read(fd, buf, sizes[i])` passed [got Success]


test_hwrng_small_read_boundaries: `read(fd, buf, sizes[i])` passed [got Success]


test_hwrng_small_read_boundaries: `read(fd, buf, sizes[i])` passed [got Success]


test_hwrng_small_read_boundaries: `read(fd, buf, sizes[i])` passed [got Success]


test_hwrng_small_read_boundaries: `read(fd, buf, sizes[i])` passed [got Success]


test_hwrng_small_read_boundaries: `read(fd, buf, sizes[i])` passed [got Success]


test_hwrng_small_read_boundaries: `read(fd, buf, sizes[i])` passed [got Success]


test_hwrng_small_read_boundaries: `read(fd, buf, sizes[i])` passed [got Success]


test_hwrng_small_read_boundaries: `read(fd, buf, sizes[i])` passed [got Success]


test_hwrng_small_read_boundaries: `read(fd, buf, sizes[i])` passed [got Success]


test_hwrng_small_read_boundaries: `read(fd, buf, sizes[i])` passed [got Success]


test_hwrng_small_read_boundaries: `read(fd, buf, sizes[i])` passed [got Success]


test_hwrng_small_read_boundaries: `read(fd, buf, sizes[i])` passed [got Success]


test_hwrng_small_read_boundaries: `read(fd, buf, sizes[i])` passed [got Success]


test_hwrng_small_read_boundaries: `read(fd, buf, sizes[i])` passed [got Success]


test_hwrng_small_read_boundaries: `read(fd, buf, sizes[i])` passed [got Success]


test_hwrng_small_read_boundaries: `read(fd, buf, sizes[i])` passed [got Success]


test_hwrng_small_read_boundaries: `read(fd, buf, sizes[i])` passed [got Success]


test_hwrng_small_read_boundaries: `read(fd, buf, sizes[i])` passed [got Success]


test_hwrng_small_read_boundaries: `read(fd, buf, sizes[i])` passed [got Success]


test_hwrng_small_read_boundaries: `read(fd, buf, sizes[i])` passed [got Success]


test_hwrng_small_read_boundaries: `read(fd, buf, sizes[i])` passed [got Success]


test_hwrng_small_read_boundaries: `read(fd, buf, sizes[i])` passed [got Success]


test_hwrng_small_read_boundaries: `read(fd, buf, sizes[i])` passed [got Success]


test_hwrng_small_read_boundaries: `read(fd, buf, sizes[i])` passed [got Success]


test_hwrng_small_read_boundaries: `read(fd, buf, sizes[i])` passed [got Success]


test_hwrng_small_read_boundaries: `read(fd, buf, sizes[i])` passed [got Success]


test_hwrng_small_read_boundaries: `read(fd, buf, sizes[i])` passed [got Success]


test_hwrng_small_read_boundaries: `read(fd, buf, sizes[i])` passed [got Success]


test_hwrng_small_read_boundaries: `read(fd, buf, sizes[i])` passed [got Success]


test_hwrng_small_read_boundaries: `read(fd, buf, sizes[i])` passed [got Success]


test_hwrng_small_read_boundaries: `read(fd, buf, sizes[i])` passed [got Success]


test_hwrng_small_read_boundaries: `read(fd, buf, sizes[i])` passed [got Success]


test_hwrng_small_read_boundaries: `read(fd, buf, sizes[i])` passed [got Success]


test_hwrng_small_read_boundaries: `read(fd, buf, sizes[i])` passed [got Success]


test_hwrng_small_read_boundaries: `read(fd, buf, sizes[i])` passed [got Success]


test_hwrng_small_read_boundaries: `read(fd, buf, sizes[i])` passed [got Success]


test_hwrng_small_read_boundaries: `read(fd, buf, sizes[i])` passed [got Success]


test_hwrng_small_read_boundaries: `read(fd, buf, sizes[i])` passed [got Success]


test_hwrng_small_read_boundaries: `read(fd, buf, sizes[i])` passed [got Success]


test_hwrng_small_read_boundaries: `read(fd, buf, sizes[i])` passed [got Success]


test_hwrng_small_read_boundaries: `read(fd, buf, sizes[i])` passed [got Success]


test_hwrng_small_read_boundaries: `read(fd, buf, sizes[i])` passed [got Success]


test_hwrng_small_read_boundaries: `read(fd, buf, sizes[i])` passed [got Success]


test_hwrng_small_read_boundaries: `read(fd, buf, sizes[i])` passed [got Success]


test_hwrng_small_read_boundaries: `read(fd, buf, sizes[i])` passed [got Success]


test_hwrng_small_read_boundaries: `read(fd, buf, sizes[i])` passed [got Success]


test_hwrng_small_read_boundaries: `read(fd, buf, sizes[i])` passed [got Success]


test_hwrng_small_read_boundaries: `read(fd, buf, sizes[i])` passed [got Success]


test_hwrng_small_read_boundaries: `read(fd, buf, sizes[i])` passed [got Success]


test_hwrng_small_read_boundaries: `read(fd, buf, sizes[i])` passed [got Success]


test_hwrng_small_read_boundaries: `read(fd, buf, sizes[i])` passed [got Success]


test_hwrng_small_read_boundaries: `read(fd, buf, sizes[i])` passed [got Success]


test_hwrng_small_read_boundaries: `read(fd, buf, sizes[i])` passed [got Success]


test_hwrng_small_read_boundaries: `read(fd, buf, sizes[i])` passed [got Success]


test_hwrng_small_read_boundaries: `read(fd, buf, sizes[i])` passed [got Success]


test_hwrng_small_read_boundaries: `read(fd, buf, sizes[i])` passed [got Success]


test_hwrng_small_read_boundaries: `read(fd, buf, sizes[i])` passed [got Success]


test_hwrng_small_read_boundaries: `read(fd, buf, sizes[i])` passed [got Success]


test_hwrng_small_read_boundaries: `read(fd, buf, sizes[i])` passed [got Success]


test_hwrng_small_read_boundaries: `read(fd, buf, sizes[i])` passed [got Success]


test_hwrng_small_read_boundaries: `read(fd, buf, sizes[i])` passed [got Success]


test_hwrng_small_read_boundaries: `read(fd, buf, sizes[i])` passed [got Success]


test_hwrng_small_read_boundaries: `read(fd, buf, sizes[i])` passed [got Success]


test_hwrng_small_read_boundaries: `read(fd, buf, sizes[i])` passed [got Success]


test_hwrng_small_read_boundaries: `read(fd, buf, sizes[i])` passed [got Success]


test_hwrng_small_read_boundaries: `read(fd, buf, sizes[i])` passed [got Success]


test_hwrng_small_read_boundaries: `read(fd, buf, sizes[i])` passed [got Success]


test_hwrng_small_read_boundaries: `read(fd, buf, sizes[i])` passed [got Success]


test_hwrng_small_read_boundaries: `read(fd, buf, sizes[i])` passed [got Success]


test_hwrng_small_read_boundaries: `read(fd, buf, sizes[i])` passed [got Success]


test_hwrng_small_read_boundaries: `read(fd, buf, sizes[i])` passed [got Success]


test_hwrng_small_read_boundaries: `read(fd, buf, sizes[i])` passed [got Success]


test_hwrng_small_read_boundaries: `read(fd, buf, sizes[i])` passed [got Success]


test_hwrng_small_read_boundaries: `read(fd, buf, sizes[i])` passed [got Success]


test_hwrng_small_read_boundaries: `read(fd, buf, sizes[i])` passed [got Success]


test_hwrng_small_read_boundaries: `read(fd, buf, sizes[i])` passed [got Success]


test_hwrng_small_read_boundaries: `read(fd, buf, sizes[i])` passed [got Success]


test_hwrng_small_read_boundaries: `read(fd, buf, sizes[i])` passed [got Success]


test_hwrng_small_read_boundaries: `read(fd, buf, sizes[i])` passed [got Success]


test_hwrng_small_read_boundaries: `read(fd, buf, sizes[i])` passed [got Success]


test_hwrng_small_read_boundaries: `read(fd, buf, sizes[i])` passed [got Success]


test_hwrng_small_read_boundaries: `read(fd, buf, sizes[i])` passed [got Success]


test_hwrng_small_read_boundaries: `read(fd, buf, sizes[i])` passed [got Success]


test_hwrng_small_read_boundaries: `read(fd, buf, sizes[i])` passed [got Success]


test_hwrng_small_read_boundaries: `read(fd, buf, sizes[i])` passed [got Success]


test_hwrng_small_read_boundaries: `read(fd, buf, sizes[i])` passed [got Success]


test_hwrng_small_read_boundaries: `read(fd, buf, sizes[i])` passed [got Success]


test_hwrng_small_read_boundaries: `read(fd, buf, sizes[i])` passed [got Success]


test_hwrng_small_read_boundaries: `read(fd, buf, sizes[i])` passed [got Success]


test_hwrng_small_read_boundaries: `read(fd, buf, sizes[i])` passed [got Success]


test_hwrng_small_read_boundaries: `read(fd, buf, sizes[i])` passed [got Success]


test_hwrng_small_read_boundaries: `read(fd, buf, sizes[i])` passed [got Success]


test_hwrng_small_read_boundaries: `read(fd, buf, sizes[i])` passed [got Success]


test_hwrng_small_read_boundaries: `read(fd, buf, sizes[i])` passed [got Success]


test_hwrng_small_read_boundaries: `read(fd, buf, sizes[i])` passed [got Success]


test_hwrng_small_read_boundaries: `read(fd, buf, sizes[i])` passed [got Success]


test_hwrng_small_read_boundaries: `read(fd, buf, sizes[i])` passed [got Success]


test_hwrng_small_read_boundaries: `read(fd, buf, sizes[i])` passed [got Success]


test_hwrng_small_read_boundaries: `read(fd, buf, sizes[i])` passed [got Success]


test_hwrng_small_read_boundaries: `read(fd, buf, sizes[i])` passed [got Success]


test_hwrng_small_read_boundaries: `read(fd, buf, sizes[i])` passed [got Success]


test_hwrng_small_read_boundaries: `read(fd, buf, sizes[i])` passed [got Success]


test_hwrng_small_read_boundaries: `read(fd, buf, sizes[i])` passed [got Success]


test_hwrng_small_read_boundaries: `read(fd, buf, sizes[i])` passed [got Success]


test_hwrng_small_read_boundaries: `read(fd, buf, sizes[i])` passed [got Success]


test_hwrng_small_read_boundaries: `read(fd, buf, sizes[i])` passed [got Success]


test_hwrng_small_read_boundaries: `read(fd, buf, sizes[i])` passed [got Success]


test_hwrng_small_read_boundaries: `read(fd, buf, sizes[i])` passed [got Success]


test_hwrng_small_read_boundaries: `read(fd, buf, sizes[i])` passed [got Success]


test_hwrng_small_read_boundaries: `read(fd, buf, sizes[i])` passed [got Success]


test_hwrng_small_read_boundaries: `read(fd, buf, sizes[i])` passed [got Success]


test_hwrng_small_read_boundaries: `read(fd, buf, sizes[i])` passed [got Success]


test_hwrng_small_read_boundaries: `read(fd, buf, sizes[i])` passed [got Success]


test_hwrng_small_read_boundaries: `read(fd, buf, sizes[i])` passed [got Success]


test_hwrng_small_read_boundaries: `read(fd, buf, sizes[i])` passed [got Success]


test_hwrng_small_read_boundaries: `read(fd, buf, sizes[i])` passed [got Success]


test_hwrng_small_read_boundaries: `read(fd, buf, sizes[i])` passed [got Success]


test_hwrng_small_read_boundaries: `read(fd, buf, sizes[i])` passed [got Success]


test_hwrng_small_read_boundaries: `read(fd, buf, sizes[i])` passed [got Success]


test_hwrng_small_read_boundaries: `read(fd, buf, sizes[i])` passed [got Success]


test_hwrng_small_read_boundaries: `read(fd, buf, sizes[i])` passed [got Success]


test_hwrng_small_read_boundaries: `read(fd, buf, sizes[i])` passed [got Success]


test_hwrng_small_read_boundaries: `read(fd, buf, sizes[i])` passed [got Success]


test_hwrng_small_read_boundaries: `read(fd, buf, sizes[i])` passed [got Success]


test_hwrng_small_read_boundaries: `read(fd, buf, sizes[i])` passed [got Success]


test_hwrng_small_read_boundaries: `read(fd, buf, sizes[i])` passed [got Success]


test_hwrng_small_read_boundaries: `read(fd, buf, sizes[i])` passed [got Success]


test_hwrng_small_read_boundaries: `read(fd, buf, sizes[i])` passed [got Success]


test_hwrng_small_read_boundaries: `read(fd, buf, sizes[i])` passed [got Success]


test_hwrng_small_read_boundaries: `read(fd, buf, sizes[i])` passed [got Success]


test_hwrng_small_read_boundaries: `read(fd, buf, sizes[i])` passed [got Success]


test_hwrng_small_read_boundaries: `read(fd, buf, sizes[i])` passed [got Success]


test_hwrng_small_read_boundaries: `read(fd, buf, sizes[i])` passed [got Success]


test_hwrng_small_read_boundaries: `read(fd, buf, sizes[i])` passed [got Success]


test_hwrng_small_read_boundaries: `read(fd, buf, sizes[i])` passed [got Success]


test_hwrng_small_read_boundaries: `read(fd, buf, sizes[i])` passed [got Success]


test_hwrng_small_read_boundaries: `read(fd, buf, sizes[i])` passed [got Success]


test_hwrng_small_read_boundaries: `read(fd, buf, sizes[i])` passed [got Success]


test_hwrng_small_read_boundaries: `read(fd, buf, sizes[i])` passed [got Success]


test_hwrng_small_read_boundaries: `read(fd, buf, sizes[i])` passed [got Success]


test_hwrng_small_read_boundaries: `read(fd, buf, sizes[i])` passed [got Success]


test_hwrng_small_read_boundaries: `read(fd, buf, sizes[i])` passed [got Success]


test_hwrng_small_read_boundaries: `read(fd, buf, sizes[i])` passed [got Success]


test_hwrng_small_read_boundaries: `read(fd, buf, sizes[i])` passed [got Success]


test_hwrng_small_read_boundaries: `read(fd, buf, sizes[i])` passed [got Success]


test_hwrng_small_read_boundaries: `read(fd, buf, sizes[i])` passed [got Success]


test_hwrng_small_read_boundaries: `read(fd, buf, sizes[i])` passed [got Success]


test_hwrng_small_read_boundaries: `read(fd, buf, sizes[i])` passed [got Success]


test_hwrng_small_read_boundaries: `read(fd, buf, sizes[i])` passed [got Success]


test_hwrng_small_read_boundaries: `read(fd, buf, sizes[i])` passed [got Success]


test_hwrng_small_read_boundaries: `read(fd, buf, sizes[i])` passed [got Success]


test_hwrng_small_read_boundaries: `read(fd, buf, sizes[i])` passed [got Success]


test_hwrng_small_read_boundaries: `read(fd, buf, sizes[i])` passed [got Success]


test_hwrng_small_read_boundaries: `read(fd, buf, sizes[i])` passed [got Success]


test_hwrng_small_read_boundaries: `read(fd, buf, sizes[i])` passed [got Success]


test_hwrng_small_read_boundaries: `read(fd, buf, sizes[i])` passed [got Success]


test_hwrng_small_read_boundaries: `read(fd, buf, sizes[i])` passed [got Success]


test_hwrng_small_read_boundaries: `read(fd, buf, sizes[i])` passed [got Success]


test_hwrng_small_read_boundaries: `read(fd, buf, sizes[i])` passed [got Success]


test_hwrng_small_read_boundaries: `read(fd, buf, sizes[i])` passed [got Success]


test_hwrng_small_read_boundaries: `read(fd, buf, sizes[i])` passed [got Success]


test_hwrng_small_read_boundaries: `read(fd, buf, sizes[i])` passed [got Success]


test_hwrng_small_read_boundaries: `read(fd, buf, sizes[i])` passed [got Success]


test_hwrng_small_read_boundaries: `read(fd, buf, sizes[i])` passed [got Success]


test_hwrng_small_read_boundaries: `read(fd, buf, sizes[i])` passed [got Success]


test_hwrng_small_read_boundaries: `read(fd, buf, sizes[i])` passed [got Success]


test_hwrng_small_read_boundaries: `read(fd, buf, sizes[i])` passed [got Success]


test_hwrng_small_read_boundaries: `read(fd, buf, sizes[i])` passed [got Success]


test_hwrng_small_read_boundaries: `read(fd, buf, sizes[i])` passed [got Success]


test_hwrng_small_read_boundaries: `read(fd, buf, sizes[i])` passed [got Success]


test_hwrng_small_read_boundaries: `read(fd, buf, sizes[i])` passed [got Success]


test_hwrng_small_read_boundaries: `read(fd, buf, sizes[i])` passed [got Success]


test_hwrng_small_read_boundaries: `read(fd, buf, sizes[i])` passed [got Success]


test_hwrng_small_read_boundaries: `read(fd, buf, sizes[i])` passed [got Success]


test_hwrng_small_read_boundaries: `read(fd, buf, sizes[i])` passed [got Success]


test_hwrng_small_read_boundaries: `read(fd, buf, sizes[i])` passed [got Success]


test_hwrng_small_read_boundaries: `read(fd, buf, sizes[i])` passed [got Success]


test_hwrng_small_read_boundaries: `read(fd, buf, sizes[i])` passed [got Success]


test_hwrng_small_read_boundaries: `read(fd, buf, sizes[i])` passed [got Success]


test_hwrng_small_read_boundaries: `read(fd, buf, sizes[i])` passed [got Success]


test_hwrng_small_read_boundaries: `read(fd, buf, sizes[i])` passed [got Success]


test_hwrng_small_read_boundaries: `read(fd, buf, sizes[i])` passed [got Success]


test_hwrng_small_read_boundaries: `read(fd, buf, sizes[i])` passed [got Success]


test_hwrng_small_read_boundaries: `read(fd, buf, sizes[i])` passed [got Success]


test_hwrng_small_read_boundaries: `read(fd, buf, sizes[i])` passed [got Success]


test_hwrng_small_read_boundaries: `read(fd, buf, sizes[i])` passed [got Success]


test_hwrng_small_read_boundaries: `read(fd, buf, sizes[i])` passed [got Success]


test_hwrng_small_read_boundaries: `read(fd, buf, sizes[i])` passed [got Success]


test_hwrng_small_read_boundaries: `read(fd, buf, sizes[i])` passed [got Success]


test_hwrng_small_read_boundaries: `read(fd, buf, sizes[i])` passed [got Success]


test_hwrng_small_read_boundaries: `read(fd, buf, sizes[i])` passed [got Success]


test_hwrng_small_read_boundaries: `read(fd, buf, sizes[i])` passed [got Success]


test_hwrng_small_read_boundaries: `read(fd, buf, sizes[i])` passed [got Success]


test_hwrng_small_read_boundaries: `read(fd, buf, sizes[i])` passed [got Success]


test_hwrng_small_read_boundaries: `read(fd, buf, sizes[i])` passed [got Success]


test_hwrng_small_read_boundaries: `read(fd, buf, sizes[i])` passed [got Success]


test_hwrng_small_read_boundaries: `read(fd, buf, sizes[i])` passed [got Success]


test_hwrng_small_read_boundaries: `read(fd, buf, sizes[i])` passed [got Success]


test_hwrng_small_read_boundaries: `read(fd, buf, sizes[i])` passed [got Success]


test_hwrng_small_read_boundaries: `read(fd, buf, sizes[i])` passed [got Success]


test_hwrng_small_read_boundaries: `read(fd, buf, sizes[i])` passed [got Success]


test_hwrng_small_read_boundaries: `read(fd, buf, sizes[i])` passed [got Success]


test_hwrng_small_read_boundaries: `read(fd, buf, sizes[i])` passed [got Success]


test_hwrng_small_read_boundaries: `read(fd, buf, sizes[i])` passed [got Success]


test_hwrng_small_read_boundaries: `read(fd, buf, sizes[i])` passed [got Success]


test_hwrng_small_read_boundaries: `read(fd, buf, sizes[i])` passed [got Success]


test_hwrng_small_read_boundaries: `read(fd, buf, sizes[i])` passed [got Success]


test_hwrng_small_read_boundaries: `read(fd, buf, sizes[i])` passed [got Success]


test_hwrng_small_read_boundaries: `read(fd, buf, sizes[i])` passed [got Success]


test_hwrng_small_read_boundaries: `read(fd, buf, sizes[i])` passed [got Success]


test_hwrng_small_read_boundaries: `read(fd, buf, sizes[i])` passed [got Success]


test_hwrng_small_read_boundaries: `read(fd, buf, sizes[i])` passed [got Success]


test_hwrng_small_read_boundaries: `read(fd, buf, sizes[i])` passed [got Success]


test_hwrng_small_read_boundaries: `read(fd, buf, sizes[i])` passed [got Success]


test_hwrng_small_read_boundaries: `read(fd, buf, sizes[i])` passed [got Success]


test_hwrng_small_read_boundaries: `read(fd, buf, sizes[i])` passed [got Success]


test_hwrng_small_read_boundaries: `read(fd, buf, sizes[i])` passed [got Success]


test_hwrng_small_read_boundaries: `read(fd, buf, sizes[i])` passed [got Success]


test_hwrng_small_read_boundaries: `read(fd, buf, sizes[i])` passed [got Success]


test_hwrng_small_read_boundaries: `read(fd, buf, sizes[i])` passed [got Success]


test_hwrng_small_read_boundaries: `read(fd, buf, sizes[i])` passed [got Success]


test_hwrng_small_read_boundaries: `read(fd, buf, sizes[i])` passed [got Success]


test_hwrng_small_read_boundaries: `read(fd, buf, sizes[i])` passed [got Success]


test_hwrng_small_read_boundaries: `read(fd, buf, sizes[i])` passed [got Success]


test_hwrng_small_read_boundaries: `read(fd, buf, sizes[i])` passed [got Success]


test_hwrng_small_read_boundaries: `read(fd, buf, sizes[i])` passed [got Success]


test_hwrng_small_read_boundaries: `read(fd, buf, sizes[i])` passed [got Success]


test_hwrng_small_read_boundaries: `read(fd, buf, sizes[i])` passed [got Success]


test_hwrng_small_read_boundaries: `read(fd, buf, sizes[i])` passed [got Success]


test_hwrng_small_read_boundaries: `read(fd, buf, sizes[i])` passed [got Success]


test_hwrng_small_read_boundaries: `read(fd, buf, sizes[i])` passed [got Success]


test_hwrng_small_read_boundaries: `read(fd, buf, sizes[i])` passed [got Success]


test_hwrng_small_read_boundaries: `read(fd, buf, sizes[i])` passed [got Success]


test_hwrng_small_read_boundaries: `read(fd, buf, sizes[i])` passed [got Success]


test_hwrng_small_read_boundaries: `read(fd, buf, sizes[i])` passed [got Success]


test_hwrng_small_read_boundaries: `read(fd, buf, sizes[i])` passed [got Success]


test_hwrng_small_read_boundaries: `read(fd, buf, sizes[i])` passed [got Success]


test_hwrng_small_read_boundaries: `read(fd, buf, sizes[i])` passed [got Success]


test_hwrng_small_read_boundaries: `read(fd, buf, sizes[i])` passed [got Success]


test_hwrng_small_read_boundaries: `read(fd, buf, sizes[i])` passed [got Success]


test_hwrng_small_read_boundaries: `read(fd, buf, sizes[i])` passed [got Success]


test_hwrng_small_read_boundaries: `read(fd, buf, sizes[i])` passed [got Success]


test_hwrng_small_read_boundaries: `read(fd, buf, sizes[i])` passed [got Success]


test_hwrng_small_read_boundaries: `read(fd, buf, sizes[i])` passed [got Success]


test_hwrng_small_read_boundaries: `read(fd, buf, sizes[i])` passed [got Success]


test_hwrng_small_read_boundaries: `read(fd, buf, sizes[i])` passed [got Success]


test_hwrng_small_read_boundaries: `read(fd, buf, sizes[i])` passed [got Success]


test_hwrng_small_read_boundaries: `read(fd, buf, sizes[i])` passed [got Success]


test_hwrng_small_read_boundaries: `read(fd, buf, sizes[i])` passed [got Success]


test_hwrng_small_read_boundaries: `read(fd, buf, sizes[i])` passed [got Success]


test_hwrng_small_read_boundaries: `read(fd, buf, sizes[i])` passed [got Success]


test_hwrng_small_read_boundaries: `read(fd, buf, sizes[i])` passed [got Success]


test_hwrng_small_read_boundaries: `read(fd, buf, sizes[i])` passed [got Success]


test_hwrng_small_read_boundaries: `read(fd, buf, sizes[i])` passed [got Success]


test_hwrng_small_read_boundaries: `read(fd, buf, sizes[i])` passed [got Success]


test_hwrng_small_read_boundaries: `read(fd, buf, sizes[i])` passed [got Success]


test_hwrng_small_read_boundaries: `read(fd, buf, sizes[i])` passed [got Success]


test_hwrng_small_read_boundaries: `read(fd, buf, sizes[i])` passed [got Success]


test_hwrng_small_read_boundaries: `read(fd, buf, sizes[i])` passed [got Success]


test_hwrng_small_read_boundaries: `read(fd, buf, sizes[i])` passed [got Success]


test_hwrng_small_read_boundaries: `read(fd, buf, sizes[i])` passed [got Success]


test_hwrng_small_read_boundaries: `read(fd, buf, sizes[i])` passed [got Success]


test_hwrng_small_read_boundaries: `read(fd, buf, sizes[i])` passed [got Success]


test_hwrng_small_read_boundaries: `read(fd, buf, sizes[i])` passed [got Success]


test_hwrng_small_read_boundaries: `read(fd, buf, sizes[i])` passed [got Success]


test_hwrng_small_read_boundaries: `read(fd, buf, sizes[i])` passed [got Success]


test_hwrng_small_read_boundaries: `read(fd, buf, sizes[i])` passed [got Success]


test_hwrng_small_read_boundaries: `read(fd, buf, sizes[i])` passed [got Success]


test_hwrng_small_read_boundaries: `read(fd, buf, sizes[i])` passed [got Success]


test_hwrng_small_read_boundaries: `read(fd, buf, sizes[i])` passed [got Success]


test_hwrng_small_read_boundaries: `read(fd, buf, sizes[i])` passed [got Success]


test_hwrng_small_read_boundaries: `read(fd, buf, sizes[i])` passed [got Success]


test_hwrng_small_read_boundaries: `read(fd, buf, sizes[i])` passed [got Success]


test_hwrng_small_read_boundaries: `read(fd, buf, sizes[i])` passed [got Success]


test_hwrng_small_read_boundaries: `read(fd, buf, sizes[i])` passed [got Success]


test_hwrng_small_read_boundaries: `read(fd, buf, sizes[i])` passed [got Success]


test_hwrng_small_read_boundaries: `read(fd, buf, sizes[i])` passed [got Success]


test_hwrng_small_read_boundaries: `read(fd, buf, sizes[i])` passed [got Success]


test_hwrng_small_read_boundaries: `read(fd, buf, sizes[i])` passed [got Success]


test_hwrng_small_read_boundaries: `read(fd, buf, sizes[i])` passed [got Success]


test_hwrng_small_read_boundaries: `read(fd, buf, sizes[i])` passed [got Success]


test_hwrng_small_read_boundaries: `read(fd, buf, sizes[i])` passed [got Success]


test_hwrng_small_read_boundaries: `read(fd, buf, sizes[i])` passed [got Success]


test_hwrng_small_read_boundaries: `read(fd, buf, sizes[i])` passed [got Success]


test_hwrng_small_read_boundaries: `read(fd, buf, sizes[i])` passed [got Success]


test_hwrng_small_read_boundaries: `read(fd, buf, sizes[i])` passed [got Success]


test_hwrng_small_read_boundaries: `read(fd, buf, sizes[i])` passed [got Success]


test_hwrng_small_read_boundaries: `read(fd, buf, sizes[i])` passed [got Success]


test_hwrng_small_read_boundaries: `read(fd, buf, sizes[i])` passed [got Success]


test_hwrng_small_read_boundaries: `read(fd, buf, sizes[i])` passed [got Success]


test_hwrng_small_read_boundaries: `read(fd, buf, sizes[i])` passed [got Success]


test_hwrng_small_read_boundaries: `read(fd, buf, sizes[i])` passed [got Success]


test_hwrng_small_read_boundaries: `read(fd, buf, sizes[i])` passed [got Success]


test_hwrng_small_read_boundaries: `read(fd, buf, sizes[i])` passed [got Success]


test_hwrng_small_read_boundaries: `read(fd, buf, sizes[i])` passed [got Success]


test_hwrng_small_read_boundaries: `read(fd, buf, sizes[i])` passed [got Success]


test_hwrng_small_read_boundaries: `read(fd, buf, sizes[i])` passed [got Success]


test_hwrng_small_read_boundaries: `read(fd, buf, sizes[i])` passed [got Success]


test_hwrng_small_read_boundaries: `read(fd, buf, sizes[i])` passed [got Success]


test_hwrng_small_read_boundaries: `read(fd, buf, sizes[i])` passed [got Success]


test_hwrng_small_read_boundaries: `read(fd, buf, sizes[i])` passed [got Success]


test_hwrng_small_read_boundaries: `read(fd, buf, sizes[i])` passed [got Success]


test_hwrng_small_read_boundaries: `read(fd, buf, sizes[i])` passed [got Success]


test_hwrng_small_read_boundaries: `read(fd, buf, sizes[i])` passed [got Success]


test_hwrng_small_read_boundaries: `read(fd, buf, sizes[i])` passed [got Success]


test_hwrng_small_read_boundaries: `read(fd, buf, sizes[i])` passed [got Success]


test_hwrng_small_read_boundaries: `read(fd, buf, sizes[i])` passed [got Success]


test_hwrng_small_read_boundaries: `read(fd, buf, sizes[i])` passed [got Success]


test_hwrng_small_read_boundaries: `read(fd, buf, sizes[i])` passed [got Success]


test_hwrng_small_read_boundaries: `read(fd, buf, sizes[i])` passed [got Success]


test_hwrng_small_read_boundaries: `read(fd, buf, sizes[i])` passed [got Success]


test_hwrng_small_read_boundaries: `read(fd, buf, sizes[i])` passed [got Success]


test_hwrng_small_read_boundaries: `read(fd, buf, sizes[i])` passed [got Success]


test_hwrng_small_read_boundaries: `read(fd, buf, sizes[i])` passed [got Success]


test_hwrng_small_read_boundaries: `read(fd, buf, sizes[i])` passed [got Success]


test_hwrng_small_read_boundaries: `read(fd, buf, sizes[i])` passed [got Success]


test_hwrng_small_read_boundaries: `read(fd, buf, sizes[i])` passed [got Success]


test_hwrng_small_read_boundaries: `read(fd, buf, sizes[i])` passed [got Success]


test_hwrng_small_read_boundaries: `read(fd, buf, sizes[i])` passed [got Success]


test_hwrng_small_read_boundaries: `read(fd, buf, sizes[i])` passed [got Success]


test_hwrng_small_read_boundaries: `read(fd, buf, sizes[i])` passed [got Success]


test_hwrng_small_read_boundaries: `read(fd, buf, sizes[i])` passed [got Success]


test_hwrng_small_read_boundaries: `read(fd, buf, sizes[i])` passed [got Success]


test_hwrng_small_read_boundaries: `read(fd, buf, sizes[i])` passed [got Success]


test_hwrng_small_read_boundaries: `read(fd, buf, sizes[i])` passed [got Success]


test_hwrng_small_read_boundaries: `read(fd, buf, sizes[i])` passed [got Success]


test_hwrng_small_read_boundaries: `read(fd, buf, sizes[i])` passed [got Success]


test_hwrng_small_read_boundaries: `read(fd, buf, sizes[i])` passed [got Success]


test_hwrng_small_read_boundaries: `read(fd, buf, sizes[i])` passed [got Success]


test_hwrng_small_read_boundaries: `read(fd, buf, sizes[i])` passed [got Success]


test_hwrng_small_read_boundaries: `read(fd, buf, sizes[i])` passed [got Success]


test_hwrng_small_read_boundaries: `read(fd, buf, sizes[i])` passed [got Success]


test_hwrng_small_read_boundaries: `read(fd, buf, sizes[i])` passed [got Success]


test_hwrng_small_read_boundaries: `read(fd, buf, sizes[i])` passed [got Success]


test_hwrng_small_read_boundaries: `read(fd, buf, sizes[i])` passed [got Success]


test_hwrng_small_read_boundaries: `read(fd, buf, sizes[i])` passed [got Success]


test_hwrng_small_read_boundaries: `read(fd, buf, sizes[i])` passed [got Success]


test_hwrng_small_read_boundaries: `read(fd, buf, sizes[i])` passed [got Success]


test_hwrng_small_read_boundaries: `read(fd, buf, sizes[i])` passed [got Success]


test_hwrng_small_read_boundaries: `read(fd, buf, sizes[i])` passed [got Success]


test_hwrng_small_read_boundaries: `read(fd, buf, sizes[i])` passed [got Success]


test_hwrng_small_read_boundaries: `read(fd, buf, sizes[i])` passed [got Success]


test_hwrng_small_read_boundaries: `read(fd, buf, sizes[i])` passed [got Success]


test_hwrng_small_read_boundaries: `read(fd, buf, sizes[i])` passed [got Success]


test_hwrng_small_read_boundaries: `read(fd, buf, sizes[i])` passed [got Success]


test_hwrng_small_read_boundaries: `read(fd, buf, sizes[i])` passed [got Success]


test_hwrng_small_read_boundaries: `read(fd, buf, sizes[i])` passed [got Success]


test_hwrng_small_read_boundaries: `read(fd, buf, sizes[i])` passed [got Success]


test_hwrng_small_read_boundaries: `read(fd, buf, sizes[i])` passed [got Success]


test_hwrng_small_read_boundaries: `read(fd, buf, sizes[i])` passed [got Success]


test_hwrng_small_read_boundaries: `read(fd, buf, sizes[i])` passed [got Success]


test_hwrng_small_read_boundaries: `read(fd, buf, sizes[i])` passed [got Success]


test_hwrng_small_read_boundaries: `read(fd, buf, sizes[i])` passed [got Success]


test_hwrng_small_read_boundaries: `read(fd, buf, sizes[i])` passed [got Success]


test_hwrng_small_read_boundaries: `read(fd, buf, sizes[i])` passed [got Success]


test_hwrng_small_read_boundaries: `read(fd, buf, sizes[i])` passed [got Success]


test_hwrng_small_read_boundaries: `read(fd, buf, sizes[i])` passed [got Success]


test_hwrng_small_read_boundaries: `read(fd, buf, sizes[i])` passed [got Success]


test_hwrng_small_read_boundaries: `read(fd, buf, sizes[i])` passed [got Success]


test_hwrng_small_read_boundaries: `read(fd, buf, sizes[i])` passed [got Success]


test_hwrng_small_read_boundaries: `read(fd, buf, sizes[i])` passed [got Success]


test_hwrng_small_read_boundaries: `read(fd, buf, sizes[i])` passed [got Success]


test_hwrng_small_read_boundaries: `read(fd, buf, sizes[i])` passed [got Success]


test_hwrng_small_read_boundaries: `read(fd, buf, sizes[i])` passed [got Success]


test_hwrng_small_read_boundaries: `read(fd, buf, sizes[i])` passed [got Success]


test_hwrng_small_read_boundaries: `read(fd, buf, sizes[i])` passed [got Success]


test_hwrng_small_read_boundaries: `read(fd, buf, sizes[i])` passed [got Success]


test_hwrng_small_read_boundaries: `read(fd, buf, sizes[i])` passed [got Success]


test_hwrng_small_read_boundaries: `read(fd, buf, sizes[i])` passed [got Success]


test_hwrng_small_read_boundaries: `read(fd, buf, sizes[i])` passed [got Success]


test_hwrng_small_read_boundaries: `read(fd, buf, sizes[i])` passed [got Success]


test_hwrng_small_read_boundaries: `read(fd, buf, sizes[i])` passed [got Success]


test_hwrng_small_read_boundaries: `read(fd, buf, sizes[i])` passed [got Success]


test_hwrng_small_read_boundaries: `read(fd, buf, sizes[i])` passed [got Success]


test_hwrng_small_read_boundaries: `read(fd, buf, sizes[i])` passed [got Success]


test_hwrng_small_read_boundaries: `read(fd, buf, sizes[i])` passed [got Success]


test_hwrng_small_read_boundaries: `read(fd, buf, sizes[i])` passed [got Success]


test_hwrng_small_read_boundaries: `read(fd, buf, sizes[i])` passed [got Success]


test_hwrng_small_read_boundaries: `read(fd, buf, sizes[i])` passed [got Success]


test_hwrng_small_read_boundaries: `read(fd, buf, sizes[i])` passed [got Success]


test_hwrng_small_read_boundaries: `read(fd, buf, sizes[i])` passed [got Success]


test_hwrng_small_read_boundaries: `read(fd, buf, sizes[i])` passed [got Success]


test_hwrng_small_read_boundaries: `read(fd, buf, sizes[i])` passed [got Success]


test_hwrng_small_read_boundaries: `read(fd, buf, sizes[i])` passed [got Success]


test_hwrng_small_read_boundaries: `read(fd, buf, sizes[i])` passed [got Success]


test_hwrng_small_read_boundaries: `read(fd, buf, sizes[i])` passed [got Success]


test_hwrng_small_read_boundaries: `read(fd, buf, sizes[i])` passed [got Success]


test_hwrng_small_read_boundaries: `read(fd, buf, sizes[i])` passed [got Success]


test_hwrng_small_read_boundaries: `read(fd, buf, sizes[i])` passed [got Success]


test_hwrng_small_read_boundaries: `read(fd, buf, sizes[i])` passed [got Success]


test_hwrng_small_read_boundaries: `read(fd, buf, sizes[i])` passed [got Success]


test_hwrng_small_read_boundaries: `read(fd, buf, sizes[i])` passed [got Success]


test_hwrng_small_read_boundaries: `read(fd, buf, sizes[i])` passed [got Success]


test_hwrng_small_read_boundaries: `read(fd, buf, sizes[i])` passed [got Success]


test_hwrng_small_read_boundaries: `read(fd, buf, sizes[i])` passed [got Success]


test_hwrng_small_read_boundaries: `read(fd, buf, sizes[i])` passed [got Success]


test_hwrng_small_read_boundaries: `read(fd, buf, sizes[i])` passed [got Success]


test_hwrng_small_read_boundaries: `read(fd, buf, sizes[i])` passed [got Success]


test_hwrng_small_read_boundaries: `read(fd, buf, sizes[i])` passed [got Success]


test_hwrng_small_read_boundaries: `read(fd, buf, sizes[i])` passed [got Success]


test_hwrng_small_read_boundaries: `read(fd, buf, sizes[i])` passed [got Success]


test_hwrng_small_read_boundaries: `read(fd, buf, sizes[i])` passed [got Success]


test_hwrng_small_read_boundaries: `read(fd, buf, sizes[i])` passed [got Success]


test_hwrng_small_read_boundaries: `read(fd, buf, sizes[i])` passed [got Success]


test_hwrng_small_read_boundaries: `read(fd, buf, sizes[i])` passed [got Success]


test_hwrng_small_read_boundaries: `read(fd, buf, sizes[i])` passed [got Success]


test_hwrng_small_read_boundaries: `read(fd, buf, sizes[i])` passed [got Success]


test_hwrng_small_read_boundaries: `read(fd, buf, sizes[i])` passed [got Success]


test_hwrng_small_read_boundaries: `read(fd, buf, sizes[i])` passed [got Success]


test_hwrng_small_read_boundaries: `read(fd, buf, sizes[i])` passed [got Success]


test_hwrng_small_read_boundaries: `read(fd, buf, sizes[i])` passed [got Success]


test_hwrng_small_read_boundaries: `read(fd, buf, sizes[i])` passed [got Success]


test_hwrng_small_read_boundaries: `read(fd, buf, sizes[i])` passed [got Success]


test_hwrng_small_read_boundaries: `read(fd, buf, sizes[i])` passed [got Success]


test_hwrng_small_read_boundaries: `read(fd, buf, sizes[i])` passed [got Success]


test_hwrng_small_read_boundaries: `read(fd, buf, sizes[i])` passed [got Success]


test_hwrng_small_read_boundaries: `read(fd, buf, sizes[i])` passed [got Success]


test_hwrng_small_read_boundaries: `read(fd, buf, sizes[i])` passed [got Success]


test_hwrng_small_read_boundaries: `read(fd, buf, sizes[i])` passed [got Success]


test_hwrng_small_read_boundaries: `read(fd, buf, sizes[i])` passed [got Success]


test_hwrng_small_read_boundaries: `read(fd, buf, sizes[i])` passed [got Success]


test_hwrng_small_read_boundaries: `read(fd, buf, sizes[i])` passed [got Success]


test_hwrng_small_read_boundaries: `read(fd, buf, sizes[i])` passed [got Success]


test_hwrng_small_read_boundaries: `read(fd, buf, sizes[i])` passed [got Success]


test_hwrng_small_read_boundaries: `read(fd, buf, sizes[i])` passed [got Success]


test_hwrng_small_read_boundaries: `read(fd, buf, sizes[i])` passed [got Success]


test_hwrng_small_read_boundaries: `read(fd, buf, sizes[i])` passed [got Success]


test_hwrng_small_read_boundaries: `read(fd, buf, sizes[i])` passed [got Success]


test_hwrng_small_read_boundaries: `read(fd, buf, sizes[i])` passed [got Success]


test_hwrng_small_read_boundaries: `read(fd, buf, sizes[i])` passed [got Success]


test_hwrng_small_read_boundaries: `read(fd, buf, sizes[i])` passed [got Success]


test_hwrng_small_read_boundaries: `read(fd, buf, sizes[i])` passed [got Success]


test_hwrng_small_read_boundaries: `read(fd, buf, sizes[i])` passed [got Success]


test_hwrng_small_read_boundaries: `read(fd, buf, sizes[i])` passed [got Success]


test_hwrng_small_read_boundaries: `read(fd, buf, sizes[i])` passed [got Success]


test_hwrng_small_read_boundaries: `read(fd, buf, sizes[i])` passed [got Success]


test_hwrng_small_read_boundaries: `read(fd, buf, sizes[i])` passed [got Success]


test_hwrng_small_read_boundaries: `read(fd, buf, sizes[i])` passed [got Success]


test_hwrng_small_read_boundaries: `read(fd, buf, sizes[i])` passed [got Success]


test_hwrng_small_read_boundaries: `read(fd, buf, sizes[i])` passed [got Success]


test_hwrng_small_read_boundaries: `read(fd, buf, sizes[i])` passed [got Success]


test_hwrng_small_read_boundaries: `read(fd, buf, sizes[i])` passed [got Success]


test_hwrng_small_read_boundaries: `read(fd, buf, sizes[i])` passed [got Success]


test_hwrng_small_read_boundaries: `read(fd, buf, sizes[i])` passed [got Success]


test_hwrng_small_read_boundaries: `read(fd, buf, sizes[i])` passed [got Success]


test_hwrng_small_read_boundaries: `read(fd, buf, sizes[i])` passed [got Success]


test_hwrng_small_read_boundaries: `read(fd, buf, sizes[i])` passed [got Success]


test_hwrng_small_read_boundaries: `read(fd, buf, sizes[i])` passed [got Success]


test_hwrng_small_read_boundaries: `read(fd, buf, sizes[i])` passed [got Success]


test_hwrng_small_read_boundaries: `read(fd, buf, sizes[i])` passed [got Success]


test_hwrng_small_read_boundaries: `read(fd, buf, sizes[i])` passed [got Success]


test_hwrng_small_read_boundaries: `read(fd, buf, sizes[i])` passed [got Success]


test_hwrng_small_read_boundaries: `read(fd, buf, sizes[i])` passed [got Success]


test_hwrng_small_read_boundaries: `read(fd, buf, sizes[i])` passed [got Success]


test_hwrng_small_read_boundaries: `read(fd, buf, sizes[i])` passed [got Success]


test_hwrng_small_read_boundaries: `read(fd, buf, sizes[i])` passed [got Success]


test_hwrng_small_read_boundaries: `read(fd, buf, sizes[i])` passed [got Success]


test_hwrng_small_read_boundaries: `read(fd, buf, sizes[i])` passed [got Success]


test_hwrng_small_read_boundaries: `read(fd, buf, sizes[i])` passed [got Success]


test_hwrng_small_read_boundaries: `read(fd, buf, sizes[i])` passed [got Success]


test_hwrng_small_read_boundaries: `read(fd, buf, sizes[i])` passed [got Success]


test_hwrng_small_read_boundaries: `read(fd, buf, sizes[i])` passed [got Success]


test_hwrng_small_read_boundaries: `read(fd, buf, sizes[i])` passed [got Success]


test_hwrng_small_read_boundaries: `read(fd, buf, sizes[i])` passed [got Success]


test_hwrng_small_read_boundaries: `read(fd, buf, sizes[i])` passed [got Success]


test_hwrng_small_read_boundaries: `read(fd, buf, sizes[i])` passed [got Success]


test_hwrng_small_read_boundaries: `read(fd, buf, sizes[i])` passed [got Success]


test_hwrng_small_read_boundaries: `read(fd, buf, sizes[i])` passed [got Success]


test_hwrng_small_read_boundaries: `read(fd, buf, sizes[i])` passed [got Success]


test_hwrng_small_read_boundaries: `read(fd, buf, sizes[i])` passed [got Success]


test_hwrng_small_read_boundaries: `read(fd, buf, sizes[i])` passed [got Success]


test_hwrng_small_read_boundaries: `read(fd, buf, sizes[i])` passed [got Success]


test_hwrng_small_read_boundaries: `read(fd, buf, sizes[i])` passed [got Success]


test_hwrng_small_read_boundaries: `read(fd, buf, sizes[i])` passed [got Success]


test_hwrng_small_read_boundaries: `read(fd, buf, sizes[i])` passed [got Success]


test_hwrng_small_read_boundaries: `read(fd, buf, sizes[i])` passed [got Success]


test_hwrng_small_read_boundaries: `read(fd, buf, sizes[i])` passed [got Success]


test_hwrng_small_read_boundaries: `read(fd, buf, sizes[i])` passed [got Success]


test_hwrng_small_read_boundaries: `read(fd, buf, sizes[i])` passed [got Success]


test_hwrng_small_read_boundaries: `read(fd, buf, sizes[i])` passed [got Success]


test_hwrng_small_read_boundaries: `read(fd, buf, sizes[i])` passed [got Success]


test_hwrng_small_read_boundaries: `read(fd, buf, sizes[i])` passed [got Success]


test_hwrng_small_read_boundaries: `read(fd, buf, sizes[i])` passed [got Success]


test_hwrng_small_read_boundaries: `read(fd, buf, sizes[i])` passed [got Success]


test_hwrng_small_read_boundaries: `read(fd, buf, sizes[i])` passed [got Success]


test_hwrng_small_read_boundaries: `read(fd, buf, sizes[i])` passed [got Success]


test_hwrng_small_read_boundaries: `read(fd, buf, sizes[i])` passed [got Success]


test_hwrng_small_read_boundaries: `read(fd, buf, sizes[i])` passed [got Success]


test_hwrng_small_read_boundaries: `read(fd, buf, sizes[i])` passed [got Success]


test_hwrng_small_read_boundaries: `read(fd, buf, sizes[i])` passed [got Success]


test_hwrng_small_read_boundaries: `read(fd, buf, sizes[i])` passed [got Success]


test_hwrng_small_read_boundaries: `read(fd, buf, sizes[i])` passed [got Success]


test_hwrng_small_read_boundaries: `read(fd, buf, sizes[i])` passed [got Success]


test_hwrng_small_read_boundaries: `read(fd, buf, sizes[i])` passed [got Success]


test_hwrng_small_read_boundaries: `read(fd, buf, sizes[i])` passed [got Success]


test_hwrng_small_read_boundaries: `read(fd, buf, sizes[i])` passed [got Success]


test_hwrng_small_read_boundaries: `read(fd, buf, sizes[i])` passed [got Success]


test_hwrng_small_read_boundaries: `read(fd, buf, sizes[i])` passed [got Success]


test_hwrng_small_read_boundaries: `read(fd, buf, sizes[i])` passed [got Success]


test_hwrng_small_read_boundaries: `read(fd, buf, sizes[i])` passed [got Success]


test_hwrng_small_read_boundaries: `read(fd, buf, sizes[i])` passed [got Success]


test_hwrng_small_read_boundaries: `read(fd, buf, sizes[i])` passed [got Success]


test_hwrng_small_read_boundaries: `read(fd, buf, sizes[i])` passed [got Success]


test_hwrng_small_read_boundaries: `read(fd, buf, sizes[i])` passed [got Success]


test_hwrng_small_read_boundaries: `read(fd, buf, sizes[i])` passed [got Success]


test_hwrng_small_read_boundaries: `read(fd, buf, sizes[i])` passed [got Success]


test_hwrng_small_read_boundaries: `read(fd, buf, sizes[i])` passed [got Success]


test_hwrng_small_read_boundaries: `read(fd, buf, sizes[i])` passed [got Success]


test_hwrng_small_read_boundaries: `read(fd, buf, sizes[i])` passed [got Success]


test_hwrng_small_read_boundaries: `read(fd, buf, sizes[i])` passed [got Success]


test_hwrng_small_read_boundaries: `read(fd, buf, sizes[i])` passed [got Success]


test_hwrng_small_read_boundaries: `read(fd, buf, sizes[i])` passed [got Success]


test_hwrng_small_read_boundaries: `read(fd, buf, sizes[i])` passed [got Success]


test_hwrng_small_read_boundaries: `read(fd, buf, sizes[i])` passed [got Success]


test_hwrng_small_read_boundaries: `read(fd, buf, sizes[i])` passed [got Success]


test_hwrng_small_read_boundaries: `read(fd, buf, sizes[i])` passed [got Success]


test_hwrng_small_read_boundaries: `read(fd, buf, sizes[i])` passed [got Success]


test_hwrng_small_read_boundaries: `read(fd, buf, sizes[i])` passed [got Success]


test_hwrng_small_read_boundaries: `read(fd, buf, sizes[i])` passed [got Success]


test_hwrng_small_read_boundaries: `read(fd, buf, sizes[i])` passed [got Success]


test_hwrng_small_read_boundaries: `read(fd, buf, sizes[i])` passed [got Success]


test_hwrng_small_read_boundaries: `read(fd, buf, sizes[i])` passed [got Success]


test_hwrng_small_read_boundaries: `read(fd, buf, sizes[i])` passed [got Success]


test_hwrng_small_read_boundaries: `read(fd, buf, sizes[i])` passed [got Success]


test_hwrng_small_read_boundaries: `read(fd, buf, sizes[i])` passed [got Success]


test_hwrng_small_read_boundaries: `read(fd, buf, sizes[i])` passed [got Success]


test_hwrng_small_read_boundaries: `read(fd, buf, sizes[i])` passed [got Success]


test_hwrng_small_read_boundaries: `read(fd, buf, sizes[i])` passed [got Success]


test_hwrng_small_read_boundaries: `read(fd, buf, sizes[i])` passed [got Success]


test_hwrng_small_read_boundaries: `read(fd, buf, sizes[i])` passed [got Success]


test_hwrng_small_read_boundaries: `read(fd, buf, sizes[i])` passed [got Success]


test_hwrng_small_read_boundaries: `read(fd, buf, sizes[i])` passed [got Success]


test_hwrng_small_read_boundaries: `read(fd, buf, sizes[i])` passed [got Success]


test_hwrng_small_read_boundaries: `read(fd, buf, sizes[i])` passed [got Success]


test_hwrng_small_read_boundaries: `read(fd, buf, sizes[i])` passed [got Success]


test_hwrng_small_read_boundaries: `read(fd, buf, sizes[i])` passed [got Success]


test_hwrng_small_read_boundaries: `read(fd, buf, sizes[i])` passed [got Success]


test_hwrng_small_read_boundaries: `read(fd, buf, sizes[i])` passed [got Success]


test_hwrng_small_read_boundaries: `read(fd, buf, sizes[i])` passed [got Success]


test_hwrng_small_read_boundaries: `read(fd, buf, sizes[i])` passed [got Success]


test_hwrng_small_read_boundaries: `read(fd, buf, sizes[i])` passed [got Success]


test_hwrng_small_read_boundaries: `read(fd, buf, sizes[i])` passed [got Success]


test_hwrng_small_read_boundaries: `read(fd, buf, sizes[i])` passed [got Success]


test_hwrng_small_read_boundaries: `read(fd, buf, sizes[i])` passed [got Success]


test_hwrng_small_read_boundaries: `read(fd, buf, sizes[i])` passed [got Success]


test_hwrng_small_read_boundaries: `read(fd, buf, sizes[i])` passed [got Success]


test_hwrng_small_read_boundaries: `read(fd, buf, sizes[i])` passed [got Success]


test_hwrng_small_read_boundaries: `read(fd, buf, sizes[i])` passed [got Success]


test_hwrng_small_read_boundaries: `read(fd, buf, sizes[i])` passed [got Success]


test_hwrng_small_read_boundaries: `read(fd, buf, sizes[i])` passed [got Success]


test_hwrng_small_read_boundaries: `read(fd, buf, sizes[i])` passed [got Success]


test_hwrng_small_read_boundaries: `read(fd, buf, sizes[i])` passed [got Success]


test_hwrng_small_read_boundaries: `read(fd, buf, sizes[i])` passed [got Success]


test_hwrng_small_read_boundaries: `read(fd, buf, sizes[i])` passed [got Success]


test_hwrng_small_read_boundaries: `read(fd, buf, sizes[i])` passed [got Success]


test_hwrng_small_read_boundaries: `read(fd, buf, sizes[i])` passed [got Success]


test_hwrng_small_read_boundaries: `read(fd, buf, sizes[i])` passed [got Success]


test_hwrng_small_read_boundaries: `read(fd, buf, sizes[i])` passed [got Success]


test_hwrng_small_read_boundaries: `read(fd, buf, sizes[i])` passed [got Success]


test_hwrng_small_read_boundaries: `read(fd, buf, sizes[i])` passed [got Success]


test_hwrng_small_read_boundaries: `read(fd, buf, sizes[i])` passed [got Success]


test_hwrng_small_read_boundaries: `read(fd, buf, sizes[i])` passed [got Success]


test_hwrng_small_read_boundaries: `read(fd, buf, sizes[i])` passed [got Success]


test_hwrng_small_read_boundaries: `read(fd, buf, sizes[i])` passed [got Success]


test_hwrng_small_read_boundaries: `read(fd, buf, sizes[i])` passed [got Success]


test_hwrng_small_read_boundaries: `read(fd, buf, sizes[i])` passed [got Success]


test_hwrng_small_read_boundaries: `read(fd, buf, sizes[i])` passed [got Success]


test_hwrng_small_read_boundaries: `read(fd, buf, sizes[i])` passed [got Success]


test_hwrng_small_read_boundaries: `read(fd, buf, sizes[i])` passed [got Success]


test_hwrng_small_read_boundaries: `read(fd, buf, sizes[i])` passed [got Success]


test_hwrng_small_read_boundaries: `read(fd, buf, sizes[i])` passed [got Success]


test_hwrng_small_read_boundaries: `read(fd, buf, sizes[i])` passed [got Success]


test_hwrng_small_read_boundaries: `read(fd, buf, sizes[i])` passed [got Success]


test_hwrng_small_read_boundaries: `read(fd, buf, sizes[i])` passed [got Success]


test_hwrng_small_read_boundaries: `read(fd, buf, sizes[i])` passed [got Success]


test_hwrng_small_read_boundaries: `read(fd, buf, sizes[i])` passed [got Success]


test_hwrng_small_read_boundaries: `read(fd, buf, sizes[i])` passed [got Success]


test_hwrng_small_read_boundaries: `read(fd, buf, sizes[i])` passed [got Success]


test_hwrng_small_read_boundaries: `read(fd, buf, sizes[i])` passed [got Success]


test_hwrng_small_read_boundaries: `read(fd, buf, sizes[i])` passed [got Success]


test_hwrng_small_read_boundaries: `read(fd, buf, sizes[i])` passed [got Success]


test_hwrng_small_read_boundaries: `read(fd, buf, sizes[i])` passed [got Success]


test_hwrng_small_read_boundaries: `read(fd, buf, sizes[i])` passed [got Success]


test_hwrng_small_read_boundaries: `read(fd, buf, sizes[i])` passed [got Success]


test_hwrng_small_read_boundaries: `read(fd, buf, sizes[i])` passed [got Success]


test_hwrng_small_read_boundaries: `read(fd, buf, sizes[i])` passed [got Success]


test_hwrng_small_read_boundaries: `read(fd, buf, sizes[i])` passed [got Success]


test_hwrng_small_read_boundaries: `read(fd, buf, sizes[i])` passed [got Success]


test_hwrng_small_read_boundaries: `read(fd, buf, sizes[i])` passed [got Success]


test_hwrng_small_read_boundaries: `read(fd, buf, sizes[i])` passed [got Success]


test_hwrng_small_read_boundaries: `read(fd, buf, sizes[i])` passed [got Success]


test_hwrng_small_read_boundaries: `read(fd, buf, sizes[i])` passed [got Success]


test_hwrng_small_read_boundaries: `read(fd, buf, sizes[i])` passed [got Success]


test_hwrng_small_read_boundaries: `read(fd, buf, sizes[i])` passed [got Success]


test_hwrng_small_read_boundaries: `read(fd, buf, sizes[i])` passed [got Success]


test_hwrng_small_read_boundaries: `read(fd, buf, sizes[i])` passed [got Success]


test_hwrng_small_read_boundaries: `read(fd, buf, sizes[i])` passed [got Success]


test_hwrng_small_read_boundaries: `read(fd, buf, sizes[i])` passed [got Success]


test_hwrng_small_read_boundaries: `read(fd, buf, sizes[i])` passed [got Success]


test_hwrng_small_read_boundaries: `read(fd, buf, sizes[i])` passed [got Success]


test_hwrng_small_read_boundaries: `read(fd, buf, sizes[i])` passed [got Success]


test_hwrng_small_read_boundaries: `read(fd, buf, sizes[i])` passed [got Success]


test_hwrng_small_read_boundaries: `read(fd, buf, sizes[i])` passed [got Success]


test_hwrng_small_read_boundaries: `read(fd, buf, sizes[i])` passed [got Success]


test_hwrng_small_read_boundaries: `read(fd, buf, sizes[i])` passed [got Success]


test_hwrng_small_read_boundaries: `read(fd, buf, sizes[i])` passed [got Success]


test_hwrng_small_read_boundaries: `read(fd, buf, sizes[i])` passed [got Success]


test_hwrng_small_read_boundaries: `read(fd, buf, sizes[i])` passed [got Success]


test_hwrng_small_read_boundaries: `read(fd, buf, sizes[i])` passed [got Success]


test_hwrng_small_read_boundaries: `read(fd, buf, sizes[i])` passed [got Success]


test_hwrng_small_read_boundaries: `read(fd, buf, sizes[i])` passed [got Success]


test_hwrng_small_read_boundaries: `read(fd, buf, sizes[i])` passed [got Success]


test_hwrng_small_read_boundaries: `read(fd, buf, sizes[i])` passed [got Success]


test_hwrng_small_read_boundaries: `read(fd, buf, sizes[i])` passed [got Success]


test_hwrng_small_read_boundaries: `read(fd, buf, sizes[i])` passed [got Success]


test_hwrng_small_read_boundaries: `read(fd, buf, sizes[i])` passed [got Success]


test_hwrng_small_read_boundaries: `read(fd, buf, sizes[i])` passed [got Success]


test_hwrng_small_read_boundaries: `read(fd, buf, sizes[i])` passed [got Success]


test_hwrng_small_read_boundaries: `read(fd, buf, sizes[i])` passed [got Success]


test_hwrng_small_read_boundaries: `read(fd, buf, sizes[i])` passed [got Success]


test_hwrng_small_read_boundaries: `read(fd, buf, sizes[i])` passed [got Success]


test_hwrng_small_read_boundaries: `read(fd, buf, sizes[i])` passed [got Success]


test_hwrng_small_read_boundaries: `read(fd, buf, sizes[i])` passed [got Success]


test_hwrng_small_read_boundaries: `read(fd, buf, sizes[i])` passed [got Success]


test_hwrng_small_read_boundaries: `read(fd, buf, sizes[i])` passed [got Success]


test_hwrng_small_read_boundaries: `read(fd, buf, sizes[i])` passed [got Success]


test_hwrng_small_read_boundaries: `read(fd, buf, sizes[i])` passed [got Success]


test_hwrng_small_read_boundaries: `read(fd, buf, sizes[i])` passed [got Success]


test_hwrng_small_read_boundaries: `read(fd, buf, sizes[i])` passed [got Success]


test_hwrng_small_read_boundaries: `read(fd, buf, sizes[i])` passed [got Success]


test_hwrng_small_read_boundaries: `read(fd, buf, sizes[i])` passed [got Success]


test_hwrng_small_read_boundaries: `read(fd, buf, sizes[i])` passed [got Success]


test_hwrng_small_read_boundaries: `read(fd, buf, sizes[i])` passed [got Success]


test_hwrng_small_read_boundaries: `read(fd, buf, sizes[i])` passed [got Success]


test_hwrng_small_read_boundaries: `read(fd, buf, sizes[i])` passed [got Success]


test_hwrng_small_read_boundaries: `read(fd, buf, sizes[i])` passed [got Success]


test_hwrng_small_read_boundaries: `read(fd, buf, sizes[i])` passed [got Success]


test_hwrng_small_read_boundaries: `read(fd, buf, sizes[i])` passed [got Success]


test_hwrng_small_read_boundaries: `read(fd, buf, sizes[i])` passed [got Success]


test_hwrng_small_read_boundaries: `read(fd, buf, sizes[i])` passed [got Success]


test_hwrng_small_read_boundaries: `read(fd, buf, sizes[i])` passed [got Success]


test_hwrng_small_read_boundaries: `read(fd, buf, sizes[i])` passed [got Success]


test_hwrng_small_read_boundaries: `read(fd, buf, sizes[i])` passed [got Success]


test_hwrng_small_read_boundaries: `read(fd, buf, sizes[i])` passed [got Success]


test_hwrng_small_read_boundaries: `read(fd, buf, sizes[i])` passed [got Success]


test_hwrng_small_read_boundaries: `read(fd, buf, sizes[i])` passed [got Success]


test_hwrng_small_read_boundaries: `read(fd, buf, sizes[i])` passed [got Success]


test_hwrng_small_read_boundaries: `read(fd, buf, sizes[i])` passed [got Success]


test_hwrng_small_read_boundaries: `read(fd, buf, sizes[i])` passed [got Success]


test_hwrng_small_read_boundaries: `read(fd, buf, sizes[i])` passed [got Success]


test_hwrng_small_read_boundaries: `read(fd, buf, sizes[i])` passed [got Success]


test_hwrng_small_read_boundaries: `read(fd, buf, sizes[i])` passed [got Success]


test_hwrng_small_read_boundaries: `read(fd, buf, sizes[i])` passed [got Success]


test_hwrng_small_read_boundaries: `read(fd, buf, sizes[i])` passed [got Success]


test_hwrng_small_read_boundaries: `read(fd, buf, sizes[i])` passed [got Success]


test_hwrng_small_read_boundaries: `read(fd, buf, sizes[i])` passed [got Success]


test_hwrng_small_read_boundaries: `read(fd, buf, sizes[i])` passed [got Success]


test_hwrng_small_read_boundaries: `read(fd, buf, sizes[i])` passed [got Success]


test_hwrng_small_read_boundaries: `read(fd, buf, sizes[i])` passed [got Success]


test_hwrng_small_read_boundaries: `read(fd, buf, sizes[i])` passed [got Success]


test_hwrng_small_read_boundaries: `read(fd, buf, sizes[i])` passed [got Success]


test_hwrng_small_read_boundaries: `read(fd, buf, sizes[i])` passed [got Success]


test_hwrng_small_read_boundaries: `read(fd, buf, sizes[i])` passed [got Success]


test_hwrng_small_read_boundaries: `read(fd, buf, sizes[i])` passed [got Success]


test_hwrng_small_read_boundaries: `read(fd, buf, sizes[i])` passed [got Success]


test_hwrng_small_read_boundaries: `read(fd, buf, sizes[i])` passed [got Success]


test_hwrng_small_read_boundaries: `read(fd, buf, sizes[i])` passed [got Success]


test_hwrng_small_read_boundaries: `read(fd, buf, sizes[i])` passed [got Success]


test_hwrng_small_read_boundaries: `read(fd, buf, sizes[i])` passed [got Success]


test_hwrng_small_read_boundaries: `read(fd, buf, sizes[i])` passed [got Success]


test_hwrng_small_read_boundaries: `read(fd, buf, sizes[i])` passed [got Success]


test_hwrng_small_read_boundaries: `read(fd, buf, sizes[i])` passed [got Success]


test_hwrng_small_read_boundaries: `read(fd, buf, sizes[i])` passed [got Success]


test_hwrng_small_read_boundaries: `read(fd, buf, sizes[i])` passed [got Success]


test_hwrng_small_read_boundaries: `read(fd, buf, sizes[i])` passed [got Success]


test_hwrng_small_read_boundaries: `read(fd, buf, sizes[i])` passed [got Success]


test_hwrng_small_read_boundaries: `read(fd, buf, sizes[i])` passed [got Success]


test_hwrng_small_read_boundaries: `read(fd, buf, sizes[i])` passed [got Success]


test_hwrng_small_read_boundaries: `read(fd, buf, sizes[i])` passed [got Success]


test_hwrng_small_read_boundaries: `read(fd, buf, sizes[i])` passed [got Success]


test_hwrng_small_read_boundaries: `read(fd, buf, sizes[i])` passed [got Success]


test_hwrng_small_read_boundaries: `read(fd, buf, sizes[i])` passed [got Success]


test_hwrng_small_read_boundaries: `read(fd, buf, sizes[i])` passed [got Success]


test_hwrng_small_read_boundaries: `read(fd, buf, sizes[i])` passed [got Success]


test_hwrng_small_read_boundaries: `read(fd, buf, sizes[i])` passed [got Success]


test_hwrng_small_read_boundaries: `read(fd, buf, sizes[i])` passed [got Success]


test_hwrng_small_read_boundaries: `read(fd, buf, sizes[i])` passed [got Success]


test_hwrng_small_read_boundaries: `read(fd, buf, sizes[i])` passed [got Success]


test_hwrng_small_read_boundaries: `read(fd, buf, sizes[i])` passed [got Success]


test_hwrng_small_read_boundaries: `read(fd, buf, sizes[i])` passed [got Success]


test_hwrng_small_read_boundaries: `read(fd, buf, sizes[i])` passed [got Success]


test_hwrng_small_read_boundaries: `read(fd, buf, sizes[i])` passed [got Success]


test_hwrng_small_read_boundaries: `read(fd, buf, sizes[i])` passed [got Success]


test_hwrng_small_read_boundaries: `read(fd, buf, sizes[i])` passed [got Success]


test_hwrng_small_read_boundaries: `read(fd, buf, sizes[i])` passed [got Success]


test_hwrng_small_read_boundaries: `read(fd, buf, sizes[i])` passed [got Success]


test_hwrng_small_read_boundaries: `read(fd, buf, sizes[i])` passed [got Success]


test_hwrng_small_read_boundaries: `read(fd, buf, sizes[i])` passed [got Success]


test_hwrng_small_read_boundaries: `read(fd, buf, sizes[i])` passed [got Success]


test_hwrng_small_read_boundaries: `read(fd, buf, sizes[i])` passed [got Success]


test_hwrng_small_read_boundaries: `read(fd, buf, sizes[i])` passed [got Success]


test_hwrng_small_read_boundaries: `read(fd, buf, sizes[i])` passed [got Success]


test_hwrng_small_read_boundaries: `read(fd, buf, sizes[i])` passed [got Success]


test_hwrng_small_read_boundaries: `read(fd, buf, sizes[i])` passed [got Success]


test_hwrng_small_read_boundaries: `read(fd, buf, sizes[i])` passed [got Success]


test_hwrng_small_read_boundaries: `read(fd, buf, sizes[i])` passed [got Success]


test_hwrng_small_read_boundaries: `read(fd, buf, sizes[i])` passed [got Success]


test_hwrng_small_read_boundaries: `read(fd, buf, sizes[i])` passed [got Success]


test_hwrng_small_read_boundaries: `read(fd, buf, sizes[i])` passed [got Success]


test_hwrng_small_read_boundaries: `read(fd, buf, sizes[i])` passed [got Success]


test_hwrng_small_read_boundaries: `read(fd, buf, sizes[i])` passed [got Success]


test_hwrng_small_read_boundaries: `read(fd, buf, sizes[i])` passed [got Success]


test_hwrng_small_read_boundaries: `read(fd, buf, sizes[i])` passed [got Success]


test_hwrng_small_read_boundaries: `read(fd, buf, sizes[i])` passed [got Success]


test_hwrng_small_read_boundaries: `read(fd, buf, sizes[i])` passed [got Success]


test_hwrng_small_read_boundaries: `read(fd, buf, sizes[i])` passed [got Success]


test_hwrng_small_read_boundaries: `read(fd, buf, sizes[i])` passed [got Success]


test_hwrng_small_read_boundaries: `read(fd, buf, sizes[i])` passed [got Success]


test_hwrng_small_read_boundaries: `read(fd, buf, sizes[i])` passed [got Success]


test_hwrng_small_read_boundaries: `read(fd, buf, sizes[i])` passed [got Success]


test_hwrng_small_read_boundaries: `read(fd, buf, sizes[i])` passed [got Success]


test_hwrng_small_read_boundaries: `read(fd, buf, sizes[i])` passed [got Success]


test_hwrng_small_read_boundaries: `read(fd, buf, sizes[i])` passed [got Success]


test_hwrng_small_read_boundaries: `read(fd, buf, sizes[i])` passed [got Success]


test_hwrng_small_read_boundaries: `read(fd, buf, sizes[i])` passed [got Success]


test_hwrng_small_read_boundaries: `read(fd, buf, sizes[i])` passed [got Success]


test_hwrng_small_read_boundaries: `read(fd, buf, sizes[i])` passed [got Success]


test_hwrng_small_read_boundaries: `read(fd, buf, sizes[i])` passed [got Success]


test_hwrng_small_read_boundaries: `read(fd, buf, sizes[i])` passed [got Success]


test_hwrng_small_read_boundaries: `read(fd, buf, sizes[i])` passed [got Success]


test_hwrng_small_read_boundaries: `read(fd, buf, sizes[i])` passed [got Success]


test_hwrng_small_read_boundaries: `read(fd, buf, sizes[i])` passed [got Success]


test_hwrng_small_read_boundaries: `read(fd, buf, sizes[i])` passed [got Success]


test_hwrng_small_read_boundaries: `read(fd, buf, sizes[i])` passed [got Success]


test_hwrng_small_read_boundaries: `read(fd, buf, sizes[i])` passed [got Success]


test_hwrng_small_read_boundaries: `read(fd, buf, sizes[i])` passed [got Success]


test_hwrng_small_read_boundaries: `read(fd, buf, sizes[i])` passed [got Success]


test_hwrng_small_read_boundaries: `read(fd, buf, sizes[i])` passed [got Success]


test_hwrng_small_read_boundaries: `read(fd, buf, sizes[i])` passed [got Success]


test_hwrng_small_read_boundaries: `read(fd, buf, sizes[i])` passed [got Success]


test_hwrng_small_read_boundaries: `read(fd, buf, sizes[i])` passed [got Success]


test_hwrng_small_read_boundaries: `read(fd, buf, sizes[i])` passed [got Success]


test_hwrng_small_read_boundaries: `read(fd, buf, sizes[i])` passed [got Success]


test_hwrng_small_read_boundaries: `read(fd, buf, sizes[i])` passed [got Success]


test_hwrng_small_read_boundaries: `read(fd, buf, sizes[i])` passed [got Success]


test_hwrng_small_read_boundaries: `read(fd, buf, sizes[i])` passed [got Success]


test_hwrng_small_read_boundaries: `read(fd, buf, sizes[i])` passed [got Success]


test_hwrng_small_read_boundaries: `read(fd, buf, sizes[i])` passed [got Success]


test_hwrng_small_read_boundaries: `read(fd, buf, sizes[i])` passed [got Success]


test_hwrng_small_read_boundaries: `read(fd, buf, sizes[i])` passed [got Success]


test_hwrng_small_read_boundaries: `read(fd, buf, sizes[i])` passed [got Success]


test_hwrng_small_read_boundaries: `read(fd, buf, sizes[i])` passed [got Success]


test_hwrng_small_read_boundaries: `read(fd, buf, sizes[i])` passed [got Success]


test_hwrng_small_read_boundaries: `read(fd, buf, sizes[i])` passed [got Success]


test_hwrng_small_read_boundaries: `read(fd, buf, sizes[i])` passed [got Success]


test_hwrng_small_read_boundaries: `read(fd, buf, sizes[i])` passed [got Success]


test_hwrng_small_read_boundaries: `read(fd, buf, sizes[i])` passed [got Success]


test_hwrng_small_read_boundaries: `read(fd, buf, sizes[i])` passed [got Success]


test_hwrng_small_read_boundaries: `read(fd, buf, sizes[i])` passed [got Success]


test_hwrng_small_read_boundaries: `read(fd, buf, sizes[i])` passed [got Success]


test_hwrng_small_read_boundaries: `read(fd, buf, sizes[i])` passed [got Success]


test_hwrng_small_read_boundaries: `read(fd, buf, sizes[i])` passed [got Success]


test_hwrng_small_read_boundaries: `read(fd, buf, sizes[i])` passed [got Success]


test_hwrng_small_read_boundaries: `read(fd, buf, sizes[i])` passed [got Success]


test_hwrng_small_read_boundaries: `read(fd, buf, sizes[i])` passed [got Success]


test_hwrng_small_read_boundaries: `read(fd, buf, sizes[i])` passed [got Success]


test_hwrng_small_read_boundaries: `read(fd, buf, sizes[i])` passed [got Success]


test_hwrng_small_read_boundaries: `read(fd, buf, sizes[i])` passed [got Success]


test_hwrng_small_read_boundaries: `read(fd, buf, sizes[i])` passed [got Success]


test_hwrng_small_read_boundaries: `read(fd, buf, sizes[i])` passed [got Success]


test_hwrng_small_read_boundaries: `read(fd, buf, sizes[i])` passed [got Success]


test_hwrng_small_read_boundaries: `read(fd, buf, sizes[i])` passed [got Success]


test_hwrng_small_read_boundaries: `read(fd, buf, sizes[i])` passed [got Success]


test_hwrng_small_read_boundaries: `read(fd, buf, sizes[i])` passed [got Success]


test_hwrng_small_read_boundaries: `read(fd, buf, sizes[i])` passed [got Success]


test_hwrng_small_read_boundaries: `read(fd, buf, sizes[i])` passed [got Success]


test_hwrng_small_read_boundaries: `read(fd, buf, sizes[i])` passed [got Success]


test_hwrng_small_read_boundaries: `read(fd, buf, sizes[i])` passed [got Success]


test_hwrng_small_read_boundaries: `read(fd, buf, sizes[i])` passed [got Success]


test_hwrng_small_read_boundaries: `read(fd, buf, sizes[i])` passed [got Success]


test_hwrng_small_read_boundaries: `read(fd, buf, sizes[i])` passed [got Success]


test_hwrng_small_read_boundaries: `read(fd, buf, sizes[i])` passed [got Success]


test_hwrng_small_read_boundaries: `read(fd, buf, sizes[i])` passed [got Success]


test_hwrng_small_read_boundaries: `read(fd, buf, sizes[i])` passed [got Success]


test_hwrng_small_read_boundaries: `read(fd, buf, sizes[i])` passed [got Success]


test_hwrng_small_read_boundaries: `read(fd, buf, sizes[i])` passed [got Success]


test_hwrng_small_read_boundaries: `read(fd, buf, sizes[i])` passed [got Success]


test_hwrng_small_read_boundaries: `read(fd, buf, sizes[i])` passed [got Success]


test_hwrng_small_read_boundaries: `read(fd, buf, sizes[i])` passed [got Success]


test_hwrng_small_read_boundaries: `read(fd, buf, sizes[i])` passed [got Success]


test_hwrng_small_read_boundaries: `read(fd, buf, sizes[i])` passed [got Success]


test_hwrng_small_read_boundaries: `read(fd, buf, sizes[i])` passed [got Success]


test_hwrng_small_read_boundaries: `read(fd, buf, sizes[i])` passed [got Success]


test_hwrng_small_read_boundaries: `read(fd, buf, sizes[i])` passed [got Success]


test_hwrng_small_read_boundaries: `read(fd, buf, sizes[i])` passed [got Success]


test_hwrng_small_read_boundaries: `read(fd, buf, sizes[i])` passed [got Success]


test_hwrng_small_read_boundaries: `read(fd, buf, sizes[i])` passed [got Success]


test_hwrng_small_read_boundaries: `read(fd, buf, sizes[i])` passed [got Success]


test_hwrng_small_read_boundaries: `read(fd, buf, sizes[i])` passed [got Success]


test_hwrng_small_read_boundaries: `read(fd, buf, sizes[i])` passed [got Success]


test_hwrng_small_read_boundaries: `read(fd, buf, sizes[i])` passed [got Success]


test_hwrng_small_read_boundaries: `read(fd, buf, sizes[i])` passed [got Success]


test_hwrng_small_read_boundaries: `read(fd, buf, sizes[i])` passed [got Success]


test_hwrng_small_read_boundaries: `read(fd, buf, sizes[i])` passed [got Success]


test_hwrng_small_read_boundaries: `read(fd, buf, sizes[i])` passed [got Success]


test_hwrng_small_read_boundaries: `read(fd, buf, sizes[i])` passed [got Success]


test_hwrng_small_read_boundaries: `read(fd, buf, sizes[i])` passed [got Success]


test_hwrng_small_read_boundaries: `read(fd, buf, sizes[i])` passed [got Success]


test_hwrng_small_read_boundaries: `read(fd, buf, sizes[i])` passed [got Success]


test_hwrng_small_read_boundaries: `read(fd, buf, sizes[i])` passed [got Success]


test_hwrng_small_read_boundaries: `read(fd, buf, sizes[i])` passed [got Success]


test_hwrng_small_read_boundaries: `read(fd, buf, sizes[i])` passed [got Success]


test_hwrng_small_read_boundaries: `read(fd, buf, sizes[i])` passed [got Success]


test_hwrng_small_read_boundaries: `read(fd, buf, sizes[i])` passed [got Success]


test_hwrng_small_read_boundaries: `read(fd, buf, sizes[i])` passed [got Success]


test_hwrng_small_read_boundaries: `read(fd, buf, sizes[i])` passed [got Success]


test_hwrng_small_read_boundaries: `read(fd, buf, sizes[i])` passed [got Success]


test_hwrng_small_read_boundaries: `read(fd, buf, sizes[i])` passed [got Success]


test_hwrng_small_read_boundaries: `read(fd, buf, sizes[i])` passed [got Success]


test_hwrng_small_read_boundaries: `read(fd, buf, sizes[i])` passed [got Success]


test_hwrng_small_read_boundaries: `read(fd, buf, sizes[i])` passed [got Success]


test_hwrng_small_read_boundaries: `read(fd, buf, sizes[i])` passed [got Success]


test_hwrng_small_read_boundaries: `read(fd, buf, sizes[i])` passed [got Success]


test_hwrng_small_read_boundaries: `read(fd, buf, sizes[i])` passed [got Success]


test_hwrng_small_read_boundaries: `read(fd, buf, sizes[i])` passed [got Success]


test_hwrng_small_read_boundaries: `read(fd, buf, sizes[i])` passed [got Success]


test_hwrng_small_read_boundaries: `read(fd, buf, sizes[i])` passed [got Success]


test_hwrng_small_read_boundaries: `read(fd, buf, sizes[i])` passed [got Success]


test_hwrng_small_read_boundaries: `read(fd, buf, sizes[i])` passed [got Success]


test_hwrng_small_read_boundaries: `read(fd, buf, sizes[i])` passed [got Success]


test_hwrng_small_read_boundaries: `read(fd, buf, sizes[i])` passed [got Success]


test_hwrng_small_read_boundaries: `read(fd, buf, sizes[i])` passed [got Success]


test_hwrng_small_read_boundaries: `read(fd, buf, sizes[i])` passed [got Success]


test_hwrng_small_read_boundaries: `read(fd, buf, sizes[i])` passed [got Success]


test_hwrng_small_read_boundaries: `read(fd, buf, sizes[i])` passed [got Success]


test_hwrng_small_read_boundaries: `read(fd, buf, sizes[i])` passed [got Success]


test_hwrng_small_read_boundaries: `read(fd, buf, sizes[i])` passed [got Success]


test_hwrng_small_read_boundaries: `read(fd, buf, sizes[i])` passed [got Success]


test_hwrng_small_read_boundaries: `read(fd, buf, sizes[i])` passed [got Success]


test_hwrng_small_read_boundaries: `read(fd, buf, sizes[i])` passed [got Success]


test_hwrng_small_read_boundaries: `read(fd, buf, sizes[i])` passed [got Success]


test_hwrng_small_read_boundaries: `read(fd, buf, sizes[i])` passed [got Success]


test_hwrng_small_read_boundaries: `read(fd, buf, sizes[i])` passed [got Success]


test_hwrng_small_read_boundaries: `read(fd, buf, sizes[i])` passed [got Success]


test_hwrng_small_read_boundaries: `read(fd, buf, sizes[i])` passed [got Success]


test_hwrng_small_read_boundaries: `read(fd, buf, sizes[i])` passed [got Success]


test_hwrng_small_read_boundaries: `read(fd, buf, sizes[i])` passed [got Success]


test_hwrng_small_read_boundaries: `read(fd, buf, sizes[i])` passed [got Success]


test_hwrng_small_read_boundaries: `read(fd, buf, sizes[i])` passed [got Success]


test_hwrng_small_read_boundaries: `read(fd, buf, sizes[i])` passed [got Success]


test_hwrng_small_read_boundaries: `read(fd, buf, sizes[i])` passed [got Success]


test_hwrng_small_read_boundaries: `read(fd, buf, sizes[i])` passed [got Success]


test_hwrng_small_read_boundaries: `read(fd, buf, sizes[i])` passed [got Success]


test_hwrng_small_read_boundaries: `read(fd, buf, sizes[i])` passed [got Success]


test_hwrng_small_read_boundaries: `read(fd, buf, sizes[i])` passed [got Success]


test_hwrng_small_read_boundaries: `read(fd, buf, sizes[i])` passed [got Success]


test_hwrng_small_read_boundaries: `read(fd, buf, sizes[i])` passed [got Success]


test_hwrng_small_read_boundaries: `read(fd, buf, sizes[i])` passed [got Success]


test_hwrng_small_read_boundaries: `read(fd, buf, sizes[i])` passed [got Success]


test_hwrng_small_read_boundaries: `read(fd, buf, sizes[i])` passed [got Success]


test_hwrng_small_read_boundaries: `read(fd, buf, sizes[i])` passed [got Success]


test_hwrng_small_read_boundaries: `read(fd, buf, sizes[i])` passed [got Success]


test_hwrng_small_read_boundaries: `read(fd, buf, sizes[i])` passed [got Success]


test_hwrng_small_read_boundaries: `read(fd, buf, sizes[i])` passed [got Success]


test_hwrng_small_read_boundaries: `read(fd, buf, sizes[i])` passed [got Success]


test_hwrng_small_read_boundaries: `read(fd, buf, sizes[i])` passed [got Success]


test_hwrng_small_read_boundaries: `read(fd, buf, sizes[i])` passed [got Success]


test_hwrng_small_read_boundaries: `read(fd, buf, sizes[i])` passed [got Success]


test_hwrng_small_read_boundaries: `read(fd, buf, sizes[i])` passed [got Success]


test_hwrng_small_read_boundaries: `read(fd, buf, sizes[i])` passed [got Success]


test_hwrng_small_read_boundaries: `read(fd, buf, sizes[i])` passed [got Success]


test_hwrng_small_read_boundaries: `read(fd, buf, sizes[i])` passed [got Success]


test_hwrng_small_read_boundaries: `read(fd, buf, sizes[i])` passed [got Success]


test_hwrng_small_read_boundaries: `read(fd, buf, sizes[i])` passed [got Success]


test_hwrng_small_read_boundaries: `read(fd, buf, sizes[i])` passed [got Success]


test_hwrng_small_read_boundaries: `read(fd, buf, sizes[i])` passed [got Success]


test_hwrng_small_read_boundaries: `read(fd, buf, sizes[i])` passed [got Success]


test_hwrng_small_read_boundaries: `read(fd, buf, sizes[i])` passed [got Success]


test_hwrng_small_read_boundaries: `read(fd, buf, sizes[i])` passed [got Success]


test_hwrng_small_read_boundaries: `read(fd, buf, sizes[i])` passed [got Success]


test_hwrng_small_read_boundaries: `read(fd, buf, sizes[i])` passed [got Success]


test_hwrng_small_read_boundaries: `read(fd, buf, sizes[i])` passed [got Success]


test_hwrng_small_read_boundaries: `read(fd, buf, sizes[i])` passed [got Success]


test_hwrng_small_read_boundaries: `read(fd, buf, sizes[i])` passed [got Success]


test_hwrng_small_read_boundaries: `read(fd, buf, sizes[i])` passed [got Success]


test_hwrng_small_read_boundaries: `read(fd, buf, sizes[i])` passed [got Success]


test_hwrng_small_read_boundaries: `read(fd, buf, sizes[i])` passed [got Success]


test_hwrng_small_read_boundaries: `read(fd, buf, sizes[i])` passed [got Success]


test_hwrng_small_read_boundaries: `read(fd, buf, sizes[i])` passed [got Success]


test_hwrng_small_read_boundaries: `read(fd, buf, sizes[i])` passed [got Success]


test_hwrng_small_read_boundaries: `read(fd, buf, sizes[i])` passed [got Success]


test_hwrng_small_read_boundaries: `read(fd, buf, sizes[i])` passed [got Success]


test_hwrng_small_read_boundaries: `read(fd, buf, sizes[i])` passed [got Success]


test_hwrng_small_read_boundaries: `read(fd, buf, sizes[i])` passed [got Success]


test_hwrng_small_read_boundaries: `read(fd, buf, sizes[i])` passed [got Success]


test_hwrng_small_read_boundaries: `read(fd, buf, sizes[i])` passed [got Success]


test_hwrng_small_read_boundaries: `read(fd, buf, sizes[i])` passed [got Success]


test_hwrng_small_read_boundaries: `read(fd, buf, sizes[i])` passed [got Success]


test_hwrng_small_read_boundaries: `read(fd, buf, sizes[i])` passed [got Success]


test_hwrng_small_read_boundaries: `read(fd, buf, sizes[i])` passed [got Success]


test_hwrng_small_read_boundaries: `read(fd, buf, sizes[i])` passed [got Success]


test_hwrng_small_read_boundaries: `read(fd, buf, sizes[i])` passed [got Success]


test_hwrng_small_read_boundaries: `read(fd, buf, sizes[i])` passed [got Success]


test_hwrng_small_read_boundaries: `read(fd, buf, sizes[i])` passed [got Success]


test_hwrng_small_read_boundaries: `read(fd, buf, sizes[i])` passed [got Success]


test_hwrng_small_read_boundaries: `read(fd, buf, sizes[i])` passed [got Success]


test_hwrng_small_read_boundaries: `read(fd, buf, sizes[i])` passed [got Success]


test_hwrng_small_read_boundaries: `read(fd, buf, sizes[i])` passed [got Success]


test_hwrng_small_read_boundaries: `read(fd, buf, sizes[i])` passed [got Success]


test_hwrng_small_read_boundaries: `read(fd, buf, sizes[i])` passed [got Success]


test_hwrng_small_read_boundaries: `read(fd, buf, sizes[i])` passed [got Success]


test_hwrng_small_read_boundaries: `read(fd, buf, sizes[i])` passed [got Success]


test_hwrng_small_read_boundaries: `read(fd, buf, sizes[i])` passed [got Success]


test_hwrng_small_read_boundaries: `read(fd, buf, sizes[i])` passed [got Success]


test_hwrng_small_read_boundaries: `read(fd, buf, sizes[i])` passed [got Success]


test_hwrng_small_read_boundaries: `read(fd, buf, sizes[i])` passed [got Success]


test_hwrng_small_read_boundaries: `read(fd, buf, sizes[i])` passed [got Success]


test_hwrng_small_read_boundaries: `read(fd, buf, sizes[i])` passed [got Success]


test_hwrng_small_read_boundaries: `read(fd, buf, sizes[i])` passed [got Success]


test_hwrng_small_read_boundaries: `read(fd, buf, sizes[i])` passed [got Success]


test_hwrng_small_read_boundaries: `read(fd, buf, sizes[i])` passed [got Success]


test_hwrng_small_read_boundaries: `read(fd, buf, sizes[i])` passed [got Success]


test_hwrng_small_read_boundaries: `read(fd, buf, sizes[i])` passed [got Success]


test_hwrng_small_read_boundaries: `read(fd, buf, sizes[i])` passed [got Success]


test_hwrng_small_read_boundaries: `read(fd, buf, sizes[i])` passed [got Success]


test_hwrng_small_read_boundaries: `read(fd, buf, sizes[i])` passed [got Success]


test_hwrng_small_read_boundaries: `read(fd, buf, sizes[i])` passed [got Success]


test_hwrng_small_read_boundaries: `read(fd, buf, sizes[i])` passed [got Success]


test_hwrng_small_read_boundaries: `read(fd, buf, sizes[i])` passed [got Success]


test_hwrng_small_read_boundaries: `read(fd, buf, sizes[i])` passed [got Success]


test_hwrng_small_read_boundaries: `read(fd, buf, sizes[i])` passed [got Success]


test_hwrng_small_read_boundaries: `read(fd, buf, sizes[i])` passed [got Success]


test_hwrng_small_read_boundaries: `read(fd, buf, sizes[i])` passed [got Success]


test_hwrng_small_read_boundaries: `read(fd, buf, sizes[i])` passed [got Success]


test_hwrng_small_read_boundaries: `read(fd, buf, sizes[i])` passed [got Success]


test_hwrng_small_read_boundaries: `read(fd, buf, sizes[i])` passed [got Success]


test_hwrng_small_read_boundaries: `read(fd, buf, sizes[i])` passed [got Success]


test_hwrng_small_read_boundaries: `read(fd, buf, sizes[i])` passed [got Success]


test_hwrng_small_read_boundaries: `read(fd, buf, sizes[i])` passed [got Success]


test_hwrng_small_read_boundaries: `read(fd, buf, sizes[i])` passed [got Success]


test_hwrng_small_read_boundaries: `read(fd, buf, sizes[i])` passed [got Success]


test_hwrng_small_read_boundaries: `read(fd, buf, sizes[i])` passed [got Success]


test_hwrng_small_read_boundaries: `read(fd, buf, sizes[i])` passed [got Success]


test_hwrng_small_read_boundaries: `read(fd, buf, sizes[i])` passed [got Success]


test_hwrng_small_read_boundaries: `read(fd, buf, sizes[i])` passed [got Success]


test_hwrng_small_read_boundaries: `read(fd, buf, sizes[i])` passed [got Success]


test_hwrng_small_read_boundaries: `read(fd, buf, sizes[i])` passed [got Success]


test_hwrng_small_read_boundaries: `read(fd, buf, sizes[i])` passed [got Success]


test_hwrng_small_read_boundaries: `read(fd, buf, sizes[i])` passed [got Success]


test_hwrng_small_read_boundaries: `read(fd, buf, sizes[i])` passed [got Success]


test_hwrng_small_read_boundaries: `read(fd, buf, sizes[i])` passed [got Success]


test_hwrng_small_read_boundaries: `read(fd, buf, sizes[i])` passed [got Success]


test_hwrng_small_read_boundaries: `read(fd, buf, sizes[i])` passed [got Success]


test_hwrng_small_read_boundaries: `read(fd, buf, sizes[i])` passed [got Success]


test_hwrng_small_read_boundaries: `read(fd, buf, sizes[i])` passed [got Success]


test_hwrng_small_read_boundaries: `read(fd, buf, sizes[i])` passed [got Success]


test_hwrng_small_read_boundaries: `read(fd, buf, sizes[i])` passed [got Success]


test_hwrng_small_read_boundaries: `read(fd, buf, sizes[i])` passed [got Success]


test_hwrng_small_read_boundaries: `read(fd, buf, sizes[i])` passed [got Success]


test_hwrng_small_read_boundaries: `read(fd, buf, sizes[i])` passed [got Success]


test_hwrng_small_read_boundaries: `read(fd, buf, sizes[i])` passed [got Success]


test_hwrng_small_read_boundaries: `read(fd, buf, sizes[i])` passed [got Success]


test_hwrng_small_read_boundaries: `read(fd, buf, sizes[i])` passed [got Success]


test_hwrng_small_read_boundaries: `read(fd, buf, sizes[i])` passed [got Success]


test_hwrng_small_read_boundaries: `read(fd, buf, sizes[i])` passed [got Success]


test_hwrng_small_read_boundaries: `read(fd, buf, sizes[i])` passed [got Success]


test_hwrng_small_read_boundaries: `read(fd, buf, sizes[i])` passed [got Success]


test_hwrng_small_read_boundaries: `read(fd, buf, sizes[i])` passed [got Success]


test_hwrng_small_read_boundaries: `read(fd, buf, sizes[i])` passed [got Success]


test_hwrng_small_read_boundaries: `read(fd, buf, sizes[i])` passed [got Success]


test_hwrng_small_read_boundaries: `read(fd, buf, sizes[i])` passed [got Success]


test_hwrng_small_read_boundaries: `read(fd, buf, sizes[i])` passed [got Success]


test_hwrng_small_read_boundaries: `read(fd, buf, sizes[i])` passed [got Success]


test_hwrng_small_read_boundaries: `read(fd, buf, sizes[i])` passed [got Success]


test_hwrng_small_read_boundaries: `read(fd, buf, sizes[i])` passed [got Success]


test_hwrng_small_read_boundaries: `read(fd, buf, sizes[i])` passed [got Success]


test_hwrng_small_read_boundaries: `read(fd, buf, sizes[i])` passed [got Success]


test_hwrng_small_read_boundaries: `read(fd, buf, sizes[i])` passed [got Success]


test_hwrng_small_read_boundaries: `read(fd, buf, sizes[i])` passed [got Success]


test_hwrng_small_read_boundaries: `read(fd, buf, sizes[i])` passed [got Success]


test_hwrng_small_read_boundaries: `read(fd, buf, sizes[i])` passed [got Success]


test_hwrng_small_read_boundaries: `read(fd, buf, sizes[i])` passed [got Success]


test_hwrng_small_read_boundaries: `read(fd, buf, sizes[i])` passed [got Success]


test_hwrng_small_read_boundaries: `read(fd, buf, sizes[i])` passed [got Success]


test_hwrng_small_read_boundaries: `read(fd, buf, sizes[i])` passed [got Success]


test_hwrng_small_read_boundaries: `read(fd, buf, sizes[i])` passed [got Success]


test_hwrng_small_read_boundaries: `read(fd, buf, sizes[i])` passed [got Success]


test_hwrng_small_read_boundaries: `read(fd, buf, sizes[i])` passed [got Success]


test_hwrng_small_read_boundaries: `read(fd, buf, sizes[i])` passed [got Success]


test_hwrng_small_read_boundaries: `read(fd, buf, sizes[i])` passed [got Success]


test_hwrng_small_read_boundaries: `read(fd, buf, sizes[i])` passed [got Success]


test_hwrng_small_read_boundaries: `read(fd, buf, sizes[i])` passed [got Success]


test_hwrng_small_read_boundaries: `read(fd, buf, sizes[i])` passed [got Success]


test_hwrng_small_read_boundaries: `read(fd, buf, sizes[i])` passed [got Success]


test_hwrng_small_read_boundaries: `read(fd, buf, sizes[i])` passed [got Success]


test_hwrng_small_read_boundaries: `read(fd, buf, sizes[i])` passed [got Success]


test_hwrng_small_read_boundaries: `read(fd, buf, sizes[i])` passed [got Success]


test_hwrng_small_read_boundaries: `read(fd, buf, sizes[i])` passed [got Success]


test_hwrng_small_read_boundaries: `read(fd, buf, sizes[i])` passed [got Success]


test_hwrng_small_read_boundaries: `read(fd, buf, sizes[i])` passed [got Success]


test_hwrng_small_read_boundaries: `read(fd, buf, sizes[i])` passed [got Success]


test_hwrng_small_read_boundaries: `read(fd, buf, sizes[i])` passed [got Success]


test_hwrng_small_read_boundaries: `read(fd, buf, sizes[i])` passed [got Success]


test_hwrng_small_read_boundaries: `read(fd, buf, sizes[i])` passed [got Success]


test_hwrng_small_read_boundaries: `read(fd, buf, sizes[i])` passed [got Success]


test_hwrng_small_read_boundaries: `read(fd, buf, sizes[i])` passed [got Success]


test_hwrng_small_read_boundaries: `read(fd, buf, sizes[i])` passed [got Success]


test_hwrng_small_read_boundaries: `read(fd, buf, sizes[i])` passed [got Success]


test_hwrng_small_read_boundaries: `read(fd, buf, sizes[i])` passed [got Success]


test_hwrng_small_read_boundaries: `read(fd, buf, sizes[i])` passed [got Success]


test_hwrng_small_read_boundaries: `read(fd, buf, sizes[i])` passed [got Success]


test_hwrng_small_read_boundaries: `read(fd, buf, sizes[i])` passed [got Success]


test_hwrng_small_read_boundaries: `read(fd, buf, sizes[i])` passed [got Success]


test_hwrng_small_read_boundaries: `read(fd, buf, sizes[i])` passed [got Success]


test_hwrng_small_read_boundaries: `read(fd, buf, sizes[i])` passed [got Success]


test_hwrng_small_read_boundaries: `read(fd, buf, sizes[i])` passed [got Success]


test_hwrng_small_read_boundaries: `read(fd, buf, sizes[i])` passed [got Success]


test_hwrng_small_read_boundaries: `read(fd, buf, sizes[i])` passed [got Success]


test_hwrng_small_read_boundaries: `read(fd, buf, sizes[i])` passed [got Success]


test_hwrng_small_read_boundaries: `read(fd, buf, sizes[i])` passed [got Success]


test_hwrng_small_read_boundaries: `read(fd, buf, sizes[i])` passed [got Success]


test_hwrng_small_read_boundaries: `read(fd, buf, sizes[i])` passed [got Success]


test_hwrng_small_read_boundaries: `read(fd, buf, sizes[i])` passed [got Success]


test_hwrng_small_read_boundaries: `read(fd, buf, sizes[i])` passed [got Success]


test_hwrng_small_read_boundaries: `read(fd, buf, sizes[i])` passed [got Success]


test_hwrng_small_read_boundaries: `read(fd, buf, sizes[i])` passed [got Success]


test_hwrng_small_read_boundaries: `read(fd, buf, sizes[i])` passed [got Success]


test_hwrng_small_read_boundaries: `read(fd, buf, sizes[i])` passed [got Success]


test_hwrng_small_read_boundaries: `read(fd, buf, sizes[i])` passed [got Success]


test_hwrng_small_read_boundaries: `read(fd, buf, sizes[i])` passed [got Success]


test_hwrng_small_read_boundaries: `read(fd, buf, sizes[i])` passed [got Success]


test_hwrng_small_read_boundaries: `read(fd, buf, sizes[i])` passed [got Success]


test_hwrng_small_read_boundaries: `read(fd, buf, sizes[i])` passed [got Success]


test_hwrng_small_read_boundaries: `read(fd, buf, sizes[i])` passed [got Success]


test_hwrng_small_read_boundaries: `read(fd, buf, sizes[i])` passed [got Success]


test_hwrng_small_read_boundaries: `read(fd, buf, sizes[i])` passed [got Success]


test_hwrng_small_read_boundaries: `read(fd, buf, sizes[i])` passed [got Success]


test_hwrng_small_read_boundaries: `read(fd, buf, sizes[i])` passed [got Success]


test_hwrng_small_read_boundaries: `read(fd, buf, sizes[i])` passed [got Success]


test_hwrng_small_read_boundaries: `read(fd, buf, sizes[i])` passed [got Success]


test_hwrng_small_read_boundaries: `read(fd, buf, sizes[i])` passed [got Success]


test_hwrng_small_read_boundaries: `read(fd, buf, sizes[i])` passed [got Success]


test_hwrng_small_read_boundaries: `read(fd, buf, sizes[i])` passed [got Success]


test_hwrng_small_read_boundaries: `read(fd, buf, sizes[i])` passed [got Success]


test_hwrng_small_read_boundaries: `read(fd, buf, sizes[i])` passed [got Success]


test_hwrng_small_read_boundaries: `read(fd, buf, sizes[i])` passed [got Success]


test_hwrng_small_read_boundaries: `read(fd, buf, sizes[i])` passed [got Success]


test_hwrng_small_read_boundaries: `read(fd, buf, sizes[i])` passed [got Success]


test_hwrng_small_read_boundaries: `read(fd, buf, sizes[i])` passed [got Success]


test_hwrng_small_read_boundaries: `read(fd, buf, sizes[i])` passed [got Success]


test_hwrng_small_read_boundaries: `read(fd, buf, sizes[i])` passed [got Success]


test_hwrng_small_read_boundaries: `read(fd, buf, sizes[i])` passed [got Success]


test_hwrng_small_read_boundaries: `read(fd, buf, sizes[i])` passed [got Success]


test_hwrng_small_read_boundaries: `read(fd, buf, sizes[i])` passed [got Success]


test_hwrng_small_read_boundaries: `read(fd, buf, sizes[i])` passed [got Success]


test_hwrng_small_read_boundaries: `read(fd, buf, sizes[i])` passed [got Success]


test_hwrng_small_read_boundaries: `read(fd, buf, sizes[i])` passed [got Success]


test_hwrng_small_read_boundaries: `read(fd, buf, sizes[i])` passed [got Success]


test_hwrng_small_read_boundaries: `read(fd, buf, sizes[i])` passed [got Success]


test_hwrng_small_read_boundaries: `read(fd, buf, sizes[i])` passed [got Success]


test_hwrng_small_read_boundaries: `read(fd, buf, sizes[i])` passed [got Success]


test_hwrng_small_read_boundaries: `read(fd, buf, sizes[i])` passed [got Success]


test_hwrng_small_read_boundaries: `read(fd, buf, sizes[i])` passed [got Success]


test_hwrng_small_read_boundaries: `read(fd, buf, sizes[i])` passed [got Success]


test_hwrng_small_read_boundaries: `read(fd, buf, sizes[i])` passed [got Success]


test_hwrng_small_read_boundaries: `read(fd, buf, sizes[i])` passed [got Success]


test_hwrng_small_read_boundaries: `read(fd, buf, sizes[i])` passed [got Success]


test_hwrng_small_read_boundaries: `read(fd, buf, sizes[i])` passed [got Success]


test_hwrng_small_read_boundaries: `read(fd, buf, sizes[i])` passed [got Success]


test_hwrng_small_read_boundaries: `read(fd, buf, sizes[i])` passed [got Success]


test_hwrng_small_read_boundaries: `read(fd, buf, sizes[i])` passed [got Success]


test_hwrng_small_read_boundaries: `read(fd, buf, sizes[i])` passed [got Success]


test_hwrng_small_read_boundaries: `read(fd, buf, sizes[i])` passed [got Success]


test_hwrng_small_read_boundaries: `read(fd, buf, sizes[i])` passed [got Success]


test_hwrng_small_read_boundaries: `read(fd, buf, sizes[i])` passed [got Success]


test_hwrng_small_read_boundaries: `read(fd, buf, sizes[i])` passed [got Success]


test_hwrng_small_read_boundaries: `read(fd, buf, sizes[i])` passed [got Success]


test_hwrng_small_read_boundaries: `read(fd, buf, sizes[i])` passed [got Success]


test_hwrng_small_read_boundaries: `read(fd, buf, sizes[i])` passed [got Success]


test_hwrng_small_read_boundaries: `read(fd, buf, sizes[i])` passed [got Success]


test_hwrng_small_read_boundaries: `read(fd, buf, sizes[i])` passed [got Success]


test_hwrng_small_read_boundaries: `read(fd, buf, sizes[i])` passed [got Success]


test_hwrng_small_read_boundaries: `read(fd, buf, sizes[i])` passed [got Success]


test_hwrng_small_read_boundaries: `read(fd, buf, sizes[i])` passed [got Success]


test_hwrng_small_read_boundaries: `read(fd, buf, sizes[i])` passed [got Success]


test_hwrng_small_read_boundaries: `read(fd, buf, sizes[i])` passed [got Success]


test_hwrng_small_read_boundaries: `read(fd, buf, sizes[i])` passed [got Success]


test_hwrng_small_read_boundaries: `read(fd, buf, sizes[i])` passed [got Success]


test_hwrng_small_read_boundaries: `read(fd, buf, sizes[i])` passed [got Success]


test_hwrng_small_read_boundaries: `read(fd, buf, sizes[i])` passed [got Success]


test_hwrng_small_read_boundaries: `read(fd, buf, sizes[i])` passed [got Success]


test_hwrng_small_read_boundaries: `read(fd, buf, sizes[i])` passed [got Success]


test_hwrng_small_read_boundaries: `read(fd, buf, sizes[i])` passed [got Success]


test_hwrng_small_read_boundaries: `read(fd, buf, sizes[i])` passed [got Success]


test_hwrng_small_read_boundaries: `read(fd, buf, sizes[i])` passed [got Success]


test_hwrng_small_read_boundaries: `read(fd, buf, sizes[i])` passed [got Success]


test_hwrng_small_read_boundaries: `read(fd, buf, sizes[i])` passed [got Success]


test_hwrng_small_read_boundaries: `read(fd, buf, sizes[i])` passed [got Success]


test_hwrng_small_read_boundaries: `read(fd, buf, sizes[i])` passed [got Success]


test_hwrng_small_read_boundaries: `read(fd, buf, sizes[i])` passed [got Success]


test_hwrng_small_read_boundaries: `read(fd, buf, sizes[i])` passed [got Success]


test_hwrng_small_read_boundaries: `read(fd, buf, sizes[i])` passed [got Success]


test_hwrng_small_read_boundaries: `read(fd, buf, sizes[i])` passed [got Success]


test_hwrng_small_read_boundaries: `read(fd, buf, sizes[i])` passed [got Success]


test_hwrng_small_read_boundaries: `read(fd, buf, sizes[i])` passed [got Success]


test_hwrng_small_read_boundaries: `read(fd, buf, sizes[i])` passed [got Success]


test_hwrng_small_read_boundaries: `read(fd, buf, sizes[i])` passed [got Success]


test_hwrng_small_read_boundaries: `read(fd, buf, sizes[i])` passed [got Success]


test_hwrng_small_read_boundaries: `read(fd, buf, sizes[i])` passed [got Success]


test_hwrng_small_read_boundaries: `read(fd, buf, sizes[i])` passed [got Success]


test_hwrng_small_read_boundaries: `read(fd, buf, sizes[i])` passed [got Success]


test_hwrng_small_read_boundaries: `read(fd, buf, sizes[i])` passed [got Success]


test_hwrng_small_read_boundaries: `read(fd, buf, sizes[i])` passed [got Success]


test_hwrng_small_read_boundaries: `read(fd, buf, sizes[i])` passed [got Success]


test_hwrng_small_read_boundaries: `read(fd, buf, sizes[i])` passed [got Success]


test_hwrng_small_read_boundaries: `read(fd, buf, sizes[i])` passed [got Success]


test_hwrng_small_read_boundaries: `read(fd, buf, sizes[i])` passed [got Success]


test_hwrng_small_read_boundaries: `read(fd, buf, sizes[i])` passed [got Success]


test_hwrng_small_read_boundaries: `read(fd, buf, sizes[i])` passed [got Success]


test_hwrng_small_read_boundaries: `read(fd, buf, sizes[i])` passed [got Success]


test_hwrng_small_read_boundaries: `read(fd, buf, sizes[i])` passed [got Success]


test_hwrng_small_read_boundaries: `read(fd, buf, sizes[i])` passed [got Success]


test_hwrng_small_read_boundaries: `read(fd, buf, sizes[i])` passed [got Success]


test_hwrng_small_read_boundaries: `read(fd, buf, sizes[i])` passed [got Success]


test_hwrng_small_read_boundaries: `read(fd, buf, sizes[i])` passed [got Success]


test_hwrng_small_read_boundaries: `read(fd, buf, sizes[i])` passed [got Success]


test_hwrng_small_read_boundaries: `read(fd, buf, sizes[i])` passed [got Success]


test_hwrng_small_read_boundaries: `read(fd, buf, sizes[i])` passed [got Success]


test_hwrng_small_read_boundaries: `read(fd, buf, sizes[i])` passed [got Success]


test_hwrng_small_read_boundaries: `read(fd, buf, sizes[i])` passed [got Success]


test_hwrng_small_read_boundaries: `read(fd, buf, sizes[i])` passed [got Success]


test_hwrng_small_read_boundaries: `read(fd, buf, sizes[i])` passed [got Success]


test_hwrng_small_read_boundaries: `read(fd, buf, sizes[i])` passed [got Success]


test_hwrng_small_read_boundaries: `read(fd, buf, sizes[i])` passed [got Success]


test_hwrng_small_read_boundaries: `read(fd, buf, sizes[i])` passed [got Success]


test_hwrng_small_read_boundaries: `read(fd, buf, sizes[i])` passed [got Success]


test_hwrng_small_read_boundaries: `read(fd, buf, sizes[i])` passed [got Success]


test_hwrng_small_read_boundaries: `read(fd, buf, sizes[i])` passed [got Success]


test_hwrng_small_read_boundaries: `read(fd, buf, sizes[i])` passed [got Success]


test_hwrng_small_read_boundaries: `read(fd, buf, sizes[i])` passed [got Success]


test_hwrng_small_read_boundaries: `read(fd, buf, sizes[i])` passed [got Success]


test_hwrng_small_read_boundaries: `read(fd, buf, sizes[i])` passed [got Success]


test_hwrng_small_read_boundaries: `read(fd, buf, sizes[i])` passed [got Success]


test_hwrng_small_read_boundaries: `read(fd, buf, sizes[i])` passed [got Success]


test_hwrng_small_read_boundaries: `read(fd, buf, sizes[i])` passed [got Success]


test_hwrng_small_read_boundaries: `read(fd, buf, sizes[i])` passed [got Success]


test_hwrng_small_read_boundaries: `read(fd, buf, sizes[i])` passed [got Success]


test_hwrng_small_read_boundaries: `read(fd, buf, sizes[i])` passed [got Success]


test_hwrng_small_read_boundaries: `read(fd, buf, sizes[i])` passed [got Success]


test_hwrng_small_read_boundaries: `read(fd, buf, sizes[i])` passed [got Success]


test_hwrng_small_read_boundaries: `read(fd, buf, sizes[i])` passed [got Success]


test_hwrng_small_read_boundaries: `read(fd, buf, sizes[i])` passed [got Success]


test_hwrng_small_read_boundaries: `read(fd, buf, sizes[i])` passed [got Success]


test_hwrng_small_read_boundaries: `read(fd, buf, sizes[i])` passed [got Success]


test_hwrng_small_read_boundaries: `read(fd, buf, sizes[i])` passed [got Success]


test_hwrng_small_read_boundaries: `read(fd, buf, sizes[i])` passed [got Success]


test_hwrng_small_read_boundaries: `read(fd, buf, sizes[i])` passed [got Success]


test_hwrng_small_read_boundaries: `read(fd, buf, sizes[i])` passed [got Success]


test_hwrng_small_read_boundaries: `read(fd, buf, sizes[i])` passed [got Success]


test_hwrng_small_read_boundaries: `read(fd, buf, sizes[i])` passed [got Success]


test_hwrng_small_read_boundaries: `read(fd, buf, sizes[i])` passed [got Success]


test_hwrng_small_read_boundaries: `read(fd, buf, sizes[i])` passed [got Success]


test_hwrng_small_read_boundaries: `read(fd, buf, sizes[i])` passed [got Success]


test_hwrng_small_read_boundaries: `read(fd, buf, sizes[i])` passed [got Success]


test_hwrng_small_read_boundaries: `read(fd, buf, sizes[i])` passed [got Success]


test_hwrng_small_read_boundaries: `read(fd, buf, sizes[i])` passed [got Success]


test_hwrng_small_read_boundaries: `read(fd, buf, sizes[i])` passed [got Success]


test_hwrng_small_read_boundaries: `read(fd, buf, sizes[i])` passed [got Success]


test_hwrng_small_read_boundaries: `read(fd, buf, sizes[i])` passed [got Success]


test_hwrng_small_read_boundaries: `read(fd, buf, sizes[i])` passed [got Success]


test_hwrng_small_read_boundaries: `read(fd, buf, sizes[i])` passed [got Success]


test_hwrng_small_read_boundaries: `read(fd, buf, sizes[i])` passed [got Success]


test_hwrng_small_read_boundaries: `read(fd, buf, sizes[i])` passed [got Success]


test_hwrng_small_read_boundaries: `read(fd, buf, sizes[i])` passed [got Success]


test_hwrng_small_read_boundaries: `read(fd, buf, sizes[i])` passed [got Success]


test_hwrng_small_read_boundaries: `read(fd, buf, sizes[i])` passed [got Success]


test_hwrng_small_read_boundaries: `read(fd, buf, sizes[i])` passed [got Success]


test_hwrng_small_read_boundaries: `read(fd, buf, sizes[i])` passed [got Success]


test_hwrng_small_read_boundaries: `read(fd, buf, sizes[i])` passed [got Success]


test_hwrng_small_read_boundaries: `read(fd, buf, sizes[i])` passed [got Success]


test_hwrng_small_read_boundaries: `read(fd, buf, sizes[i])` passed [got Success]


test_hwrng_small_read_boundaries: `read(fd, buf, sizes[i])` passed [got Success]


test_hwrng_small_read_boundaries: `read(fd, buf, sizes[i])` passed [got Success]


test_hwrng_small_read_boundaries: `read(fd, buf, sizes[i])` passed [got Success]


test_hwrng_small_read_boundaries: `read(fd, buf, sizes[i])` passed [got Success]


test_hwrng_small_read_boundaries: `read(fd, buf, sizes[i])` passed [got Success]


test_hwrng_small_read_boundaries: `total_read` passed [got Success]


test_hwrng_small_read_boundaries: `close(fd)` passed [got Success]


test_hwrng_small_read_boundaries summary: 4473 tests passed, 0 tests failed


test_hwrng_smoke_basic_content_checks: `open("/dev/hwrng", 00)` passed [got Success]


test_hwrng_smoke_basic_content_checks: `read(fd, buf, sizeof(buf))` passed [got Success]


test_hwrng_smoke_basic_content_checks: `is_all_zero(buf, sizeof(buf))` passed [got Success]


test_hwrng_smoke_basic_content_checks: `is_all_ff(buf, sizeof(buf))` passed [got Success]


test_hwrng_smoke_basic_content_checks: `is_repeating_u32_pattern(buf, sizeof(buf))` passed [got Success]


test_hwrng_smoke_basic_content_checks: `set_bits` passed [got Success]


test_hwrng_smoke_basic_content_checks: `close(fd)` passed [got Success]


test_hwrng_smoke_basic_content_checks summary: 7 tests passed, 0 tests failed


test_rdev_and_mode: `stat(device->path, &stat_buf)` passed [got Success]


test_rdev_and_mode: `stat(device->path, &stat_buf)` passed [got Success]


test_rdev_and_mode summary: 2 tests passed, 0 tests failed


test_short_rw: `open("/dev/random", 00)` passed [got Success]


test_short_rw: `mmap(((void *)0), 4096 * 3, 0x1 | 0x2, 0x20 | 0x02, -1, 0)` passed [got Success]


test_short_rw: `munmap(buf + 4096 * 2, 4096)` passed [got Success]


test_short_rw: `read(fd, buf + 4096 * 2, 4096)` passed [got Bad address]


test_short_rw: `read(fd, buf + 4096 * 2, 0)` passed [got Success]


test_short_rw: `read(fd, buf + 4096 * 2 - 1, 4096)` passed [got Success]


test_short_rw: `read(fd, buf + 4096 * 2 - (4096 - 1), 4096 + 2)` passed [got Success]


test_short_rw: `read(fd, buf + 4096 * 2 - 4096, 4096 + 2)` passed [got Success]


test_short_rw: `read(fd, buf + 4096 * 2 - (4096 + 1), 4096 + 2)` passed [got Success]


test_short_rw: `read(fd, buf + 4096 * 2 - 1, 1)` passed [got Success]


test_short_rw: `read(fd, buf + 4096 * 2 - (4096 - 1), 4096 - 2)` passed [got Success]


test_short_rw: `read(fd, buf + 4096 * 2 - 4096, 4096 - 1)` passed [got Success]


test_short_rw: `read(fd, buf + 4096 * 2 - (4096 + 1), 4096)` passed [got Success]


test_short_rw: `munmap(buf, 4096 * 2)` passed [got Success]


test_short_rw: `close(fd)` passed [got Success]


test_short_rw summary: 15 tests passed, 0 tests failed


All test in /test/device passed.


Running test in /test/memory


Fork non-accessed shared region


Child process: Value in shared memory: 123


Parent process: Value in shared memory: 123


Fork accessed shared region


Child process: Value in shared memory: 123


Parent process: Value in shared memory: 123


Fork non-accessed private region


Child process: Value in shared memory: 123


Parent process: Value in shared memory: 0


Fork accessed private region


Child process: Value in shared memory: 123


Parent process: Value in shared memory: 1


test_mprotect_shared_writable_mapping_on_read_only_file: `open(filename, 02 | 0100 | 01000, 0600)` passed [got Success]


test_mprotect_shared_writable_mapping_on_read_only_file: `ftruncate(fd, 4096)` passed [got Success]


test_mprotect_shared_writable_mapping_on_read_only_file: `write(fd, "AAAA", 5)` passed [got Success]


test_mprotect_shared_writable_mapping_on_read_only_file: `close(fd)` passed [got Success]


test_mprotect_shared_writable_mapping_on_read_only_file: `open(filename, 00)` passed [got Success]


test_mprotect_shared_writable_mapping_on_read_only_file: `mmap(((void *)0), 4096, 0x1, 0x01, fd, 0)` passed [got Success]


test_mprotect_shared_writable_mapping_on_read_only_file: `mprotect(addr, 4096, 0x1 | 0x2)` passed [got Permission denied]


test_mprotect_shared_writable_mapping_on_read_only_file: `munmap(addr, 4096)` passed [got Success]


test_mprotect_shared_writable_mapping_on_read_only_file: `close(fd)` passed [got Success]


test_mprotect_shared_writable_mapping_on_read_only_file: `unlink(filename)` passed [got Success]


test_mprotect_shared_writable_mapping_on_read_only_file summary: 10 tests passed, 0 tests failed


test_mprotect_private_writable_mapping_copy_on_write: `open(filename, 02 | 0100 | 01000, 0600)` passed [got Success]


test_mprotect_private_writable_mapping_copy_on_write: `ftruncate(fd, 4096)` passed [got Success]


test_mprotect_private_writable_mapping_copy_on_write: `write(fd, "AAAA", 5)` passed [got Success]


test_mprotect_private_writable_mapping_copy_on_write: `mmap(((void *)0), 4096, 0x1, 0x02, fd, 0)` passed [got Success]


test_mprotect_private_writable_mapping_copy_on_write: `mmap(((void *)0), 4096, 0x1, 0x02, fd, 0)` passed [got Success]


test_mprotect_private_writable_mapping_copy_on_write: `strcmp(addr1, "AAAA")` passed [got Success]


test_mprotect_private_writable_mapping_copy_on_write: `strcmp(addr2, "AAAA")` passed [got Success]


test_mprotect_private_writable_mapping_copy_on_write: `mprotect(addr1, 4096, 0x1 | 0x2)` passed [got Success]


test_mprotect_private_writable_mapping_copy_on_write: `strcmp(addr1, "BBBB")` passed [got Success]


test_mprotect_private_writable_mapping_copy_on_write: `strcmp(addr2, "AAAA")` passed [got Success]


test_mprotect_private_writable_mapping_copy_on_write: `munmap(addr1, 4096)` passed [got Success]


test_mprotect_private_writable_mapping_copy_on_write: `munmap(addr2, 4096)` passed [got Success]


test_mprotect_private_writable_mapping_copy_on_write: `close(fd)` passed [got Success]


test_mprotect_private_writable_mapping_copy_on_write: `unlink(filename)` passed [got Success]


test_mprotect_private_writable_mapping_copy_on_write summary: 14 tests passed, 0 tests failed


test_mprotect_invalid_permission: `mmap(((void *)0), 4096, 0x1 | 0x2 | 0x20, 0x02 | 0x20, -1, 0)` passed [got Success]


test_mprotect_invalid_permission: `mprotect(addr, 4096, 0x1 | 0x4)` passed [got Success]


test_mprotect_invalid_permission: `mprotect(addr, 4096, 0x1 | 0x20)` passed [got Invalid argument]


test_mprotect_invalid_permission: `munmap(addr, 4096)` passed [got Success]


test_mprotect_invalid_permission summary: 4 tests passed, 0 tests failed


test_mremap: `mmap(((void *)0), 5 * 4096, 0x1 | 0x2, 0x02 | 0x20, -1, 0)` passed [got Success]


test_mremap: `munmap(addr + 2 * 4096, 4096)` passed [got Success]


test_mremap: `mremap(addr + 1, 4096, 4096, 0)` passed [got Invalid argument]


test_mremap: `mremap(addr, 1, 4096, 0)` passed [got Success]


test_mremap: `mremap(addr, 4096, 1, 0)` passed [got Success]


test_mremap: `mremap(addr, 4096, 4096, 1 | 2, addr + 2 * 4096 + 1)` passed [got Invalid argument]


test_mremap: `mremap(addr, 4096, 4096, 2, addr + 2 * 4096)` passed [got Invalid argument]


test_mremap: `mremap(addr, 4096, 4096, ~0, addr + 2 * 4096)` passed [got Invalid argument]


test_mremap: `mremap(addr, 0, 4096, 0)` passed [got Invalid argument]


test_mremap: `mremap(addr, 4096, 2 * 4096, 0)` passed [got Cannot allocate memory]


test_mremap: `mremap(hole, 2 * 4096, 4096, 0)` passed [got Bad address]


test_mremap: `mremap(hole, 2 * 4096, 4096, 1)` passed [got Bad address]


test_mremap: `mremap(hole, 2 * 4096, 4096, 1 | 2, addr)` passed [got Bad address]


test_mremap: `munmap(addr, 5 * 4096)` passed [got Success]


test_mremap summary: 14 tests passed, 0 tests failed


test_mmap_and_mremap: `mmap(((void *)0), 3 * 4096, 0x1 | 0x2, 0x02 | 0x20, -1, 0)` passed [got Success]


test_mmap_and_mremap: `munmap(addr, 3 * 4096)` passed [got Success]


test_mmap_and_mremap: `mmap(addr, 4096, 0x1 | 0x2, 0x02 | 0x20 | 0x10, -1, 0)` passed [got Success]


test_mmap_and_mremap: `mmap(addr + 2 * 4096, 4096, 0x1 | 0x2, 0x02 | 0x20 | 0x10, -1, 0)` passed [got Success]


test_mmap_and_mremap: `mremap(addr, 4096, 3 * 4096, 1)` passed [got Success]


test_mmap_and_mremap: `mremap(addr, 4096, 4096, 0)` passed [got Bad address]


test_mmap_and_mremap: `strcmp(new_addr, content)` passed [got Success]


test_mmap_and_mremap: `munmap(new_addr, 3 * 4096)` passed [got Success]


test_mmap_and_mremap: `munmap(addr2, 4096)` passed [got Success]


test_mmap_and_mremap summary: 9 tests passed, 0 tests failed


test_mmap_and_mremap_fixed: `mmap(((void *)0), 4096 * 2, 0x1 | 0x2, 0x02 | 0x20, -1, 0)` passed [got Success]


test_mmap_and_mremap_fixed: `munmap(addr2, 4096)` passed [got Success]


test_mmap_and_mremap_fixed: `mremap(addr1, 4096, 4096, 1 | 2, addr2)` passed [got Success]


test_mmap_and_mremap_fixed: `strcmp(addr2, content)` passed [got Success]


test_mmap_and_mremap_fixed: `mremap(addr2, 4096, 4096, 1 | 2, addr1)` passed [got Success]


test_mmap_and_mremap_fixed: `strcmp(addr1, content)` passed [got Success]


test_mmap_and_mremap_fixed: `munmap(addr1, 4096)` passed [got Success]


test_mmap_and_mremap_fixed summary: 7 tests passed, 0 tests failed


test_mmap_and_mremap_auto_merge_anon: `mmap(((void *)0), 6 * 4096, 0x1 | 0x2, 0x02 | 0x20, -1, 0)` passed [got Success]


test_mmap_and_mremap_auto_merge_anon: `munmap(addr, 6 * 4096)` passed [got Success]


test_mmap_and_mremap_auto_merge_anon: `mmap(addr, 4096, 0x1 | 0x2, 0x02 | 0x20 | 0x10, -1, 0)` passed [got Success]


test_mmap_and_mremap_auto_merge_anon: `mmap(addr + 2 * 4096, 4096, 0x1 | 0x2, 0x02 | 0x20 | 0x10, -1, 0)` passed [got Success]


test_mmap_and_mremap_auto_merge_anon: `mmap(addr + 4096, 4096, 0x1 | 0x2, 0x02 | 0x20 | 0x10, -1, 0)` passed [got Success]


test_mmap_and_mremap_auto_merge_anon: `mremap(addr, 3 * 4096, 3 * 4096, 1 | 2, addr + 3 * 4096)` passed [got Success]


test_mmap_and_mremap_auto_merge_anon: `strcmp(new_addr, content)` passed [got Success]


test_mmap_and_mremap_auto_merge_anon: `munmap(new_addr, 3 * 4096)` passed [got Success]


test_mmap_and_mremap_auto_merge_anon summary: 8 tests passed, 0 tests failed


test_mmap_and_mremap_auto_merge_file: `open(filename, 0100 | 02, 0600)` passed [got Success]


test_mmap_and_mremap_auto_merge_file: `ftruncate(fd, 6 * 4096)` passed [got Success]


test_mmap_and_mremap_auto_merge_file: `mmap(((void *)0), 6 * 4096, 0x1 | 0x2, 0x02, fd, 0)` passed [got Success]


test_mmap_and_mremap_auto_merge_file: `munmap(addr, 6 * 4096)` passed [got Success]


test_mmap_and_mremap_auto_merge_file: `mmap(addr, 4096, 0x1 | 0x2, 0x02 | 0x10, fd, 0)` passed [got Success]


test_mmap_and_mremap_auto_merge_file: `mmap(addr + 2 * 4096, 4096, 0x1 | 0x2, 0x02 | 0x10, fd, 2 * 4096)` passed [got Success]


test_mmap_and_mremap_auto_merge_file: `mmap(addr + 4096, 4096, 0x1 | 0x2, 0x02 | 0x10, fd, 4096)` passed [got Success]


test_mmap_and_mremap_auto_merge_file: `mremap(addr, 3 * 4096, 3 * 4096, 1 | 2, addr + 3 * 4096)` passed [got Success]


test_mmap_and_mremap_auto_merge_file: `strcmp(new_addr, content)` passed [got Success]


test_mmap_and_mremap_auto_merge_file: `munmap(new_addr, 3 * 4096)` passed [got Success]


test_mmap_and_mremap_auto_merge_file: `close(fd)` passed [got Success]


test_mmap_and_mremap_auto_merge_file: `unlink(filename)` passed [got Success]


test_mmap_and_mremap_auto_merge_file summary: 12 tests passed, 0 tests failed


test_mremap_may_fail_after_unmap: `open("/bin/sh", 00)` passed [got Success]


test_mremap_may_fail_after_unmap: `mmap(((void *)0), 5 * 4096, 0x1, 0x01, fd, 0)` passed [got Success]


test_mremap_may_fail_after_unmap: `munmap(addr + 4096, 4 * 4096)` passed [got Success]


test_mremap_may_fail_after_unmap: `mmap(addr + 4096, 4 * 4096, 0x1 | 0x2, 0x02 | 0x20 | 0x10, -1, 0)` passed [got Success]


test_mremap_may_fail_after_unmap: `close(fd)` passed [got Success]


test_mremap_may_fail_after_unmap: `mremap(addr, 3 * 4096, 2 * 4096, 1 | 2, addr + 3 * 4096)` passed [got Bad address]


test_mremap_may_fail_after_unmap: `mremap(addr, 4096, 4096, 0)` passed [got Success]


test_mremap_may_fail_after_unmap: `mremap(addr + 4096, 4096, 4096, 0)` passed [got Success]


test_mremap_may_fail_after_unmap: `mremap(addr + 2 * 4096, 4096, 4096, 0)` passed [got Bad address]


test_mremap_may_fail_after_unmap: `mremap(addr + 3 * 4096, 4096, 4096, 0)` passed [got Bad address]


test_mremap_may_fail_after_unmap: `mremap(addr + 4 * 4096, 4096, 4096, 0)` passed [got Bad address]


test_mremap_may_fail_after_unmap: `munmap(addr, 5 * 4096)` passed [got Success]


test_mremap_may_fail_after_unmap summary: 12 tests passed, 0 tests failed


test_mmap_beyond_the_file: `open(filename, 0100 | 02, 0600)` passed [got Success]


test_mmap_beyond_the_file: `ftruncate(fd, 2 * 4096)` passed [got Success]


test_mmap_beyond_the_file: `mmap(((void *)0), 4 * 4096, 0x1 | 0x2, 0x01, fd, 0)` passed [got Success]


test_mmap_beyond_the_file: `addr[1 * 4096]` passed [got Success]


test_mmap_beyond_the_file: `munmap(addr, 4 * 4096)` passed [got Success]


test_mmap_beyond_the_file: `close(fd)` passed [got Success]


test_mmap_beyond_the_file: `unlink(filename)` passed [got Success]


test_mmap_beyond_the_file summary: 7 tests passed, 0 tests failed


test_overflow_len: `mmap(valid_addr, ~(size_t)1, 0x1, 0x02 | 0x20, 0, 0)` passed [got Cannot allocate memory]


test_overflow_len: `mmap(valid_addr, ~(size_t)1, 0x1, 0x02 | 0x20 | 0x10, 0, 0)` passed [got Cannot allocate memory]


test_overflow_len: `mremap(valid_addr, ~(size_t)1, 4096, 0)` passed [got Invalid argument]


test_overflow_len: `mremap(valid_addr, ~(size_t)1, 4096, 1)` passed [got Invalid argument]


test_overflow_len: `mremap(valid_addr, 4096, ~(size_t)1, 0)` passed [got Invalid argument]


test_overflow_len: `mremap(valid_addr, 4096, ~(size_t)1, 1)` passed [got Invalid argument]


test_overflow_len: `munmap(valid_addr, ~(size_t)1)` passed [got Invalid argument]


test_overflow_len: `mprotect(valid_addr, ~(size_t)1, 0x1)` passed [got Cannot allocate memory]


test_overflow_len: `madvise(valid_addr, ~(size_t)1, 0)` passed [got Invalid argument]


test_overflow_len: `msync(valid_addr, ~(size_t)1, 0)` passed [got Cannot allocate memory]


test_overflow_len summary: 10 tests passed, 0 tests failed


test_zero_len: `mmap(valid_addr, 0, 0x1, 0x02 | 0x20, 0, 0)` passed [got Invalid argument]


test_zero_len: `mmap(valid_addr, 0, 0x1, 0x02 | 0x20 | 0x10, 0, 0)` passed [got Invalid argument]


test_zero_len: `mremap(valid_addr, 0, 4096, 0)` passed [got Invalid argument]


test_zero_len: `mremap(valid_addr, 0, 4096, 1)` passed [got Invalid argument]


test_zero_len: `mremap(valid_addr, 4096, 0, 0)` passed [got Invalid argument]


test_zero_len: `mremap(valid_addr, 4096, 0, 1)` passed [got Invalid argument]


test_zero_len: `munmap(valid_addr, 0)` passed [got Invalid argument]


test_zero_len: `mprotect(valid_addr, 0, 0x1)` passed [got Success]


test_zero_len: `madvise(valid_addr, 0, 0)` passed [got Success]


test_zero_len: `msync(valid_addr, 0, 0)` passed [got Success]


test_zero_len summary: 10 tests passed, 0 tests failed


test_overflow_addr: `mmap(valid_addr, len, 0x1, 0x02 | 0x20, 0, 0)` passed [got Cannot allocate memory]


test_overflow_addr: `mmap(valid_addr, len, 0x1, 0x02 | 0x20 | 0x10, 0, 0)` passed [got Cannot allocate memory]


test_overflow_addr: `mremap(valid_addr, len, 4096, 0)` passed [got Invalid argument]


test_overflow_addr: `mremap(valid_addr, len, 4096, 1)` passed [got Invalid argument]


test_overflow_addr: `mremap(valid_addr, 4096, len, 0)` passed [got Invalid argument]


test_overflow_addr: `mremap(valid_addr, 4096, len, 1)` passed [got Cannot allocate memory]


test_overflow_addr: `munmap(valid_addr, len)` passed [got Invalid argument]


test_overflow_addr: `mprotect(valid_addr, len, 0x1)` passed [got Cannot allocate memory]


test_overflow_addr: `madvise(valid_addr, len, 0)` passed [got Invalid argument]


test_overflow_addr: `msync(valid_addr, len, 0)` passed [got Cannot allocate memory]


test_overflow_addr: `mmap(valid_addr, len, 0x1, 0x02 | 0x20, 0, 0)` passed [got Cannot allocate memory]


test_overflow_addr: `mmap(valid_addr, len, 0x1, 0x02 | 0x20 | 0x10, 0, 0)` passed [got Cannot allocate memory]


test_overflow_addr: `mremap(valid_addr, len, 4096, 0)` passed [got Invalid argument]


test_overflow_addr: `mremap(valid_addr, len, 4096, 1)` passed [got Invalid argument]


test_overflow_addr: `mremap(valid_addr, 4096, len, 0)` passed [got Invalid argument]


test_overflow_addr: `mremap(valid_addr, 4096, len, 1)` passed [got Cannot allocate memory]


test_overflow_addr: `munmap(valid_addr, len)` passed [got Invalid argument]


test_overflow_addr: `mprotect(valid_addr, len, 0x1)` passed [got Cannot allocate memory]


test_overflow_addr: `madvise(valid_addr, len, 0)` passed [got Invalid argument]


test_overflow_addr: `msync(valid_addr, len, 0)` passed [got Cannot allocate memory]


test_overflow_addr: `mmap(valid_addr, len, 0x1, 0x02 | 0x20, 0, 0)` passed [got Cannot allocate memory]


test_overflow_addr: `mmap(valid_addr, len, 0x1, 0x02 | 0x20 | 0x10, 0, 0)` passed [got Cannot allocate memory]


test_overflow_addr: `mremap(valid_addr, len, 4096, 0)` passed [got Invalid argument]


test_overflow_addr: `mremap(valid_addr, len, 4096, 1)` passed [got Invalid argument]


test_overflow_addr: `mremap(valid_addr, 4096, len, 0)` passed [got Invalid argument]


test_overflow_addr: `mremap(valid_addr, 4096, len, 1)` passed [got Cannot allocate memory]


test_overflow_addr: `munmap(valid_addr, len)` passed [got Invalid argument]


test_overflow_addr: `mprotect(valid_addr, len, 0x1)` passed [got Cannot allocate memory]


test_overflow_addr: `madvise(valid_addr, len, 0)` passed [got Invalid argument]


test_overflow_addr: `msync(valid_addr, len, 0)` passed [got Cannot allocate memory]


test_overflow_addr summary: 30 tests passed, 0 tests failed


test_underflow_addr: `mmap(addr, 4096, 0x1, 0x02 | 0x20, 0, 0)` passed [got Success]


test_underflow_addr: `munmap(addr2, 4096)` passed [got Success]


test_underflow_addr: `mmap(addr + 1, 4096, 0x1, 0x02 | 0x20, 0, 0)` passed [got Success]


test_underflow_addr: `munmap(addr2, 4096)` passed [got Success]


test_underflow_addr: `mmap(addr - 1, 4096, 0x1, 0x02 | 0x20, 0, 0)` passed [got Success]


test_underflow_addr: `munmap(addr2, 4096)` passed [got Success]


test_underflow_addr: `mmap(addr, 4096, 0x1, 0x02 | 0x20 | 0x10, 0, 0)` passed [got Operation not permitted]


test_underflow_addr: `mremap(addr, 4096, 4096, 0)` passed [got Bad address]


test_underflow_addr: `mremap(addr, 4096, 4096, 1)` passed [got Bad address]


test_underflow_addr: `mremap(valid_addr, 4096, 4096, 2, addr)` passed [got Invalid argument]


test_underflow_addr: `munmap(addr, 4096)` passed [got Success]


test_underflow_addr: `mprotect(addr, 4096, 0x1)` passed [got Cannot allocate memory]


test_underflow_addr: `madvise(addr, 4096, 0)` passed [got Cannot allocate memory]


test_underflow_addr: `msync(addr, 4096, 0)` passed [got Cannot allocate memory]


test_underflow_addr summary: 14 tests passed, 0 tests failed


test_unaligned_addr: `mmap(valid_addr + 1, 4096, 0x1, 0x02 | 0x20, 0, 0)` passed [got Success]


test_unaligned_addr: `munmap(addr, 4096)` passed [got Success]


test_unaligned_addr: `mmap(avail_addr + 1, 4096, 0x1, 0x02 | 0x20, 0, 0)` passed [got Success]


test_unaligned_addr: `munmap(addr, 4096)` passed [got Success]


test_unaligned_addr: `mmap(avail_addr + (4096 - 1), 4096, 0x1, 0x02 | 0x20, 0, 0)` passed [got Success]


test_unaligned_addr: `munmap(addr, 4096)` passed [got Success]


test_unaligned_addr: `mmap(valid_addr + 1, 4096, 0x1, 0x02 | 0x20 | 0x10, 0, 0)` passed [got Invalid argument]


test_unaligned_addr: `mremap(valid_addr + 1, 4096, 4096, 0)` passed [got Invalid argument]


test_unaligned_addr: `mremap(valid_addr + 1, 4096, 4096, 1)` passed [got Invalid argument]


test_unaligned_addr: `mremap(valid_addr, 4096, 4096, 2, valid_addr + 1)` passed [got Invalid argument]


test_unaligned_addr: `munmap(valid_addr + 1, 4096)` passed [got Invalid argument]


test_unaligned_addr: `mprotect(valid_addr + 1, 4096, 0x1)` passed [got Invalid argument]


test_unaligned_addr: `madvise(valid_addr + 1, 4096, 0)` passed [got Invalid argument]


test_unaligned_addr: `msync(valid_addr + 1, 4096, 0)` passed [got Invalid argument]


test_unaligned_addr summary: 14 tests passed, 0 tests failed


test_overflow_offset: `mmap(valid_addr, 4096 + i, 0x1, 0x02, fd, offset)` passed [got Value too large for defined data type]


test_overflow_offset: `mmap(valid_addr, 4096 * 2 + i, 0x1, 0x02, fd, offset)` passed [got Value too large for defined data type]


test_overflow_offset: `mmap(valid_addr, 4096 + i, 0x1, 0x02 | 0x20, fd, offset)` passed [got Success]


test_overflow_offset: `munmap(addr, 4096 + i)` passed [got Success]


test_overflow_offset: `mmap(valid_addr, 4096 * 2 + i, 0x1, 0x02 | 0x20, fd, offset)` passed [got Success]


test_overflow_offset: `munmap(addr, 4096 * 2 + i)` passed [got Success]


test_overflow_offset: `mmap(valid_addr, 4096 + i, 0x1, 0x02, fd, offset)` passed [got Value too large for defined data type]


test_overflow_offset: `mmap(valid_addr, 4096 * 2 + i, 0x1, 0x02, fd, offset)` passed [got Value too large for defined data type]


test_overflow_offset: `mmap(valid_addr, 4096 + i, 0x1, 0x02 | 0x20, fd, offset)` passed [got Success]


test_overflow_offset: `munmap(addr, 4096 + i)` passed [got Success]


test_overflow_offset: `mmap(valid_addr, 4096 * 2 + i, 0x1, 0x02 | 0x20, fd, offset)` passed [got Success]


test_overflow_offset: `munmap(addr, 4096 * 2 + i)` passed [got Success]


test_overflow_offset: `mmap(valid_addr, 4096 + i, 0x1, 0x02, fd, offset)` passed [got Value too large for defined data type]


test_overflow_offset: `mmap(valid_addr, 4096 * 2 + i, 0x1, 0x02, fd, offset)` passed [got Value too large for defined data type]


test_overflow_offset: `mmap(valid_addr, 4096 + i, 0x1, 0x02 | 0x20, fd, offset)` passed [got Success]


test_overflow_offset: `munmap(addr, 4096 + i)` passed [got Success]


test_overflow_offset: `mmap(valid_addr, 4096 * 2 + i, 0x1, 0x02 | 0x20, fd, offset)` passed [got Success]


test_overflow_offset: `munmap(addr, 4096 * 2 + i)` passed [got Success]


test_overflow_offset summary: 18 tests passed, 0 tests failed


test_unaligned_offset: `mmap(valid_addr, 4096, 0x1, 0x02 | 0x20, fd, 1)` passed [got Invalid argument]


test_unaligned_offset: `mmap(valid_addr, 4096, 0x1, 0x02 | 0x20, fd, 2048)` passed [got Invalid argument]


test_unaligned_offset summary: 2 tests passed, 0 tests failed


test_mmap_flags: `mmap(((void *)0), 4096, 0x1, 0x01 | 0x80000, fd, 0)` passed [got Success]


test_mmap_flags: `munmap(addr, 4096)` passed [got Success]


test_mmap_flags: `mmap(((void *)0), 4096, 0x1, 0x80000, fd, 0)` passed [got Invalid argument]


test_mmap_flags: `mmap(((void *)0), 4096, 0x1, 0x03 | 0x80000, fd, 0)` passed [got Operation not supported]


test_mmap_flags: `mmap(avail_addr, 4096, 0x1, 0x03 | 0x100000, fd, 0)` passed [got Operation not supported]


test_mmap_flags: `mmap(valid_addr, 4096, 0x1, 0x01 | 0x100000, fd, 0)` passed [got File exists]


test_mmap_flags summary: 6 tests passed, 0 tests failed


test_mprotect: `mprotect(start_addr + 4096, 4096 * 3, 0x1 | 0x2)` passed [got Cannot allocate memory]


test_mprotect: `start_addr[4096] = 12` passed [got Success]


test_mprotect: `mprotect(start_addr + 4096 * 2, 4096 * 2, 0x1 | 0x2)` passed [got Cannot allocate memory]


test_mprotect: `mprotect(start_addr + 4096 * 3, 4096, 0x1 | 0x2)` passed [got Success]


test_mprotect: `start_addr[4096 * 3] = 45` passed [got Success]


test_mprotect summary: 5 tests passed, 0 tests failed


test_madvise: `madvise(start_addr + 4096, 4096 * 3, 4)` passed [got Cannot allocate memory]


test_madvise: `start_addr[4096]` passed [got Success]


test_madvise: `start_addr[4096 * 3]` passed [got Success]


test_madvise summary: 3 tests passed, 0 tests failed


test_msync: `msync(start_addr + 4096, 4096 * 3, 0)` passed [got Cannot allocate memory]


test_msync: `msync(start_addr + 4096 * 2, 4096 * 2, 0)` passed [got Cannot allocate memory]


test_msync: `msync(start_addr + 4096 * 3, 4096, 0)` passed [got Success]


test_msync summary: 3 tests passed, 0 tests failed


test_mmap_readahead: `addr[i * 4096]` passed [got Success]


test_mmap_readahead: `addr[i * 4096]` passed [got Success]


test_mmap_readahead: `addr[i * 4096]` passed [got Success]


test_mmap_readahead: `addr[i * 4096]` passed [got Success]


test_mmap_readahead: `addr[i * 4096]` passed [got Success]


test_mmap_readahead: `addr[i * 4096]` passed [got Success]


test_mmap_readahead: `addr[i * 4096]` passed [got Success]


test_mmap_readahead: `addr[i * 4096]` passed [got Success]


test_mmap_readahead: `addr[i * 4096]` passed [got Success]


test_mmap_readahead: `addr[i * 4096]` passed [got Success]


test_mmap_readahead: `addr[i * 4096]` passed [got Success]


test_mmap_readahead: `addr[i * 4096]` passed [got Success]


test_mmap_readahead: `addr[i * 4096]` passed [got Success]


test_mmap_readahead: `addr[i * 4096]` passed [got Success]


test_mmap_readahead: `addr[i * 4096]` passed [got Success]


test_mmap_readahead: `addr[i * 4096]` passed [got Success]


test_mmap_readahead summary: 16 tests passed, 0 tests failed


Content written to the file successfully matches the expected content.


Temporary file removed successfully.


test_rss_anon: `mmap(((void *)0), (4096 * 1024), 0x1 | 0x2, 0x02 | 0x20, -1, 0)` passed [got Success]


test_rss_anon: `get_vm_rss_kb(anon)` passed [got Success]


test_rss_anon: `get_vm_rss_kb(anon)` passed [got Success]


test_rss_anon: `get_vm_rss_kb(file)` passed [got Success]


test_rss_anon: `get_vm_rss_kb(total)` passed [got Success]


test_rss_anon: `get_vm_rss_kb(anon)` passed [got Success]


test_rss_anon: `get_vm_rss_kb(file)` passed [got Success]


test_rss_anon: `get_vm_rss_kb(total)` passed [got Success]


test_rss_anon: `munmap(mem, (4096 * 1024))` passed [got Success]


test_rss_anon: `get_vm_rss_kb(anon)` passed [got Success]


test_rss_anon: `get_vm_rss_kb(file)` passed [got Success]


test_rss_anon: `get_vm_rss_kb(total)` passed [got Success]


test_rss_anon summary: 12 tests passed, 0 tests failed


test_rss_file: `open(filename, 0100 | 02, 0600)` passed [got Success]


test_rss_file: `ftruncate(fd, (4096 * 1024))` passed [got Success]


test_rss_file: `get_vm_rss_kb(anon)` passed [got Success]


test_rss_file: `get_vm_rss_kb(anon)` passed [got Success]


test_rss_file: `get_vm_rss_kb(file)` passed [got Success]


test_rss_file: `get_vm_rss_kb(total)` passed [got Success]


test_rss_file: `mmap(((void *)0), (4096 * 1024), 0x1 | 0x2, 0x02, fd, 0)` passed [got Success]


test_rss_file: `get_vm_rss_kb(anon)` passed [got Success]


test_rss_file: `get_vm_rss_kb(file)` passed [got Success]


test_rss_file: `get_vm_rss_kb(total)` passed [got Success]


test_rss_file: `get_vm_rss_kb(anon)` passed [got Success]


test_rss_file: `get_vm_rss_kb(file)` passed [got Success]


test_rss_file: `get_vm_rss_kb(total)` passed [got Success]


test_rss_file: `munmap(mem, (4096 * 1024))` passed [got Success]


test_rss_file: `get_vm_rss_kb(anon)` passed [got Success]


test_rss_file: `get_vm_rss_kb(file)` passed [got Success]


test_rss_file: `get_vm_rss_kb(total)` passed [got Success]


test_rss_file: `close(fd)` passed [got Success]


test_rss_file: `unlink(filename)` passed [got Success]


test_rss_file summary: 19 tests passed, 0 tests failed


All test in /test/memory passed.


Running test in /test/hello_world


hello world from hello_c!


hello world from hello_pie!


Hello, world


Hello, world


Hello, world


All test in /test/hello_world passed.


Running test in /test/io


test_epoll_add_del: `pipe(fildes)` passed [got Success]


test_epoll_add_del: `write(wfd, "", 1)` passed [got Success]


test_epoll_add_del: `epoll_create1(0)` passed [got Success]


test_epoll_add_del: `epoll_ctl(epfd, 1, rfd, &ev)` passed [got Success]


test_epoll_add_del: `epoll_wait(epfd, &ev, 1, 0)` passed [got Success]


test_epoll_add_del: `epoll_ctl(epfd, 2, rfd, ((void *)0))` passed [got Bad file descriptor]


test_epoll_add_del: `epoll_ctl(epfd, 2, rfd2, ((void *)0))` passed [got No such file or directory]


test_epoll_add_del: `pipe(fildes)` passed [got Success]


test_epoll_add_del: `epoll_ctl(epfd, 2, rfd, ((void *)0))` passed [got No such file or directory]


test_epoll_add_del: `epoll_ctl(epfd, 1, rfd, &ev)` passed [got Success]


test_epoll_add_del: `epoll_ctl(epfd, 2, rfd, ((void *)0))` passed [got Success]


test_epoll_add_del: `close(fildes[0])` passed [got Success]


test_epoll_add_del: `close(fildes[1])` passed [got Success]


test_epoll_add_del: `dup(rfd2)` passed [got Success]


test_epoll_add_del: `epoll_ctl(epfd, 2, rfd, ((void *)0))` passed [got Success]


test_epoll_add_del: `close(epfd)` passed [got Success]


test_epoll_add_del: `close(rfd)` passed [got Success]


test_epoll_add_del: `close(wfd)` passed [got Success]


test_epoll_add_del: `close(rfd2)` passed [got Success]


test_epoll_add_del summary: 19 tests passed, 0 tests failed


test_epoll_mod: `pipe(fildes)` passed [got Success]


test_epoll_mod: `write(wfd, "", 1)` passed [got Success]


test_epoll_mod: `epoll_create1(0)` passed [got Success]


test_epoll_mod: `epoll_ctl(epfd, 1, rfd, &ev)` passed [got Success]


test_epoll_mod: `epoll_wait(epfd, &ev, 1, 0)` passed [got Success]


test_epoll_mod: `epoll_ctl(epfd, 3, rfd, &ev)` passed [got Success]


test_epoll_mod: `epoll_wait(epfd, &ev, 1, 0)` passed [got Success]


test_epoll_mod: `read(rfd, buf, 1)` passed [got Success]


test_epoll_mod: `epoll_wait(epfd, &ev, 1, 0)` passed [got Success]


test_epoll_mod: `write(wfd, "", 1)` passed [got Success]


test_epoll_mod: `epoll_wait(epfd, &ev, 1, 0)` passed [got Success]


test_epoll_mod: `close(epfd)` passed [got Success]


test_epoll_mod: `close(rfd)` passed [got Success]


test_epoll_mod: `close(wfd)` passed [got Success]


test_epoll_mod summary: 14 tests passed, 0 tests failed


test_epoll_flags_et: `pipe(fildes)` passed [got Success]


test_epoll_flags_et: `epoll_create1(0)` passed [got Success]


test_epoll_flags_et: `epoll_ctl(epfd, 1, rfd, &ev)` passed [got Success]


test_epoll_flags_et: `write(wfd, "", 1)` passed [got Success]


test_epoll_flags_et: `epoll_wait(epfd, &ev, 1, 0)` passed [got Success]


test_epoll_flags_et: `epoll_wait(epfd, &ev, 1, 0)` passed [got Success]


test_epoll_flags_et: `write(wfd, "", 1)` passed [got Success]


test_epoll_flags_et: `epoll_wait(epfd, &ev, 1, 0)` passed [got Success]


test_epoll_flags_et: `close(epfd)` passed [got Success]


test_epoll_flags_et: `close(rfd)` passed [got Success]


test_epoll_flags_et: `close(wfd)` passed [got Success]


test_epoll_flags_et summary: 11 tests passed, 0 tests failed


test_epoll_flags_oneshot: `pipe(fildes)` passed [got Success]


test_epoll_flags_oneshot: `epoll_create1(0)` passed [got Success]


test_epoll_flags_oneshot: `epoll_ctl(epfd, 1, rfd, &ev)` passed [got Success]


test_epoll_flags_oneshot: `write(wfd, "", 1)` passed [got Success]


test_epoll_flags_oneshot: `epoll_wait(epfd, &ev, 1, 0)` passed [got Success]


test_epoll_flags_oneshot: `epoll_wait(epfd, &ev, 1, 0)` passed [got Success]


test_epoll_flags_oneshot: `write(wfd, "", 1)` passed [got Success]


test_epoll_flags_oneshot: `epoll_wait(epfd, &ev, 1, 0)` passed [got Success]


test_epoll_flags_oneshot: `epoll_ctl(epfd, 3, rfd, &ev)` passed [got Success]


test_epoll_flags_oneshot: `epoll_wait(epfd, &ev, 1, 0)` passed [got Success]


test_epoll_flags_oneshot: `close(epfd)` passed [got Success]


test_epoll_flags_oneshot: `close(rfd)` passed [got Success]


test_epoll_flags_oneshot: `close(wfd)` passed [got Success]


test_epoll_flags_oneshot summary: 13 tests passed, 0 tests failed


test_poll_nval: `pipe(fildes)` passed [got Success]


test_poll_nval: `write(wfd, "", 1)` passed [got Success]


test_poll_nval: `poll(fds, 3, 0)` passed [got Success]


test_poll_nval: `close(rfd)` passed [got Success]


test_poll_nval: `close(wfd)` passed [got Success]


test_poll_nval summary: 5 tests passed, 0 tests failed


test_select_bafd: `select(200, &rfds, ((void *)0), ((void *)0), ((void *)0))` passed [got Bad file descriptor]


test_select_bafd summary: 1 tests passed, 0 tests failed


test_poll_eintr: `pipe(fildes)` passed [got Success]


test_poll_eintr: `alarm(1)` passed [got Success]


test_poll_eintr: `poll(fds, 2, 2000)` passed [got Interrupted system call]


test_poll_eintr: `fds[0].revents` passed [got Success]


test_poll_eintr: `fds[1].revents` passed [got Success]


test_poll_eintr: `fds[0].fd` passed [got Success]


test_poll_eintr: `fds[1].fd` passed [got Success]


test_poll_eintr: `close(rfd)` passed [got Success]


test_poll_eintr: `close(wfd)` passed [got Success]


test_poll_eintr summary: 9 tests passed, 0 tests failed


test_select_eintr: `pipe(fildes)` passed [got Success]


test_select_eintr: `alarm(1)` passed [got Success]


test_select_eintr: `select(rfd + 1, &rfds, ((void *)0), ((void *)0), ((void *)0))` passed [got Interrupted system call]


test_select_eintr: `((((&rfds)->__fds_bits)[__extension__ ({ long int __d = (rfd); (__builtin_constant_p (__d) ? (0 <= __d && __d < 1024 ? (__d / (8 * (int) sizeof (__fd_mask))) : __fdelt_warn (__d)) : __fdelt_chk (__d)); })] & ((__fd_mask) (1UL << ((rfd) % (8 * (int) sizeof (__fd_mask)))))) != 0)` passed [got Success]


test_select_eintr: `close(rfd)` passed [got Success]


test_select_eintr: `close(wfd)` passed [got Success]


test_select_eintr summary: 6 tests passed, 0 tests failed


Start epoll_pwait test......


epoll_pwait PID: 425


Waiting for event on pipe, SIGUSR1 is blocked...


Sent SIGUSR1 to PID 425


SIGUSR1 handled


epoll_pwait returned successfully.


Received data: Message from child process


Test completed.


Child writing 11 to efd


Child writing 222 to efd


Child writing 3333 to efd


Child completed write loop


Parent about to read


Parent read 3566 (0xdee) from efd


test_readable: `open("/tmp/testfile", 00)` passed [got Success]


test_readable: `read(fd, buf, sizeof(buf))` passed [got Success]


test_readable: `write(fd, buf, sizeof(buf))` passed [got Bad file descriptor]


test_readable: `lseek(fd, 0, 0)` passed [got Success]


test_readable: `lseek(fd, 0, 2)` passed [got Success]


test_readable: `ioctl(fd, 0x5401)` passed [got Inappropriate ioctl for device]


test_readable: `ftruncate(fd, 1)` passed [got Invalid argument]


test_readable: `fallocate(fd, 0x01, 0, 1)` passed [got Bad file descriptor]


test_readable: `mmap(((void *)0), 4096, 0x1, 0x01, fd, 0)` passed [got Success]


test_readable: `munmap(addr, 4096)` passed [got Success]


test_readable: `mmap(((void *)0), 4096, 0x1 | 0x2, 0x01, fd, 0)` passed [got Permission denied]


test_readable: `flock(fd, 1)` passed [got Success]


test_readable: `flock(fd, 8)` passed [got Success]


test_readable: `flock(fd, 2)` passed [got Success]


test_readable: `flock(fd, 8)` passed [got Success]


test_readable: `fcntl(fd, 6, &f_rdlck)` passed [got Success]


test_readable: `fcntl(fd, 6, &f_unlck)` passed [got Success]


test_readable: `fcntl(fd, 6, &f_wrlck)` passed [got Bad file descriptor]


test_readable: `fcntl(fd, 6, &f_unlck)` passed [got Success]


test_readable: `fcntl(fd, 5, &f_rdlck)` passed [got Success]


test_readable: `fcntl(fd, 5, &f_wrlck)` passed [got Success]


test_readable: `poll(&pfd, 1, 0)` passed [got Success]


test_readable: `close(fd)` passed [got Success]


test_readable: `open("/tmp", 00)` passed [got Success]


test_readable: `read(fd, buf, sizeof(buf))` passed [got Is a directory]


test_readable: `write(fd, buf, sizeof(buf))` passed [got Bad file descriptor]


test_readable: `lseek(fd, 0, 0)` passed [got Success]


test_readable: `lseek(fd, 0, 2)` passed [got Invalid argument]


test_readable: `ioctl(fd, 0x5401)` passed [got Inappropriate ioctl for device]


test_readable: `ftruncate(fd, 1)` passed [got Invalid argument]


test_readable: `fallocate(fd, 0x01, 0, 1)` passed [got Bad file descriptor]


test_readable: `mmap(((void *)0), 4096, 0x1, 0x01, fd, 0)` passed [got No such device]


test_readable: `mmap(((void *)0), 4096, 0x1 | 0x2, 0x01, fd, 0)` passed [got Permission denied]


test_readable: `flock(fd, 1)` passed [got Success]


test_readable: `flock(fd, 8)` passed [got Success]


test_readable: `flock(fd, 2)` passed [got Success]


test_readable: `flock(fd, 8)` passed [got Success]


test_readable: `fcntl(fd, 6, &f_rdlck)` passed [got Success]


test_readable: `fcntl(fd, 6, &f_unlck)` passed [got Success]


test_readable: `fcntl(fd, 6, &f_wrlck)` passed [got Bad file descriptor]


test_readable: `fcntl(fd, 6, &f_unlck)` passed [got Success]


test_readable: `fcntl(fd, 5, &f_rdlck)` passed [got Success]


test_readable: `fcntl(fd, 5, &f_wrlck)` passed [got Success]


test_readable: `close(fd)` passed [got Success]


test_readable summary: 44 tests passed, 0 tests failed


test_writeable: `open("/tmp/testfile", 01)` passed [got Success]


test_writeable: `read(fd, buf, sizeof(buf))` passed [got Bad file descriptor]


test_writeable: `write(fd, buf, sizeof(buf))` passed [got Success]


test_writeable: `lseek(fd, 0, 0)` passed [got Success]


test_writeable: `lseek(fd, 0, 2)` passed [got Success]


test_writeable: `ioctl(fd, 0x5401)` passed [got Inappropriate ioctl for device]


test_writeable: `ftruncate(fd, 1)` passed [got Success]


test_writeable: `fallocate(fd, 0x01, 0, 1)` passed [got Success]


test_writeable: `mmap(((void *)0), 4096, 0x1, 0x01, fd, 0)` passed [got Permission denied]


test_writeable: `mmap(((void *)0), 4096, 0x1 | 0x2, 0x01, fd, 0)` passed [got Permission denied]


test_writeable: `flock(fd, 1)` passed [got Success]


test_writeable: `flock(fd, 8)` passed [got Success]


test_writeable: `flock(fd, 2)` passed [got Success]


test_writeable: `flock(fd, 8)` passed [got Success]


test_writeable: `fcntl(fd, 6, &f_rdlck)` passed [got Bad file descriptor]


test_writeable: `fcntl(fd, 6, &f_unlck)` passed [got Success]


test_writeable: `fcntl(fd, 6, &f_wrlck)` passed [got Success]


test_writeable: `fcntl(fd, 6, &f_unlck)` passed [got Success]


test_writeable: `fcntl(fd, 5, &f_rdlck)` passed [got Success]


test_writeable: `fcntl(fd, 5, &f_wrlck)` passed [got Success]


test_writeable: `poll(&pfd, 1, 0)` passed [got Success]


test_writeable: `close(fd)` passed [got Success]


test_writeable: `open("/tmp", 01)` passed [got Is a directory]


test_writeable: `open("/tmp", 02)` passed [got Is a directory]


test_writeable summary: 24 tests passed, 0 tests failed


test_path: `open("/tmp/testfile", 02 | 010000000)` passed [got Success]


test_path: `read(fd, buf, sizeof(buf))` passed [got Bad file descriptor]


test_path: `write(fd, buf, sizeof(buf))` passed [got Bad file descriptor]


test_path: `lseek(fd, 0, 0)` passed [got Bad file descriptor]


test_path: `lseek(fd, 0, 2)` passed [got Bad file descriptor]


test_path: `ioctl(fd, 0x5401)` passed [got Bad file descriptor]


test_path: `ftruncate(fd, 1)` passed [got Bad file descriptor]


test_path: `fallocate(fd, 0x01, 0, 1)` passed [got Bad file descriptor]


test_path: `pread(fd, buf, 0, 0)` passed [got Bad file descriptor]


test_path: `pread(fd, buf, 1, 0)` passed [got Bad file descriptor]


test_path: `pwrite(fd, buf, 0, 0)` passed [got Bad file descriptor]


test_path: `pwrite(fd, buf, 1, 0)` passed [got Bad file descriptor]


test_path: `syscall(295, fd, ((void *)0), 0, 0, 0)` passed [got Bad file descriptor]


test_path: `syscall(296, fd, ((void *)0), 0, 0, 0)` passed [got Bad file descriptor]


test_path: `syscall(295, fd, &empty_iov, 1, 0, 0)` passed [got Bad file descriptor]


test_path: `syscall(296, fd, &empty_iov, 1, 0, 0)` passed [got Bad file descriptor]


test_path: `syscall(295, fd, &single_byte_iov, 1, 0, 0)` passed [got Bad file descriptor]


test_path: `syscall(296, fd, &single_byte_iov, 1, 0, 0)` passed [got Bad file descriptor]


test_path: `mmap(((void *)0), 4096, 0x1, 0x01, fd, 0)` passed [got Bad file descriptor]


test_path: `mmap(((void *)0), 4096, 0x1 | 0x2, 0x01, fd, 0)` passed [got Permission denied]


test_path: `flock(fd, 1)` passed [got Bad file descriptor]


test_path: `flock(fd, 8)` passed [got Bad file descriptor]


test_path: `flock(fd, 2)` passed [got Bad file descriptor]


test_path: `flock(fd, 8)` passed [got Bad file descriptor]


test_path: `fcntl(fd, 6, &f_rdlck)` passed [got Bad file descriptor]


test_path: `fcntl(fd, 6, &f_unlck)` passed [got Bad file descriptor]


test_path: `fcntl(fd, 6, &f_wrlck)` passed [got Bad file descriptor]


test_path: `fcntl(fd, 6, &f_unlck)` passed [got Bad file descriptor]


test_path: `fcntl(fd, 5, &f_rdlck)` passed [got Bad file descriptor]


test_path: `fcntl(fd, 5, &f_wrlck)` passed [got Bad file descriptor]


test_path: `poll(&pfd, 1, 0)` passed [got Success]


test_path: `close(fd)` passed [got Success]


test_path: `open("/tmp", 02 | 010000000)` passed [got Success]


test_path: `read(fd, buf, sizeof(buf))` passed [got Bad file descriptor]


test_path: `write(fd, buf, sizeof(buf))` passed [got Bad file descriptor]


test_path: `lseek(fd, 0, 0)` passed [got Bad file descriptor]


test_path: `lseek(fd, 0, 2)` passed [got Bad file descriptor]


test_path: `ioctl(fd, 0x5401)` passed [got Bad file descriptor]


test_path: `ftruncate(fd, 1)` passed [got Bad file descriptor]


test_path: `fallocate(fd, 0x01, 0, 1)` passed [got Bad file descriptor]


test_path: `pread(fd, buf, 0, 0)` passed [got Bad file descriptor]


test_path: `pread(fd, buf, 1, 0)` passed [got Bad file descriptor]


test_path: `pwrite(fd, buf, 0, 0)` passed [got Bad file descriptor]


test_path: `pwrite(fd, buf, 1, 0)` passed [got Bad file descriptor]


test_path: `syscall(295, fd, ((void *)0), 0, 0, 0)` passed [got Bad file descriptor]


test_path: `syscall(296, fd, ((void *)0), 0, 0, 0)` passed [got Bad file descriptor]


test_path: `syscall(295, fd, &empty_iov, 1, 0, 0)` passed [got Bad file descriptor]


test_path: `syscall(296, fd, &empty_iov, 1, 0, 0)` passed [got Bad file descriptor]


test_path: `syscall(295, fd, &single_byte_iov, 1, 0, 0)` passed [got Bad file descriptor]


test_path: `syscall(296, fd, &single_byte_iov, 1, 0, 0)` passed [got Bad file descriptor]


test_path: `mmap(((void *)0), 4096, 0x1, 0x01, fd, 0)` passed [got Bad file descriptor]


test_path: `mmap(((void *)0), 4096, 0x1 | 0x2, 0x01, fd, 0)` passed [got Permission denied]


test_path: `flock(fd, 1)` passed [got Bad file descriptor]


test_path: `flock(fd, 8)` passed [got Bad file descriptor]


test_path: `flock(fd, 2)` passed [got Bad file descriptor]


test_path: `flock(fd, 8)` passed [got Bad file descriptor]


test_path: `fcntl(fd, 6, &f_rdlck)` passed [got Bad file descriptor]


test_path: `fcntl(fd, 6, &f_unlck)` passed [got Bad file descriptor]


test_path: `fcntl(fd, 6, &f_wrlck)` passed [got Bad file descriptor]


test_path: `fcntl(fd, 6, &f_unlck)` passed [got Bad file descriptor]


test_path: `fcntl(fd, 5, &f_rdlck)` passed [got Bad file descriptor]


test_path: `fcntl(fd, 5, &f_wrlck)` passed [got Bad file descriptor]


test_path: `close(fd)` passed [got Success]


test_path summary: 63 tests passed, 0 tests failed


test_flags: `open("/tmp/testfile", 01)` passed [got Success]


test_flags: `write(fd, "hello", 5)` passed [got Success]


test_flags: `close(fd)` passed [got Success]


test_flags: `open("/tmp/testfile", 01 | 010000000 | 01000)` passed [got Success]


test_flags: `close(fd)` passed [got Success]


test_flags: `open("/tmp/testfile", 00)` passed [got Success]


test_flags: `read(fd, buf, sizeof(buf))` passed [got Success]


test_flags: `close(fd)` passed [got Success]


test_flags: `open("/tmp/testfile", 00 | 01000)` passed [got Success]


test_flags: `read(fd, buf, sizeof(buf))` passed [got Success]


test_flags: `close(fd)` passed [got Success]


test_flags: `open("/tmp/file_does_not_exist", 010000000 | 0100, 0644)` passed [got No such file or directory]


test_flags summary: 12 tests passed, 0 tests failed


test_unlock_middle_range: `open("/tmp/fcntl_lock_regression", 02)` passed [got Success]


test_unlock_middle_range: `try_write_lock(fd, 0, 100)` passed [got Success]


test_unlock_middle_range: `unlock_range(fd, 20, 60)` passed [got Success]


test_unlock_middle_range: `child_try_write_lock(20, 60)` passed [got Success]


test_unlock_middle_range: `close(fd)` passed [got Success]


test_unlock_middle_range summary: 5 tests passed, 0 tests failed


test_close_dup_fd_releases_locks: `open("/tmp/fcntl_lock_regression", 02)` passed [got Success]


test_close_dup_fd_releases_locks: `dup(fd)` passed [got Success]


test_close_dup_fd_releases_locks: `try_write_lock(fd, 0, 100)` passed [got Success]


test_close_dup_fd_releases_locks: `close(duplicated_fd)` passed [got Success]


test_close_dup_fd_releases_locks: `child_try_write_lock(0, 100)` passed [got Success]


test_close_dup_fd_releases_locks: `close(fd)` passed [got Success]


test_close_dup_fd_releases_locks summary: 6 tests passed, 0 tests failed


test_dup_out_of_range: `dup2(fd, -1)` passed [got Bad file descriptor]


test_dup_out_of_range summary: 1 tests passed, 0 tests failed


test_dup_invalid_old_preserves_new: `dup2(-1, new_fd)` passed [got Bad file descriptor]


test_dup_invalid_old_preserves_new: `read(new_fd, buf, sizeof(buf))` passed [got Success]


test_dup_invalid_old_preserves_new: `syscall(292, -1, new_fd, 0)` passed [got Bad file descriptor]


test_dup_invalid_old_preserves_new: `read(new_fd, buf, sizeof(buf))` passed [got Success]


test_dup_invalid_old_preserves_new: `close(new_fd)` passed [got Success]


test_dup_invalid_old_preserves_new summary: 5 tests passed, 0 tests failed


test_flock_overflow: `fcntl(fd, 6, &fl)` passed [got Invalid argument]


test_flock_overflow: `fcntl(fd, 6, &fl)` passed [got Value too large for defined data type]


test_flock_overflow summary: 2 tests passed, 0 tests failed


test_ftruncate_large: `memfd_create("test_memfd", 0)` passed [got Success]


test_ftruncate_large: `ftruncate(memfd, ((off_t)1) << 50)` passed [got Success]


test_ftruncate_large: `ftruncate(memfd, 0)` passed [got Success]


test_ftruncate_large: `close(memfd)` passed [got Success]


test_ftruncate_large summary: 4 tests passed, 0 tests failed


test_readv: `open("/dev/zero", 00)` passed [got Success]


test_readv: `readv(fd, iov_long, 1024 - 1)` passed [got Success]


test_readv: `readv(fd, iov_long, 1024)` passed [got Success]


test_readv: `readv(fd, iov_long, 1024 + 1)` passed [got Invalid argument]


test_readv: `readv(fd, iov_inv, 1)` passed [got Success]


test_readv: `readv(fd, iov_inv, 2)` passed [got Invalid argument]


test_readv: `close(fd)` passed [got Success]


test_readv summary: 7 tests passed, 0 tests failed


test_writev: `open("/dev/null", 01)` passed [got Success]


test_writev: `writev(fd, iov_long, 1024 - 1)` passed [got Success]


test_writev: `writev(fd, iov_long, 1024)` passed [got Success]


test_writev: `writev(fd, iov_long, 1024 + 1)` passed [got Invalid argument]


test_writev: `writev(fd, iov_inv, 1)` passed [got Success]


test_writev: `writev(fd, iov_inv, 2)` passed [got Invalid argument]


test_writev: `close(fd)` passed [got Success]


test_writev summary: 7 tests passed, 0 tests failed


test_sendmsg_recvmsg: `socketpair(1, SOCK_SEQPACKET, 0, fds)` passed [got Success]


test_sendmsg_recvmsg: `({ msgh.msg_iov = iov_long; msgh.msg_iovlen = 1024 - 1; sendmsg(fds[0], &msgh, 0); })` passed [got Success]


test_sendmsg_recvmsg: `({ msgh.msg_iov = iov_long; msgh.msg_iovlen = 1024; sendmsg(fds[0], &msgh, 0); })` passed [got Success]


test_sendmsg_recvmsg: `({ msgh.msg_iov = iov_long; msgh.msg_iovlen = 1024 + 1; sendmsg(fds[0], &msgh, 0); })` passed [got Message too long]


test_sendmsg_recvmsg: `({ msgh.msg_iov = iov_long; msgh.msg_iovlen = 1024 - 1; recvmsg(fds[1], &msgh, 0); })` passed [got Success]


test_sendmsg_recvmsg: `({ msgh.msg_iov = iov_long; msgh.msg_iovlen = 1024; recvmsg(fds[1], &msgh, 0); })` passed [got Success]


test_sendmsg_recvmsg: `({ msgh.msg_iov = iov_long; msgh.msg_iovlen = 1024 + 1; recvmsg(fds[1], &msgh, 0); })` passed [got Message too long]


test_sendmsg_recvmsg: `({ msgh.msg_iov = iov_inv; msgh.msg_iovlen = 1; sendmsg(fds[0], &msgh, 0); })` passed [got Success]


test_sendmsg_recvmsg: `({ msgh.msg_iov = iov_inv; msgh.msg_iovlen = 2; sendmsg(fds[0], &msgh, 0); })` passed [got Invalid argument]


test_sendmsg_recvmsg: `({ msgh.msg_iov = iov_inv; msgh.msg_iovlen = 1; recvmsg(fds[1], &msgh, 0); })` passed [got Success]


test_sendmsg_recvmsg: `({ msgh.msg_iov = iov_inv; msgh.msg_iovlen = 2; recvmsg(fds[1], &msgh, 0); })` passed [got Invalid argument]


test_sendmsg_recvmsg: `close(fds[0])` passed [got Success]


test_sendmsg_recvmsg: `close(fds[1])` passed [got Success]


test_sendmsg_recvmsg summary: 13 tests passed, 0 tests failed


All test in /test/io passed.


Running test in /test/security


Process Pid: 436.


Process capabilities set successfully.


Process capabilities retrieved successfully.


Process has CAP_NET_RAW capability.


Process capabilities retrieved successfully.


Process has CAP_NET_ADMIN capability.


test_capget: `syscall(125, &caphdr, capdat)` passed [got Success]


test_capget: `capdat[0].effective | (((uint64_t)capdat[1].effective) << 32)` passed [got Success]


test_capget: `capdat[0].permitted | (((uint64_t)capdat[1].permitted) << 32)` passed [got Success]


test_capget: `capdat[0].inheritable | (((uint64_t)capdat[1].inheritable) << 32)` passed [got Success]


test_capget: `syscall(126, &caphdr, &capdat)` passed [got Success]


test_capget summary: 5 tests passed, 0 tests failed


test_capset_permitted: `syscall(126, &caphdr, &capdat)` passed [got Operation not permitted]


test_capset_permitted: `syscall(126, &caphdr, &capdat)` passed [got Success]


test_capset_permitted: `syscall(126, &caphdr, &capdat)` passed [got Operation not permitted]


test_capset_permitted summary: 3 tests passed, 0 tests failed


test_capset_inheritable: `syscall(126, &caphdr, &capdat)` passed [got Success]


test_capset_inheritable: `syscall(126, &caphdr, &capdat)` passed [got Success]


test_capset_inheritable: `syscall(126, &caphdr, &capdat)` passed [got Success]


test_capset_inheritable: `syscall(126, &caphdr, &capdat)` passed [got Success]


test_capset_inheritable: `syscall(126, &caphdr, &capdat)` passed [got Operation not permitted]


test_capset_inheritable: `syscall(126, &caphdr, &capdat)` passed [got Success]


test_capset_inheritable summary: 6 tests passed, 0 tests failed


test_rrr_gain_caps: `fork()` passed [got Success]


test_rrr_gain_caps: `fork()` passed [got Success]


test_check_caps: `syscall(125, &hdr, data)` passed [got Success]


test_check_caps: `data[0].effective | (((uint64_t)data[1].effective) << 32)` passed [got Success]


test_check_caps: `data[0].permitted | (((uint64_t)data[1].permitted) << 32)` passed [got Success]


test_check_caps: `data[0].inheritable | (((uint64_t)data[1].inheritable) << 32)` passed [got Success]


test_check_caps summary: 4 tests passed, 0 tests failed


test_rrr_gain_caps: `wait(&status)` passed [got Success]


test_rrr_gain_caps summary: 2 tests passed, 0 tests failed


test_rrn_gain_caps: `fork()` passed [got Success]


test_rrn_gain_caps: `fork()` passed [got Success]


test_check_caps: `syscall(125, &hdr, data)` passed [got Success]


test_check_caps: `data[0].effective | (((uint64_t)data[1].effective) << 32)` passed [got Success]


test_check_caps: `data[0].permitted | (((uint64_t)data[1].permitted) << 32)` passed [got Success]


test_check_caps: `data[0].inheritable | (((uint64_t)data[1].inheritable) << 32)` passed [got Success]


test_check_caps summary: 4 tests passed, 0 tests failed


test_rrn_gain_caps: `wait(&status)` passed [got Success]


test_rrn_gain_caps summary: 2 tests passed, 0 tests failed


test_nrr_gain_caps: `fork()` passed [got Success]


test_nrr_gain_caps: `fork()` passed [got Success]


test_check_caps: `syscall(125, &hdr, data)` passed [got Success]


test_check_caps: `data[0].effective | (((uint64_t)data[1].effective) << 32)` passed [got Success]


test_check_caps: `data[0].permitted | (((uint64_t)data[1].permitted) << 32)` passed [got Success]


test_check_caps: `data[0].inheritable | (((uint64_t)data[1].inheritable) << 32)` passed [got Success]


test_check_caps summary: 4 tests passed, 0 tests failed


test_nrr_gain_caps: `wait(&status)` passed [got Success]


test_nrr_gain_caps summary: 2 tests passed, 0 tests failed


test_nrn_gain_caps: `fork()` passed [got Success]


test_nrn_gain_caps: `fork()` passed [got Success]


test_check_caps: `syscall(125, &hdr, data)` passed [got Success]


test_check_caps: `data[0].effective | (((uint64_t)data[1].effective) << 32)` passed [got Success]


test_check_caps: `data[0].permitted | (((uint64_t)data[1].permitted) << 32)` passed [got Success]


test_check_caps: `data[0].inheritable | (((uint64_t)data[1].inheritable) << 32)` passed [got Success]


test_check_caps summary: 4 tests passed, 0 tests failed


test_nrn_gain_caps: `wait(&status)` passed [got Success]


test_nrn_gain_caps summary: 2 tests passed, 0 tests failed


test_rnr_no_gain_caps: `fork()` passed [got Success]


test_rnr_no_gain_caps: `fork()` passed [got Success]


test_check_caps: `syscall(125, &hdr, data)` passed [got Success]


test_check_caps: `data[0].effective | (((uint64_t)data[1].effective) << 32)` passed [got Success]


test_check_caps: `data[0].permitted | (((uint64_t)data[1].permitted) << 32)` passed [got Success]


test_check_caps: `data[0].inheritable | (((uint64_t)data[1].inheritable) << 32)` passed [got Success]


test_check_caps summary: 4 tests passed, 0 tests failed


test_rnr_no_gain_caps: `wait(&status)` passed [got Success]


test_rnr_no_gain_caps summary: 2 tests passed, 0 tests failed


test_rnn_no_gain_caps: `fork()` passed [got Success]


test_rnn_no_gain_caps: `fork()` passed [got Success]


test_check_caps: `syscall(125, &hdr, data)` passed [got Success]


test_check_caps: `data[0].effective | (((uint64_t)data[1].effective) << 32)` passed [got Success]


test_check_caps: `data[0].permitted | (((uint64_t)data[1].permitted) << 32)` passed [got Success]


test_check_caps: `data[0].inheritable | (((uint64_t)data[1].inheritable) << 32)` passed [got Success]


test_check_caps summary: 4 tests passed, 0 tests failed


test_rnn_no_gain_caps: `wait(&status)` passed [got Success]


test_rnn_no_gain_caps summary: 2 tests passed, 0 tests failed


test_nnr_no_gain_caps: `fork()` passed [got Success]


test_nnr_no_gain_caps: `fork()` passed [got Success]


test_check_caps: `syscall(125, &hdr, data)` passed [got Success]


test_check_caps: `data[0].effective | (((uint64_t)data[1].effective) << 32)` passed [got Success]


test_check_caps: `data[0].permitted | (((uint64_t)data[1].permitted) << 32)` passed [got Success]


test_check_caps: `data[0].inheritable | (((uint64_t)data[1].inheritable) << 32)` passed [got Success]


test_check_caps summary: 4 tests passed, 0 tests failed


test_nnr_no_gain_caps: `wait(&status)` passed [got Success]


test_nnr_no_gain_caps summary: 2 tests passed, 0 tests failed


test_nnn_no_gain_caps: `fork()` passed [got Success]


test_nnn_no_gain_caps: `fork()` passed [got Success]


test_check_caps: `syscall(125, &hdr, data)` passed [got Success]


test_check_caps: `data[0].effective | (((uint64_t)data[1].effective) << 32)` passed [got Success]


test_check_caps: `data[0].permitted | (((uint64_t)data[1].permitted) << 32)` passed [got Success]


test_check_caps: `data[0].inheritable | (((uint64_t)data[1].inheritable) << 32)` passed [got Success]


test_check_caps summary: 4 tests passed, 0 tests failed


test_nnn_no_gain_caps: `wait(&status)` passed [got Success]


test_nnn_no_gain_caps summary: 2 tests passed, 0 tests failed


test_rrr_no_lost_caps: `fork()` passed [got Success]


test_rrr_no_lost_caps: `fork()` passed [got Success]


test_check_caps: `syscall(125, &hdr, data)` passed [got Success]


test_check_caps: `data[0].effective | (((uint64_t)data[1].effective) << 32)` passed [got Success]


test_check_caps: `data[0].permitted | (((uint64_t)data[1].permitted) << 32)` passed [got Success]


test_check_caps: `data[0].inheritable | (((uint64_t)data[1].inheritable) << 32)` passed [got Success]


test_check_caps summary: 4 tests passed, 0 tests failed


test_rrr_no_lost_caps: `wait(&status)` passed [got Success]


test_rrr_no_lost_caps summary: 2 tests passed, 0 tests failed


test_rrn_no_lost_caps: `fork()` passed [got Success]


test_rrn_no_lost_caps: `fork()` passed [got Success]


test_check_caps: `syscall(125, &hdr, data)` passed [got Success]


test_check_caps: `data[0].effective | (((uint64_t)data[1].effective) << 32)` passed [got Success]


test_check_caps: `data[0].permitted | (((uint64_t)data[1].permitted) << 32)` passed [got Success]


test_check_caps: `data[0].inheritable | (((uint64_t)data[1].inheritable) << 32)` passed [got Success]


test_check_caps summary: 4 tests passed, 0 tests failed


test_rrn_no_lost_caps: `wait(&status)` passed [got Success]


test_rrn_no_lost_caps summary: 2 tests passed, 0 tests failed


test_nrr_no_lost_caps: `fork()` passed [got Success]


test_nrr_no_lost_caps: `fork()` passed [got Success]


test_check_caps: `syscall(125, &hdr, data)` passed [got Success]


test_check_caps: `data[0].effective | (((uint64_t)data[1].effective) << 32)` passed [got Success]


test_check_caps: `data[0].permitted | (((uint64_t)data[1].permitted) << 32)` passed [got Success]


test_check_caps: `data[0].inheritable | (((uint64_t)data[1].inheritable) << 32)` passed [got Success]


test_check_caps summary: 4 tests passed, 0 tests failed


test_nrr_no_lost_caps: `wait(&status)` passed [got Success]


test_nrr_no_lost_caps summary: 2 tests passed, 0 tests failed


test_nrn_no_lost_caps: `fork()` passed [got Success]


test_nrn_no_lost_caps: `fork()` passed [got Success]


test_check_caps: `syscall(125, &hdr, data)` passed [got Success]


test_check_caps: `data[0].effective | (((uint64_t)data[1].effective) << 32)` passed [got Success]


test_check_caps: `data[0].permitted | (((uint64_t)data[1].permitted) << 32)` passed [got Success]


test_check_caps: `data[0].inheritable | (((uint64_t)data[1].inheritable) << 32)` passed [got Success]


test_check_caps summary: 4 tests passed, 0 tests failed


test_nrn_no_lost_caps: `wait(&status)` passed [got Success]


test_nrn_no_lost_caps summary: 2 tests passed, 0 tests failed


test_rnr_lost_caps: `fork()` passed [got Success]


test_rnr_lost_caps: `fork()` passed [got Success]


test_check_caps: `syscall(125, &hdr, data)` passed [got Success]


test_check_caps: `data[0].effective | (((uint64_t)data[1].effective) << 32)` passed [got Success]


test_check_caps: `data[0].permitted | (((uint64_t)data[1].permitted) << 32)` passed [got Success]


test_check_caps: `data[0].inheritable | (((uint64_t)data[1].inheritable) << 32)` passed [got Success]


test_check_caps summary: 4 tests passed, 0 tests failed


test_rnr_lost_caps: `wait(&status)` passed [got Success]


test_rnr_lost_caps summary: 2 tests passed, 0 tests failed


test_rnn_lost_caps: `fork()` passed [got Success]


test_rnn_lost_caps: `fork()` passed [got Success]


test_check_caps: `syscall(125, &hdr, data)` passed [got Success]


test_check_caps: `data[0].effective | (((uint64_t)data[1].effective) << 32)` passed [got Success]


test_check_caps: `data[0].permitted | (((uint64_t)data[1].permitted) << 32)` passed [got Success]


test_check_caps: `data[0].inheritable | (((uint64_t)data[1].inheritable) << 32)` passed [got Success]


test_check_caps summary: 4 tests passed, 0 tests failed


test_rnn_lost_caps: `wait(&status)` passed [got Success]


test_rnn_lost_caps summary: 2 tests passed, 0 tests failed


test_nnr_lost_caps: `fork()` passed [got Success]


test_nnr_lost_caps: `fork()` passed [got Success]


test_check_caps: `syscall(125, &hdr, data)` passed [got Success]


test_check_caps: `data[0].effective | (((uint64_t)data[1].effective) << 32)` passed [got Success]


test_check_caps: `data[0].permitted | (((uint64_t)data[1].permitted) << 32)` passed [got Success]


test_check_caps: `data[0].inheritable | (((uint64_t)data[1].inheritable) << 32)` passed [got Success]


test_check_caps summary: 4 tests passed, 0 tests failed


test_nnr_lost_caps: `wait(&status)` passed [got Success]


test_nnr_lost_caps summary: 2 tests passed, 0 tests failed


test_nnn_lost_caps: `fork()` passed [got Success]


test_nnn_lost_caps: `fork()` passed [got Success]


test_check_caps: `syscall(125, &hdr, data)` passed [got Success]


test_check_caps: `data[0].effective | (((uint64_t)data[1].effective) << 32)` passed [got Success]


test_check_caps: `data[0].permitted | (((uint64_t)data[1].permitted) << 32)` passed [got Success]


test_check_caps: `data[0].inheritable | (((uint64_t)data[1].inheritable) << 32)` passed [got Success]


test_check_caps summary: 4 tests passed, 0 tests failed


test_nnn_lost_caps: `wait(&status)` passed [got Success]


test_nnn_lost_caps summary: 2 tests passed, 0 tests failed


test_cgroup_namespace_stays_thread_local: `read_self_cgroup_ns_inode(&main_before)` passed [got Success]


test_cgroup_namespace_stays_thread_local: `pthread_barrier_init(&probe.ready, ((void *)0), 2)` passed [got Success]


test_cgroup_namespace_stays_thread_local: `pthread_barrier_init(&probe.release, ((void *)0), 2)` passed [got Success]


test_cgroup_namespace_stays_thread_local: `pthread_create(&thread, ((void *)0), unshare_cgroup_ns_thread, &probe)` passed [got Success]


test_cgroup_namespace_stays_thread_local: `pthread_barrier_wait(&probe.ready)` passed [got Success]


test_cgroup_namespace_stays_thread_local: `read_self_cgroup_ns_inode(&main_after)` passed [got Success]


test_cgroup_namespace_stays_thread_local: `read_task_cgroup_ns_inode(probe.tid, &worker_ns)` passed [got Success]


test_cgroup_namespace_stays_thread_local: `pthread_barrier_wait(&probe.release)` passed [got Success]


test_cgroup_namespace_stays_thread_local: `pthread_join(thread, ((void *)0))` passed [got Success]


test_cgroup_namespace_stays_thread_local: `pthread_barrier_destroy(&probe.ready)` passed [got Success]


test_cgroup_namespace_stays_thread_local: `pthread_barrier_destroy(&probe.release)` passed [got Success]


test_cgroup_namespace_stays_thread_local summary: 11 tests passed, 0 tests failed


test_proc_cgroup_follows_callers_namespace: `move_pid_to_cgroup("/sys/fs/cgroup" "/cgns-base", getpid())` passed [got Success]


test_proc_cgroup_follows_callers_namespace: `check_proc_cgroup(sibling_child, "0::/cgns-sibling\n")` passed [got Success]


test_proc_cgroup_follows_callers_namespace: `check_proc_cgroup(getpid(), "0::/cgns-base\n")` passed [got Success]


test_proc_cgroup_follows_callers_namespace: `unshare(0x02000000)` passed [got Success]


test_proc_cgroup_follows_callers_namespace: `open("/proc/self/ns/cgroup", 00)` passed [got Success]


test_proc_cgroup_follows_callers_namespace: `check_proc_cgroup(sibling_child, "0::/../cgns-sibling\n")` passed [got Success]


test_proc_cgroup_follows_callers_namespace: `check_proc_cgroup(getpid(), "0::/\n")` passed [got Success]


test_proc_cgroup_follows_callers_namespace: `move_pid_to_cgroup("/sys/fs/cgroup" "/cgns-base" "/leaf", getpid())` passed [got Success]


test_proc_cgroup_follows_callers_namespace: `check_proc_cgroup(getpid(), "0::/leaf\n")` passed [got Success]


test_proc_cgroup_follows_callers_namespace: `setns(g_initial_cgroup_ns_fd, 0x02000000)` passed [got Success]


test_proc_cgroup_follows_callers_namespace: `move_pid_to_cgroup("/sys/fs/cgroup", getpid())` passed [got Success]


test_proc_cgroup_follows_callers_namespace: `check_proc_cgroup(getpid(), "0::/\n")` passed [got Success]


test_proc_cgroup_follows_callers_namespace: `setns(rooted_ns_fd, 0x02000000)` passed [got Success]


test_proc_cgroup_follows_callers_namespace: `check_proc_cgroup(getpid(), "0::/..\n")` passed [got Success]


test_proc_cgroup_follows_callers_namespace: `reset_self()` passed [got Success]


test_proc_cgroup_follows_callers_namespace: `close(rooted_ns_fd)` passed [got Success]


test_proc_cgroup_follows_callers_namespace summary: 16 tests passed, 0 tests failed


test_setns_revirtualizes_proc_cgroup: `move_pid_to_cgroup("/sys/fs/cgroup" "/cgns-base", getpid())` passed [got Success]


test_setns_revirtualizes_proc_cgroup: `check_proc_cgroup(getpid(), "0::/cgns-base\n")` passed [got Success]


test_setns_revirtualizes_proc_cgroup: `read_process_cgroup_ns_inode(child, &child_ns)` passed [got Success]


test_setns_revirtualizes_proc_cgroup: `syscall(434, child, 0)` passed [got Success]


test_setns_revirtualizes_proc_cgroup: `setns(pidfd, 0x02000000)` passed [got Success]


test_setns_revirtualizes_proc_cgroup: `read_self_cgroup_ns_inode(&joined_ns)` passed [got Success]


test_setns_revirtualizes_proc_cgroup: `check_proc_cgroup(getpid(), "0::/\n")` passed [got Success]


test_setns_revirtualizes_proc_cgroup: `reset_self()` passed [got Success]


test_setns_revirtualizes_proc_cgroup: `close(pidfd)` passed [got Success]


test_setns_revirtualizes_proc_cgroup summary: 9 tests passed, 0 tests failed


test_cgroup_mount_starts_at_namespace_root: `move_pid_to_cgroup("/sys/fs/cgroup" "/cgns-base", getpid())` passed [got Success]


test_cgroup_mount_starts_at_namespace_root: `unshare(0x02000000)` passed [got Success]


test_cgroup_mount_starts_at_namespace_root: `unshare(0x00020000)` passed [got Success]


test_cgroup_mount_starts_at_namespace_root: `mount("none", "/tmp/cgns-mnt", "cgroup2", 0, ((void *)0))` passed [got Success]


test_cgroup_mount_starts_at_namespace_root: `check_mount_root("/tmp/cgns-mnt", "/")` passed [got Success]


test_cgroup_mount_starts_at_namespace_root: `access("/tmp/cgns-mnt" "/leaf", 0)` passed [got Success]


test_cgroup_mount_starts_at_namespace_root: `access("/tmp/cgns-mnt" "/cgns-sibling", 0)` passed [got No such file or directory]


test_cgroup_mount_starts_at_namespace_root: `umount("/tmp/cgns-mnt")` passed [got Success]


test_cgroup_mount_starts_at_namespace_root: `reset_self()` passed [got Success]


test_cgroup_mount_starts_at_namespace_root summary: 9 tests passed, 0 tests failed


test_sem_shared_in_same_ipc_ns: `create_sem(key)` passed [got Success]


test_sem_shared_in_same_ipc_ns: `set_sem_val(semid, 10)` passed [got Success]


test_sem_shared_in_same_ipc_ns: `fork()` passed [got Success]


test_sem_shared_in_same_ipc_ns: `fork()` passed [got Success]


test_sem_shared_in_same_ipc_ns: `waitpid(pid, &status, 0)` passed [got Success]


test_sem_shared_in_same_ipc_ns: `get_sem_val(semid)` passed [got Success]


test_sem_shared_in_same_ipc_ns: `remove_sem(semid)` passed [got Success]


test_sem_shared_in_same_ipc_ns summary: 6 tests passed, 0 tests failed


test_sem_isolation_via_unshare: `create_sem(parent_key)` passed [got Success]


test_sem_isolation_via_unshare: `set_sem_val(parent_semid, 42)` passed [got Success]


test_sem_isolation_via_unshare: `fork()` passed [got Success]


test_sem_isolation_via_unshare: `fork()` passed [got Success]


test_sem_isolation_via_unshare: `waitpid(pid, &status, 0)` passed [got Success]


test_sem_isolation_via_unshare: `get_sem(child_key)` passed [got No such file or directory]


test_sem_isolation_via_unshare: `get_sem_val(parent_semid)` passed [got Success]


test_sem_isolation_via_unshare: `remove_sem(parent_semid)` passed [got Success]


test_sem_isolation_via_unshare summary: 7 tests passed, 0 tests failed


test_sem_isolation_via_clone: `create_sem(parent_key)` passed [got Success]


test_sem_isolation_via_clone: `set_sem_val(parent_semid, 55)` passed [got Success]


test_sem_isolation_via_clone: `clone(clone_newipc_child_fn, stack_top, 0x08000000 | 17, &parent_key)` passed [got Success]


test_sem_isolation_via_clone: `waitpid(pid, &status, 0)` passed [got Success]


test_sem_isolation_via_clone: `get_sem_val(parent_semid)` passed [got Success]


test_sem_isolation_via_clone: `get_sem(child_key)` passed [got No such file or directory]


test_sem_isolation_via_clone: `remove_sem(parent_semid)` passed [got Success]


test_sem_isolation_via_clone summary: 7 tests passed, 0 tests failed


test_sem_same_key_across_namespaces: `clone(clone_independent_child_fn, stack1_top, 0x08000000 | 17, &shared_key)` passed [got Success]


test_sem_same_key_across_namespaces: `clone(clone_independent_child_fn, stack2_top, 0x08000000 | 17, &shared_key)` passed [got Success]


test_sem_same_key_across_namespaces: `waitpid(pid1, &status, 0)` passed [got Success]


test_sem_same_key_across_namespaces: `waitpid(pid2, &status, 0)` passed [got Success]


test_sem_same_key_across_namespaces summary: 4 tests passed, 0 tests failed


test_sem_operations_in_new_ipc_ns: `clone(clone_semop_child_fn, stack_top, 0x08000000 | 17, ((void *)0))` passed [got Success]


test_sem_operations_in_new_ipc_ns: `waitpid(pid, &status, 0)` passed [got Success]


test_sem_operations_in_new_ipc_ns summary: 2 tests passed, 0 tests failed


test_sem_parent_namespace_unaffected_on_child_ns_exit: `create_sem(parent_key)` passed [got Success]


test_sem_parent_namespace_unaffected_on_child_ns_exit: `set_sem_val(parent_semid, 100)` passed [got Success]


test_sem_parent_namespace_unaffected_on_child_ns_exit: `fork()` passed [got Success]


test_sem_parent_namespace_unaffected_on_child_ns_exit: `fork()` passed [got Success]


test_sem_parent_namespace_unaffected_on_child_ns_exit: `waitpid(pid, &status, 0)` passed [got Success]


test_sem_parent_namespace_unaffected_on_child_ns_exit: `get_sem_val(parent_semid)` passed [got Success]


test_sem_parent_namespace_unaffected_on_child_ns_exit: `remove_sem(parent_semid)` passed [got Success]


test_sem_parent_namespace_unaffected_on_child_ns_exit summary: 6 tests passed, 0 tests failed


test_unshare_newns: `access("/mnt/unshare_test" "/child.txt", 0)` passed [got No such file or directory]


test_unshare_newns: `fork()` passed [got Success]


test_unshare_newns: `fork()` passed [got Success]


test_unshare_newns: `waitpid(pid, &status, 0)` passed [got Success]


test_unshare_newns: `(((status) & 0x7f) == 0) && (((status) & 0xff00) >> 8)` passed [got Success]


test_unshare_newns: `access("/mnt/unshare_test" "/child.txt", 0)` passed [got No such file or directory]


test_unshare_newns: `rmdir("/mnt/unshare_test")` passed [got Success]


test_unshare_newns summary: 6 tests passed, 0 tests failed


test_clone_newns: `mount("ramfs_parent", "/mnt/clone_parent", "ramfs", 0, "")` passed [got Success]


test_clone_newns: `open("/mnt/clone_parent" "/parent.txt", 0100 | 01, 0644)` passed [got Success]


test_clone_newns: `close(fd)` passed [got Success]


test_clone_newns: `clone(clone_child_fn, stack_top, 0x00020000 | 17, ((void *)0))` passed [got Success]


test_clone_newns: `waitpid(pid, &status, 0)` passed [got Success]


test_clone_newns: `(((status) & 0x7f) == 0) && (((status) & 0xff00) >> 8)` passed [got Success]


test_clone_newns: `access("/mnt/clone_parent" "/parent.txt", 0)` passed [got Success]


test_clone_newns: `access("/mnt/clone_child" "/child.txt", 0)` passed [got No such file or directory]


test_clone_newns: `umount("/mnt/clone_parent")` passed [got Success]


test_clone_newns: `rmdir("/mnt/clone_parent")` passed [got Success]


test_clone_newns: `rmdir("/mnt/clone_child")` passed [got Success]


test_clone_newns summary: 11 tests passed, 0 tests failed


test_setns_newns: `pipe(pipefd)` passed [got Success]


test_setns_newns: `fork()` passed [got Success]


test_setns_newns: `fork()` passed [got Success]


test_setns_newns: `read(pipefd[0], &buf, 1)` passed [got Success]


test_setns_newns: `syscall(434, child_pid, 0)` passed [got Success]


test_setns_newns: `chdir("/mnt")` passed [got Success]


test_setns_newns: `setns(pid_fd, 0x04000000)` passed [got Success]


test_setns_newns: `getcwd(buf, sizeof(buf))` passed [got Success]


test_setns_newns: `setns(pid_fd, 0x00020000)` passed [got Success]


test_setns_newns: `getcwd(buf, sizeof(buf))` passed [got Success]


test_setns_newns: `close(pid_fd)` passed [got Success]


test_setns_newns: `access("/mnt/setns_target" "/target.txt", 0)` passed [got Success]


test_setns_newns: `kill(child_pid, 9)` passed [got Success]


test_setns_newns: `waitpid(child_pid, ((void *)0), 0)` passed [got Success]


test_setns_newns: `umount("/mnt/setns_target")` passed [got Success]


test_setns_newns: `rmdir("/mnt/setns_target")` passed [got Success]


test_setns_newns summary: 15 tests passed, 0 tests failed


test_complex_mount_tree_unshare: `mount("none", "/test0", "tmpfs", 0, "")` passed [got Success]


test_complex_mount_tree_unshare: `mount("none", "/test0", "tmpfs", 0, "")` passed [got Success]


test_complex_mount_tree_unshare: `mkdir("/test0/content", 0755)` passed [got Success]


test_complex_mount_tree_unshare: `mount("none", "/test0/content", "tmpfs", 0, "")` passed [got Success]


test_complex_mount_tree_unshare: `open("/test0/content/hello.txt", 0100 | 01, 0644)` passed [got Success]


test_complex_mount_tree_unshare: `write(fd, "hello world\n", 12)` passed [got Success]


test_complex_mount_tree_unshare: `close(fd)` passed [got Success]


test_complex_mount_tree_unshare: `access("/test0/content/hello.txt", 0)` passed [got Success]


test_complex_mount_tree_unshare: `fork()` passed [got Success]


test_complex_mount_tree_unshare: `fork()` passed [got Success]


test_complex_mount_tree_unshare: `unshare(0x00020000)` passed [got Success]


test_complex_mount_tree_unshare: `read(fd, buf, sizeof(buf) - 1)` passed [got Success]


test_complex_mount_tree_unshare: `close(fd)` passed [got Success]


test_complex_mount_tree_unshare: `access("/test0/content", 0)` passed [got Success]


test_complex_mount_tree_unshare: `access("/test0", 0)` passed [got Success]


test_complex_mount_tree_unshare: `waitpid(pid, &status, 0)` passed [got Success]


test_complex_mount_tree_unshare: `(((status) & 0x7f) == 0) && (((status) & 0xff00) >> 8)` passed [got Success]


test_complex_mount_tree_unshare: `access("/test0/content/hello.txt", 0)` passed [got Success]


test_complex_mount_tree_unshare: `umount("/test0/content")` passed [got Success]


test_complex_mount_tree_unshare: `rmdir("/test0/content")` passed [got Success]


test_complex_mount_tree_unshare: `umount("/test0")` passed [got Success]


test_complex_mount_tree_unshare: `umount("/test0")` passed [got Success]


test_complex_mount_tree_unshare: `rmdir("/test0")` passed [got Success]


test_complex_mount_tree_unshare summary: 17 tests passed, 0 tests failed


test_common_fs_operations: `open(path, 02)` passed [got Operation not permitted]


test_common_fs_operations: `open(path, 01)` passed [got Operation not permitted]


test_common_fs_operations: `open(path, 00)` passed [got Success]


test_common_fs_operations: `read(nsfd, buf, 1)` passed [got Invalid argument]


test_common_fs_operations: `write(nsfd, buf, 1)` passed [got Bad file descriptor]


test_common_fs_operations: `pread(nsfd, buf, 0, 0)` passed [got Invalid argument]


test_common_fs_operations: `pread(nsfd, buf, 1, 0)` passed [got Invalid argument]


test_common_fs_operations: `poll(&pfd, 1, -1)` passed [got Success]


test_common_fs_operations: `fstat64(nsfd, &st)` passed [got Success]


test_common_fs_operations: `lseek64(nsfd, 0, 0)` passed [got Illegal seek]


test_common_fs_operations: `close(nsfd)` passed [got Success]


test_common_fs_operations: `open(path, 02)` passed [got Operation not permitted]


test_common_fs_operations: `open(path, 01)` passed [got Operation not permitted]


test_common_fs_operations: `open(path, 00)` passed [got Success]


test_common_fs_operations: `read(nsfd, buf, 1)` passed [got Invalid argument]


test_common_fs_operations: `write(nsfd, buf, 1)` passed [got Bad file descriptor]


test_common_fs_operations: `pread(nsfd, buf, 0, 0)` passed [got Invalid argument]


test_common_fs_operations: `pread(nsfd, buf, 1, 0)` passed [got Invalid argument]


test_common_fs_operations: `poll(&pfd, 1, -1)` passed [got Success]


test_common_fs_operations: `fstat64(nsfd, &st)` passed [got Success]


test_common_fs_operations: `lseek64(nsfd, 0, 0)` passed [got Illegal seek]


test_common_fs_operations: `close(nsfd)` passed [got Success]


test_common_fs_operations: `open(path, 02)` passed [got Operation not permitted]


test_common_fs_operations: `open(path, 01)` passed [got Operation not permitted]


test_common_fs_operations: `open(path, 00)` passed [got Success]


test_common_fs_operations: `read(nsfd, buf, 1)` passed [got Invalid argument]


test_common_fs_operations: `write(nsfd, buf, 1)` passed [got Bad file descriptor]


test_common_fs_operations: `pread(nsfd, buf, 0, 0)` passed [got Invalid argument]


test_common_fs_operations: `pread(nsfd, buf, 1, 0)` passed [got Invalid argument]


test_common_fs_operations: `poll(&pfd, 1, -1)` passed [got Success]


test_common_fs_operations: `fstat64(nsfd, &st)` passed [got Success]


test_common_fs_operations: `lseek64(nsfd, 0, 0)` passed [got Illegal seek]


test_common_fs_operations: `close(nsfd)` passed [got Success]


test_common_fs_operations: `open(path, 02)` passed [got Operation not permitted]


test_common_fs_operations: `open(path, 01)` passed [got Operation not permitted]


test_common_fs_operations: `open(path, 00)` passed [got Success]


test_common_fs_operations: `read(nsfd, buf, 1)` passed [got Invalid argument]


test_common_fs_operations: `write(nsfd, buf, 1)` passed [got Bad file descriptor]


test_common_fs_operations: `pread(nsfd, buf, 0, 0)` passed [got Invalid argument]


test_common_fs_operations: `pread(nsfd, buf, 1, 0)` passed [got Invalid argument]


test_common_fs_operations: `poll(&pfd, 1, -1)` passed [got Success]


test_common_fs_operations: `fstat64(nsfd, &st)` passed [got Success]


test_common_fs_operations: `lseek64(nsfd, 0, 0)` passed [got Illegal seek]


test_common_fs_operations: `close(nsfd)` passed [got Success]


test_common_fs_operations: `open(path, 02)` passed [got Operation not permitted]


test_common_fs_operations: `open(path, 01)` passed [got Operation not permitted]


test_common_fs_operations: `open(path, 00)` passed [got Success]


test_common_fs_operations: `read(nsfd, buf, 1)` passed [got Invalid argument]


test_common_fs_operations: `write(nsfd, buf, 1)` passed [got Bad file descriptor]


test_common_fs_operations: `pread(nsfd, buf, 0, 0)` passed [got Invalid argument]


test_common_fs_operations: `pread(nsfd, buf, 1, 0)` passed [got Invalid argument]


test_common_fs_operations: `poll(&pfd, 1, -1)` passed [got Success]


test_common_fs_operations: `fstat64(nsfd, &st)` passed [got Success]


test_common_fs_operations: `lseek64(nsfd, 0, 0)` passed [got Illegal seek]


test_common_fs_operations: `close(nsfd)` passed [got Success]


test_common_fs_operations summary: 55 tests passed, 0 tests failed


test_readlink: `open(path, 00)` passed [got Success]


test_readlink: `fstat(nsfd, &st)` passed [got Success]


test_readlink: `close(nsfd)` passed [got Success]


test_readlink: `readlink(path, link, sizeof(link) - 1)` passed [got Success]


test_readlink: `open(path, 00)` passed [got Success]


test_readlink: `fstat(nsfd, &st)` passed [got Success]


test_readlink: `close(nsfd)` passed [got Success]


test_readlink: `readlink(path, link, sizeof(link) - 1)` passed [got Success]


test_readlink: `open(path, 00)` passed [got Success]


test_readlink: `fstat(nsfd, &st)` passed [got Success]


test_readlink: `close(nsfd)` passed [got Success]


test_readlink: `readlink(path, link, sizeof(link) - 1)` passed [got Success]


test_readlink: `open(path, 00)` passed [got Success]


test_readlink: `fstat(nsfd, &st)` passed [got Success]


test_readlink: `close(nsfd)` passed [got Success]


test_readlink: `readlink(path, link, sizeof(link) - 1)` passed [got Success]


test_readlink: `open(path, 00)` passed [got Success]


test_readlink: `fstat(nsfd, &st)` passed [got Success]


test_readlink: `close(nsfd)` passed [got Success]


test_readlink: `readlink(path, link, sizeof(link) - 1)` passed [got Success]


test_readlink summary: 20 tests passed, 0 tests failed


test_zombie_process: `pid >= 0` passed [got Success]


test_zombie_process: `pid >= 0` passed [got Success]


test_zombie_process: `waitid(P_PID, pid, ((void *)0), 0x01000000 | 4)` passed [got Success]


test_zombie_process: `open(path, 00)` passed [got No such file or directory]


test_zombie_process: `open(path, 00)` passed [got No such file or directory]


test_zombie_process: `open(path, 00)` passed [got No such file or directory]


test_zombie_process: `readlink(path, link, sizeof(link) - 1)` passed [got Success]


test_zombie_process: `open(path, 00)` passed [got Success]


test_zombie_process: `close(nsfd)` passed [got Success]


test_zombie_process: `open(path, 00)` passed [got No such file or directory]


test_zombie_process: `waitpid(pid, ((void *)0), 0)` passed [got Success]


test_zombie_process summary: 10 tests passed, 0 tests failed


test_ioctl: `open(path, 00)` passed [got Success]


test_ioctl: `ioctl(nsfd, (((0U) << (((0+8)+8)+14)) | (((0xb7)) << (0+8)) | (((0x1)) << 0) | ((0) << ((0+8)+8))))` passed [got Success]


test_ioctl: `close(userns_fd)` passed [got Success]


test_ioctl: `ioctl(nsfd, (((0U) << (((0+8)+8)+14)) | (((0xb7)) << (0+8)) | (((0x2)) << 0) | ((0) << ((0+8)+8))))` passed [got Invalid argument]


test_ioctl: `ioctl(nsfd, (((0U) << (((0+8)+8)+14)) | (((0xb7)) << (0+8)) | (((0x3)) << 0) | ((0) << ((0+8)+8))))` passed [got Success]


test_ioctl: `ioctl(nsfd, (((0U) << (((0+8)+8)+14)) | (((0xb7)) << (0+8)) | (((0x4)) << 0) | ((0) << ((0+8)+8))))` passed [got Invalid argument]


test_ioctl: `close(nsfd)` passed [got Success]


test_ioctl: `open(path, 00)` passed [got Success]


test_ioctl: `ioctl(nsfd, (((0U) << (((0+8)+8)+14)) | (((0xb7)) << (0+8)) | (((0x1)) << 0) | ((0) << ((0+8)+8))))` passed [got Success]


test_ioctl: `close(userns_fd)` passed [got Success]


test_ioctl: `ioctl(nsfd, (((0U) << (((0+8)+8)+14)) | (((0xb7)) << (0+8)) | (((0x2)) << 0) | ((0) << ((0+8)+8))))` passed [got Invalid argument]


test_ioctl: `ioctl(nsfd, (((0U) << (((0+8)+8)+14)) | (((0xb7)) << (0+8)) | (((0x3)) << 0) | ((0) << ((0+8)+8))))` passed [got Success]


test_ioctl: `ioctl(nsfd, (((0U) << (((0+8)+8)+14)) | (((0xb7)) << (0+8)) | (((0x4)) << 0) | ((0) << ((0+8)+8))))` passed [got Invalid argument]


test_ioctl: `close(nsfd)` passed [got Success]


test_ioctl: `open(path, 00)` passed [got Success]


test_ioctl: `ioctl(nsfd, (((0U) << (((0+8)+8)+14)) | (((0xb7)) << (0+8)) | (((0x1)) << 0) | ((0) << ((0+8)+8))))` passed [got Success]


test_ioctl: `close(userns_fd)` passed [got Success]


test_ioctl: `ioctl(nsfd, (((0U) << (((0+8)+8)+14)) | (((0xb7)) << (0+8)) | (((0x2)) << 0) | ((0) << ((0+8)+8))))` passed [got Invalid argument]


test_ioctl: `ioctl(nsfd, (((0U) << (((0+8)+8)+14)) | (((0xb7)) << (0+8)) | (((0x3)) << 0) | ((0) << ((0+8)+8))))` passed [got Success]


test_ioctl: `ioctl(nsfd, (((0U) << (((0+8)+8)+14)) | (((0xb7)) << (0+8)) | (((0x4)) << 0) | ((0) << ((0+8)+8))))` passed [got Invalid argument]


test_ioctl: `close(nsfd)` passed [got Success]


test_ioctl: `open(path, 00)` passed [got Success]


test_ioctl: `ioctl(nsfd, (((0U) << (((0+8)+8)+14)) | (((0xb7)) << (0+8)) | (((0x1)) << 0) | ((0) << ((0+8)+8))))` passed [got Operation not permitted]


test_ioctl: `ioctl(nsfd, (((0U) << (((0+8)+8)+14)) | (((0xb7)) << (0+8)) | (((0x2)) << 0) | ((0) << ((0+8)+8))))` passed [got Operation not permitted]


test_ioctl: `ioctl(nsfd, (((0U) << (((0+8)+8)+14)) | (((0xb7)) << (0+8)) | (((0x3)) << 0) | ((0) << ((0+8)+8))))` passed [got Success]


test_ioctl: `ioctl(nsfd, (((0U) << (((0+8)+8)+14)) | (((0xb7)) << (0+8)) | (((0x4)) << 0) | ((0) << ((0+8)+8))), 0)` passed [got Bad address]


test_ioctl: `ioctl(nsfd, (((0U) << (((0+8)+8)+14)) | (((0xb7)) << (0+8)) | (((0x4)) << 0) | ((0) << ((0+8)+8))), &uid)` passed [got Success]


test_ioctl: `close(nsfd)` passed [got Success]


test_ioctl: `open(path, 00)` passed [got Success]


test_ioctl: `ioctl(nsfd, (((0U) << (((0+8)+8)+14)) | (((0xb7)) << (0+8)) | (((0x1)) << 0) | ((0) << ((0+8)+8))))` passed [got Success]


test_ioctl: `close(userns_fd)` passed [got Success]


test_ioctl: `ioctl(nsfd, (((0U) << (((0+8)+8)+14)) | (((0xb7)) << (0+8)) | (((0x2)) << 0) | ((0) << ((0+8)+8))))` passed [got Invalid argument]


test_ioctl: `ioctl(nsfd, (((0U) << (((0+8)+8)+14)) | (((0xb7)) << (0+8)) | (((0x3)) << 0) | ((0) << ((0+8)+8))))` passed [got Success]


test_ioctl: `ioctl(nsfd, (((0U) << (((0+8)+8)+14)) | (((0xb7)) << (0+8)) | (((0x4)) << 0) | ((0) << ((0+8)+8))))` passed [got Invalid argument]


test_ioctl: `close(nsfd)` passed [got Success]


test_ioctl summary: 35 tests passed, 0 tests failed


test_setns: `open(path, 00)` passed [got Success]


test_setns: `setns(nsfd, 0)` passed [got Success]


test_setns: `close(nsfd)` passed [got Success]


test_setns: `open(path, 00)` passed [got Success]


test_setns: `setns(nsfd, 0)` passed [got Success]


test_setns: `close(nsfd)` passed [got Success]


test_setns: `open(path, 00)` passed [got Success]


test_setns: `setns(nsfd, 0)` passed [got Success]


test_setns: `close(nsfd)` passed [got Success]


test_setns: `open(path, 00)` passed [got Success]


test_setns: `setns(nsfd, 0)` passed [got Invalid argument]


test_setns: `close(nsfd)` passed [got Success]


test_setns: `open(path, 00)` passed [got Success]


test_setns: `setns(nsfd, 0)` passed [got Success]


test_setns: `close(nsfd)` passed [got Success]


test_setns: `setns(-1, 0)` passed [got Bad file descriptor]


test_setns: `fork()` passed [got Success]


test_setns: `fork()` passed [got Success]


test_setns: `waitpid(pid, &status, 0)` passed [got Success]


test_setns summary: 18 tests passed, 0 tests failed


test_proc_fd_name: `readlink(path, link_ns, sizeof(link_ns) - 1)` passed [got Success]


test_proc_fd_name: `open(path, 00)` passed [got Success]


test_proc_fd_name: `readlink(path, link_fd, sizeof(link_fd) - 1)` passed [got Success]


test_proc_fd_name: `close(nsfd)` passed [got Success]


test_proc_fd_name: `readlink(path, link_ns, sizeof(link_ns) - 1)` passed [got Success]


test_proc_fd_name: `open(path, 00)` passed [got Success]


test_proc_fd_name: `readlink(path, link_fd, sizeof(link_fd) - 1)` passed [got Success]


test_proc_fd_name: `close(nsfd)` passed [got Success]


test_proc_fd_name: `readlink(path, link_ns, sizeof(link_ns) - 1)` passed [got Success]


test_proc_fd_name: `open(path, 00)` passed [got Success]


test_proc_fd_name: `readlink(path, link_fd, sizeof(link_fd) - 1)` passed [got Success]


test_proc_fd_name: `close(nsfd)` passed [got Success]


test_proc_fd_name: `readlink(path, link_ns, sizeof(link_ns) - 1)` passed [got Success]


test_proc_fd_name: `open(path, 00)` passed [got Success]


test_proc_fd_name: `readlink(path, link_fd, sizeof(link_fd) - 1)` passed [got Success]


test_proc_fd_name: `close(nsfd)` passed [got Success]


test_proc_fd_name: `readlink(path, link_ns, sizeof(link_ns) - 1)` passed [got Success]


test_proc_fd_name: `open(path, 00)` passed [got Success]


test_proc_fd_name: `readlink(path, link_fd, sizeof(link_fd) - 1)` passed [got Success]


test_proc_fd_name: `close(nsfd)` passed [got Success]


test_proc_fd_name summary: 20 tests passed, 0 tests failed


test_lifetime: `sys_clone3(&args)` passed [got Success]


test_lifetime: `open(path, 00)` passed [got Success]


test_lifetime: `ioctl(nsfd, (((0U) << (((0+8)+8)+14)) | (((0xb7)) << (0+8)) | (((0x3)) << 0) | ((0) << ((0+8)+8))))` passed [got Success]


test_lifetime: `ioctl(nsfd, (((0U) << (((0+8)+8)+14)) | (((0xb7)) << (0+8)) | (((0x1)) << 0) | ((0) << ((0+8)+8))))` passed [got Success]


test_lifetime: `close(user_ns_fd)` passed [got Success]


test_lifetime: `sys_clone3(&args)` passed [got Success]


test_lifetime: `waitpid(pid, &status, 0)` passed [got Success]


test_lifetime: `ioctl(nsfd, (((0U) << (((0+8)+8)+14)) | (((0xb7)) << (0+8)) | (((0x3)) << 0) | ((0) << ((0+8)+8))))` passed [got Success]


test_lifetime: `ioctl(nsfd, (((0U) << (((0+8)+8)+14)) | (((0xb7)) << (0+8)) | (((0x1)) << 0) | ((0) << ((0+8)+8))))` passed [got Success]


test_lifetime: `close(user_ns_fd)` passed [got Success]


test_lifetime: `setns(nsfd, 0)` passed [got Success]


test_lifetime: `close(nsfd)` passed [got Success]


test_lifetime summary: 11 tests passed, 0 tests failed


test_bind_mount_ns_lifetime: `sys_clone3(&args)` passed [got Success]


test_bind_mount_ns_lifetime: `mount(proc_ns_path, "/tmp/test_uts_ns", ((void *)0), MS_BIND, ((void *)0))` passed [got Invalid argument]


test_bind_mount_ns_lifetime: `kill(child, 9)` passed [got Success]


test_bind_mount_ns_lifetime: `waitpid(child, &status, 0)` passed [got Success]


test_bind_mount_ns_lifetime: `unlink("/tmp/test_uts_ns")` passed [got Success]


test_bind_mount_ns_lifetime summary: 5 tests passed, 0 tests failed


test_open_with_o_path: `open("/proc/self/ns/uts", 010000000)` passed [got Success]


test_open_with_o_path: `ioctl(nsfd, (((0U) << (((0+8)+8)+14)) | (((0xb7)) << (0+8)) | (((0x3)) << 0) | ((0) << ((0+8)+8))))` passed [got Bad file descriptor]


test_open_with_o_path: `ioctl(nsfd, (((0U) << (((0+8)+8)+14)) | (((0xb7)) << (0+8)) | (((0x1)) << 0) | ((0) << ((0+8)+8))))` passed [got Bad file descriptor]


test_open_with_o_path: `ioctl(nsfd, (((0U) << (((0+8)+8)+14)) | (((0xb7)) << (0+8)) | (((0x2)) << 0) | ((0) << ((0+8)+8))))` passed [got Bad file descriptor]


test_open_with_o_path: `pread(nsfd, buf, 0, 0)` passed [got Bad file descriptor]


test_open_with_o_path: `pread(nsfd, buf, 1, 0)` passed [got Bad file descriptor]


test_open_with_o_path: `pwrite(nsfd, buf, 0, 0)` passed [got Bad file descriptor]


test_open_with_o_path: `pwrite(nsfd, buf, 1, 0)` passed [got Bad file descriptor]


test_open_with_o_path: `syscall(295, nsfd, ((void *)0), 0, 0, 0)` passed [got Bad file descriptor]


test_open_with_o_path: `syscall(296, nsfd, ((void *)0), 0, 0, 0)` passed [got Bad file descriptor]


test_open_with_o_path: `syscall(295, nsfd, &empty_iov, 1, 0, 0)` passed [got Bad file descriptor]


test_open_with_o_path: `syscall(296, nsfd, &empty_iov, 1, 0, 0)` passed [got Bad file descriptor]


test_open_with_o_path: `lseek(nsfd, 0, 0)` passed [got Bad file descriptor]


test_open_with_o_path: `close(nsfd)` passed [got Success]


test_open_with_o_path summary: 14 tests passed, 0 tests failed


test_set_ns_empty_flags: `syscall(434, pid, 0)` passed [got Success]


test_set_ns_empty_flags: `setns(pidfd, 0)` passed [got Invalid argument]


test_set_ns_empty_flags: `close(pidfd)` passed [got Success]


test_set_ns_empty_flags summary: 3 tests passed, 0 tests failed


test_set_self_ns: `syscall(434, pid, 0)` passed [got Success]


test_set_self_ns: `setns(pidfd, 0x10000000)` passed [got Invalid argument]


test_set_self_ns: `close(pidfd)` passed [got Success]


test_set_self_ns summary: 3 tests passed, 0 tests failed


test_invalid_flags: `unshare(0x00200000)` passed [got Invalid argument]


test_invalid_flags: `unshare(0x01000000)` passed [got Invalid argument]


test_invalid_flags: `unshare(0x00400000)` passed [got Invalid argument]


test_invalid_flags: `unshare(0x80000000)` passed [got Invalid argument]


test_invalid_flags: `unshare(0x00008000)` passed [got Invalid argument]


test_invalid_flags: `unshare(0x00100000)` passed [got Invalid argument]


test_invalid_flags: `unshare(0x00001000)` passed [got Invalid argument]


test_invalid_flags: `unshare(0x00002000)` passed [got Invalid argument]


test_invalid_flags: `unshare(0x00080000)` passed [got Invalid argument]


test_invalid_flags: `unshare(0x00800000)` passed [got Invalid argument]


test_invalid_flags: `unshare(0x00004000)` passed [got Invalid argument]


test_invalid_flags summary: 11 tests passed, 0 tests failed


test_single_thread_flags: `unshare(0x00000100 | 0x00000800 | 0x00010000)` passed [got Success]


test_single_thread_flags: `pthread_create(&thread_id, ((void *)0), sleep_1s_thread, ((void *)0))` passed [got Success]


test_single_thread_flags: `unshare(0x00000100)` passed [got Invalid argument]


test_single_thread_flags: `unshare(0x00000800)` passed [got Invalid argument]


test_single_thread_flags: `unshare(0x00010000)` passed [got Invalid argument]


test_single_thread_flags: `pthread_join(thread_id, ((void *)0))` passed [got Success]


test_single_thread_flags: `unshare(0x00000100)` passed [got Success]


test_single_thread_flags: `unshare(0x00000800)` passed [got Success]


test_single_thread_flags: `unshare(0x00010000)` passed [got Success]


test_single_thread_flags summary: 9 tests passed, 0 tests failed


test_unshare_files: `fstat(0, &old_stdin_stat)` passed [got Success]


test_unshare_files: `fstat(1, &old_stdout_stat)` passed [got Success]


test_unshare_files: `fstat(2, &old_stderr_stat)` passed [got Success]


test_unshare_files: `unshare(0x00000400)` passed [got Success]


test_unshare_files: `fstat(0, &new_stdin_stat)` passed [got Success]


test_unshare_files: `fstat(1, &new_stdout_stat)` passed [got Success]


test_unshare_files: `fstat(2, &new_stderr_stat)` passed [got Success]


test_unshare_files: `open(TEST_FILENAME, 0100 | 02 | 01000, 0644)` passed [got Success]


test_unshare_files: `fstat(test_fd, &stat1)` passed [got Success]


test_unshare_files: `pthread_create(&thread_id, ((void *)0), unshare_files_thread, (void *)(intptr_t)test_fd)` passed [got Success]


test_unshare_files: `pthread_join(thread_id, ((void *)0))` passed [got Success]


test_unshare_files: `fstat(test_fd, &stat2)` passed [got Success]


test_unshare_files: `close(test_fd)` passed [got Success]


test_unshare_files: `unlink(TEST_FILENAME)` passed [got Success]


test_unshare_files summary: 14 tests passed, 0 tests failed


test_unshare_fs: `getcwd(cwd_buf1, 1024)` passed [got Success]


test_unshare_fs: `pthread_create(&thread_id, ((void *)0), unshare_fs_thread, (void *)cwd_buf2)` passed [got Success]


test_unshare_fs: `pthread_join(thread_id, ((void *)0))` passed [got Success]


test_unshare_fs: `getcwd(cwd_buf2, 1024)` passed [got Success]


test_unshare_fs summary: 4 tests passed, 0 tests failed


All test in /test/security passed.


Running test in /test/fs


Start ext2 fs test......


/test/fs


test_make_device_node: `mknod("/ext2/my_null_device", 0020000 | 0666, gnu_dev_makedev (1, 3))` passed [got Success]


test_make_device_node: `open("/ext2/my_null_device", 02)` passed [got Success]


test_make_device_node: `write(null_fd, buffer, sizeof(buffer))` passed [got Success]


test_make_device_node: `read(null_fd, buffer, sizeof(buffer))` passed [got Success]


test_make_device_node: `close(null_fd)` passed [got Success]


test_make_device_node: `unlink("/ext2/my_null_device")` passed [got Success]


test_make_device_node: `mknod("/ext2/my_zero_device", 0020000 | 0666, gnu_dev_makedev (1, 5))` passed [got Success]


test_make_device_node: `open("/ext2/my_zero_device", 02)` passed [got Success]


test_make_device_node: `write(zero_fd, buffer, sizeof(buffer))` passed [got Success]


test_make_device_node: `read(zero_fd, buffer, sizeof(buffer))` passed [got Success]


test_make_device_node: `close(zero_fd)` passed [got Success]


test_make_device_node: `unlink("/ext2/my_zero_device")` passed [got Success]


test_make_device_node summary: 12 tests passed, 0 tests failed


test_make_fifo_node: `mkfifo("/ext2/myfifo.fifo", 0666)` passed [got Success]


test_make_fifo_node: `open("/ext2/myfifo.fifo", 01 | 04000)` passed [got No such device or address]


test_make_fifo_node: `open("/ext2/myfifo.fifo", 00 | 04000)` passed [got Success]


test_make_fifo_node: `open("/ext2/myfifo.fifo", 01)` passed [got Success]


test_make_fifo_node: `write(writer_fd, write_buffer, sizeof(write_buffer))` passed [got Success]


test_make_fifo_node: `read(reader_fd, read_buffer, sizeof(read_buffer))` passed [got Success]


test_make_fifo_node: `read(reader_fd, read_buffer, sizeof(read_buffer))` passed [got Success]


test_make_fifo_node: `close(reader_fd)` passed [got Success]


test_make_fifo_node: `close(writer_fd)` passed [got Success]


test_make_fifo_node: `unlink("/ext2/myfifo.fifo")` passed [got Success]


test_make_fifo_node summary: 10 tests passed, 0 tests failed


test_open_creat_directory_on_existing_dir_returns_einval: `open("/ext2/open_dir_test" "/objd", 0100 | 0200000 | 00, 0644)` passed [got Invalid argument]


test_open_creat_directory_on_existing_dir_returns_einval summary: 1 tests passed, 0 tests failed


test_open_creat_excl_directory_on_existing_dir_returns_einval: `open("/ext2/open_dir_test" "/objd", 0100 | 0200 | 0200000 | 01, 0644)` passed [got Invalid argument]


test_open_creat_excl_directory_on_existing_dir_returns_einval summary: 1 tests passed, 0 tests failed


test_open_creat_excl_directory_rdwr_on_existing_dir_returns_einval: `open("/ext2/open_dir_test" "/objd", 0100 | 0200 | 0200000 | 02, 0644)` passed [got Invalid argument]


test_open_creat_excl_directory_rdwr_on_existing_dir_returns_einval summary: 1 tests passed, 0 tests failed


test_open_creat_read_only_on_existing_dir_returns_eisdir: `open("/ext2/open_dir_test" "/objd", 0100 | 00, 0644)` passed [got Is a directory]


test_open_creat_read_only_on_existing_dir_returns_eisdir summary: 1 tests passed, 0 tests failed


test_open_creat_on_existing_dir_returns_eisdir: `open("/ext2/open_dir_test" "/objd", 0100 | 01, 0644)` passed [got Is a directory]


test_open_creat_on_existing_dir_returns_eisdir summary: 1 tests passed, 0 tests failed


test_open_creat_rdwr_on_existing_dir_returns_eisdir: `open("/ext2/open_dir_test" "/objd", 0100 | 02, 0644)` passed [got Is a directory]


test_open_creat_rdwr_on_existing_dir_returns_eisdir summary: 1 tests passed, 0 tests failed


test_open_creat_excl_read_only_on_existing_dir_returns_eexist: `open("/ext2/open_dir_test" "/objd", 0100 | 0200 | 00, 0644)` passed [got File exists]


test_open_creat_excl_read_only_on_existing_dir_returns_eexist summary: 1 tests passed, 0 tests failed


test_open_creat_excl_on_existing_dir_returns_eexist: `open("/ext2/open_dir_test" "/objd", 0100 | 0200 | 01, 0644)` passed [got File exists]


test_open_creat_excl_on_existing_dir_returns_eexist summary: 1 tests passed, 0 tests failed


test_open_creat_excl_rdwr_on_existing_dir_returns_eexist: `open("/ext2/open_dir_test" "/objd", 0100 | 0200 | 02, 0644)` passed [got File exists]


test_open_creat_excl_rdwr_on_existing_dir_returns_eexist summary: 1 tests passed, 0 tests failed


test_open_write_only_on_dir_returns_eisdir: `open("/ext2/open_dir_test" "/objd", 01)` passed [got Is a directory]


test_open_write_only_on_dir_returns_eisdir summary: 1 tests passed, 0 tests failed


test_open_rdwr_on_dir_returns_eisdir: `open("/ext2/open_dir_test" "/objd", 02)` passed [got Is a directory]


test_open_rdwr_on_dir_returns_eisdir summary: 1 tests passed, 0 tests failed


test_rename_into_descendant: `rename("/ext2/rename_test" "/dir", "/ext2/rename_test" "/dir" "/child" "/grandchild" "/moved")` passed [got Invalid argument]


test_rename_into_descendant: `access("/ext2/rename_test" "/dir", 0)` passed [got Success]


test_rename_into_descendant: `access("/ext2/rename_test" "/dir" "/child" "/grandchild", 0)` passed [got Success]


test_rename_into_descendant summary: 3 tests passed, 0 tests failed


test_rename_to_self: `rename("/ext2/rename_test" "/dir", "/ext2/rename_test" "/dir")` passed [got Success]


test_rename_to_self: `access("/ext2/rename_test" "/dir", 0)` passed [got Success]


test_rename_to_self: `access("/ext2/rename_test" "/dir" "/child" "/grandchild", 0)` passed [got Success]


test_rename_to_self summary: 3 tests passed, 0 tests failed


test_rename_to_new_name: `rename("/ext2/rename_test" "/dir", "/ext2/rename_test" "/dir_renamed")` passed [got Success]


test_rename_to_new_name: `access("/ext2/rename_test" "/dir_renamed", 0)` passed [got Success]


test_rename_to_new_name: `access("/ext2/rename_test" "/dir_renamed" "/child", 0)` passed [got Success]


test_rename_to_new_name: `access("/ext2/rename_test" "/dir", 0)` passed [got No such file or directory]


test_rename_to_new_name summary: 4 tests passed, 0 tests failed


test_rename_errno_order: `mount("tmpfs", "/ext2/rename_test" "/mnt", "tmpfs", 0, ((void *)0))` passed [got Success]


test_rename_errno_order: `rename("/ext2/rename_test" "/dir", "/ext2/rename_test" "/mnt" "/child")` passed [got Invalid cross-device link]


test_rename_errno_order: `access("/ext2/rename_test" "/dir", 0)` passed [got Success]


test_rename_errno_order: `access("/ext2/rename_test" "/mnt" "/child", 0)` passed [got Success]


test_rename_errno_order: `umount("/ext2/rename_test" "/mnt")` passed [got Success]


test_rename_errno_order summary: 5 tests passed, 0 tests failed


test_rmdir_failed_non_empty_dir: `mkdir("/test_non_empty_dir", 0777)` passed [got Success]


test_rmdir_failed_non_empty_dir: `open("/test_non_empty_dir/test.txt", 0100 | 01, 0666)` passed [got Success]


test_rmdir_failed_non_empty_dir: `rmdir("/test_non_empty_dir")` passed [got Directory not empty]


test_rmdir_failed_non_empty_dir: `unlink("/test_non_empty_dir/test.txt")` passed [got Success]


test_rmdir_failed_non_empty_dir: `rmdir("/test_non_empty_dir")` passed [got Success]


test_rmdir_failed_non_empty_dir summary: 5 tests passed, 0 tests failed


test_unlink_failed_on_directory: `mkdir("/test_non_empty_dir", 0777)` passed [got Success]


test_unlink_failed_on_directory: `unlink("/test_non_empty_dir")` passed [got Is a directory]


test_unlink_failed_on_directory: `rmdir("/test_non_empty_dir")` passed [got Success]


test_unlink_failed_on_directory summary: 3 tests passed, 0 tests failed


test_ext2_unix_socket: `socket(1, SOCK_STREAM, 0)` passed [got Success]


test_ext2_unix_socket: `bind(sk_server, (struct sockaddr *)&server_addr, sizeof(server_addr))` passed [got Success]


test_ext2_unix_socket: `listen(sk_server, 3)` passed [got Success]


test_ext2_unix_socket: `fork()` passed [got Success]


test_ext2_unix_socket: `fork()` passed [got Success]


test_ext2_unix_socket: `accept(sk_server, ((void *)0), ((void *)0))` passed [got Success]


test_ext2_unix_socket: `write(sk_accepted, buf, sizeof(buf))` passed [got Success]


test_ext2_unix_socket: `read(sk_accepted, buf, sizeof(buf))` passed [got Success]


test_ext2_unix_socket: `close(sk_accepted)` passed [got Success]


test_ext2_unix_socket: `close(sk_server)` passed [got Success]


test_ext2_unix_socket: `unlink("/ext2/my_unix_server")` passed [got Success]


test_ext2_unix_socket summary: 10 tests passed, 0 tests failed


All ext2 fs test passed.


Start fdatasync test......


Data written and synced on /


Data written and synced on /ext2


Data written and synced on /exfat


All fdatasync test passed.


Start mount bind file test......


All mount bind file test passed.


FIONREAD reports 208 bytes pending


Read 208 bytes total


Event 0: wd=1, mask=0x100, len=16, name='a', size=32 (aligned: yes)


Event 1: wd=1, mask=0x100, len=16, name='ab', size=32 (aligned: yes)


Event 2: wd=1, mask=0x100, len=16, name='abc', size=32 (aligned: yes)


Event 3: wd=1, mask=0x100, len=16, name='abcd', size=32 (aligned: yes)


Event 4: wd=1, mask=0x100, len=16, name='abcdefgh', size=32 (aligned: yes)


Event 5: wd=1, mask=0x100, len=32, name='abcdefghijklmnop', size=48 (aligned: yes)





All alignment tests passed! Processed 6 events.


Summary:


  - FIONREAD matched actual read size: ✓


  - All events aligned to 16 bytes: ✓


  - All len fields correct (padded): ✓


  - All padding bytes are zero: ✓


  - Event offsets are aligned: ✓


inotify poll basic test: OK (bytes=64)


test_unlink_add: `inotify_init1(04000)` passed [got Success]


test_unlink_add: `open("/tmp/test1", 0100 | 01, 0644)` passed [got Success]


test_unlink_add: `unlink("/tmp/test1")` passed [got Success]


test_unlink_add: `inotify_add_watch(inotify_fd, "/proc/self/fd/4", 0x00000400)` passed [got No such file or directory]


test_unlink_add: `close(fd)` passed [got Success]


test_unlink_add: `close(inotify_fd)` passed [got Success]


test_unlink_add summary: 6 tests passed, 0 tests failed


test_chroot_getcwd: `fork()` passed [got Success]


test_chroot_getcwd: `fork()` passed [got Success]


test_chroot_getcwd: `waitpid(pid, &status, 0)` passed [got Success]


test_chroot_getcwd summary: 2 tests passed, 0 tests failed


test_chroot_chdir: `fork()` passed [got Success]


test_chroot_chdir: `fork()` passed [got Success]


test_chroot_chdir: `waitpid(pid, &status, 0)` passed [got Success]


test_chroot_chdir summary: 2 tests passed, 0 tests failed


test_chroot_mountinfo: `fork()` passed [got Success]


test_chroot_mountinfo: `fork()` passed [got Success]


test_chroot_mountinfo: `waitpid(pid, &status, 0)` passed [got Success]


test_chroot_mountinfo summary: 2 tests passed, 0 tests failed


test_chroot_fd_escape: `fork()` passed [got Success]


test_chroot_fd_escape: `fork()` passed [got Success]


test_chroot_fd_escape: `waitpid(pid, &status, 0)` passed [got Success]


test_chroot_fd_escape summary: 2 tests passed, 0 tests failed


test_pivot_root: `unshare(0x00020000)` passed [got Success]


test_pivot_root: `mount("/", "/new_root", ((void *)0), MS_BIND | MS_REC, ((void *)0))` passed [got Success]


test_pivot_root: `syscall(155, "/new_root", "/new_root")` passed [got Invalid argument]


test_pivot_root: `chroot("/new_root")` passed [got Success]


test_pivot_root: `chdir("/")` passed [got Success]


test_pivot_root: `mount("/", "/second_root", ((void *)0), MS_BIND | MS_REC, ((void *)0))` passed [got Success]


test_pivot_root: `mkdir(put_old_full_path, 0755)` passed [got Success]


test_pivot_root: `mount("tmpfs", put_old_full_path, "tmpfs", 0, ((void *)0))` passed [got Success]


test_pivot_root: `syscall(155, new_root_marker_file_full_path, put_old_full_path)` passed [got Not a directory]


test_pivot_root: `syscall(155, "./proc", put_old_full_path)` passed [got Invalid argument]


test_pivot_root: `syscall(155, "./sys/fs", "./sys/fs")` passed [got Invalid argument]


test_pivot_root: `syscall(155, ".", "./bin")` passed [got Device or resource busy]


test_pivot_root: `syscall(155, "/second_root", put_old_full_path)` passed [got Success]


test_pivot_root: `syscall(79, cwd, sizeof(cwd))` passed [got Success]


test_pivot_root: `access("/new_root_marker_mnt" "/new.txt", 0)` passed [got Success]


test_pivot_root: `access(old_marker_in_new_path, 0)` passed [got Success]


test_pivot_root: `access("/old_root_marker_mnt" "/old.txt", 0)` passed [got No such file or directory]


test_pivot_root: `umount2(old_root_path, MNT_DETACH)` passed [got Success]


test_pivot_root: `umount(old_root_path)` passed [got Success]


test_pivot_root: `rmdir(old_root_path)` passed [got Success]


test_pivot_root summary: 20 tests passed, 0 tests failed


test_pivot_root_dot_dot: `unshare(0x00020000)` passed [got Success]


test_pivot_root_dot_dot: `mount("/", "/new_root", ((void *)0), MS_BIND | MS_REC, ((void *)0))` passed [got Success]


test_pivot_root_dot_dot: `chroot("/new_root")` passed [got Success]


test_pivot_root_dot_dot: `chdir("/")` passed [got Success]


test_pivot_root_dot_dot: `mount("tmpfs", "/pivot_dot_test", "tmpfs", 0, ((void *)0))` passed [got Success]


test_pivot_root_dot_dot: `mount("tmpfs", "/extra_mount", "tmpfs", 0, ((void *)0))` passed [got Success]


test_pivot_root_dot_dot: `open(dot_marker_full_path, 0100 | 01, 0644)` passed [got Success]


test_pivot_root_dot_dot: `close(dot_fd)` passed [got Success]


test_pivot_root_dot_dot: `chdir("/pivot_dot_test")` passed [got Success]


test_pivot_root_dot_dot: `syscall(155, ".", ".")` passed [got Success]


test_pivot_root_dot_dot: `access("/dot_marker.txt", 0)` passed [got Success]


test_pivot_root_dot_dot: `access(extra_mount_path_with_dot, 0)` passed [got No such file or directory]


test_pivot_root_dot_dot: `access(accessible_path_through_extra_dir, 0)` passed [got Success]


test_pivot_root_dot_dot: `umount2(extra_mount_path_with_dot, MNT_DETACH)` passed [got No such file or directory]


test_pivot_root_dot_dot: `mount("tmpfs", ".", "tmpfs", 0, ((void *)0))` passed [got Success]


test_pivot_root_dot_dot: `access(accessible_path_through_extra_dir, 0)` passed [got No such file or directory]


test_pivot_root_dot_dot: `umount2(".", MNT_DETACH)` passed [got Success]


test_pivot_root_dot_dot: `access(accessible_path_through_extra_dir, 0)` passed [got Success]


test_pivot_root_dot_dot: `umount2(".", MNT_DETACH)` passed [got Success]


test_pivot_root_dot_dot: `access("/dot_marker.txt", 0)` passed [got Success]


test_pivot_root_dot_dot summary: 20 tests passed, 0 tests failed


test_move_mount_rejects_descendant_target: `unshare(0x00020000)` passed [got Success]


test_move_mount_rejects_descendant_target: `mount("tmpfs", "/tmp/move_mount_root", "tmpfs", 0, ((void *)0))` passed [got Success]


test_move_mount_rejects_descendant_target: `mount("tmpfs", "/tmp/move_mount_root/child", "tmpfs", 0, ((void *)0))` passed [got Success]


test_move_mount_rejects_descendant_target: `mount("/tmp/move_mount_root", "/tmp/move_mount_root", ((void *)0), MS_MOVE, ((void *)0))` passed [got Too many levels of symbolic links]


test_move_mount_rejects_descendant_target: `mount("/tmp/move_mount_root", "/tmp/move_mount_root/child", ((void *)0), MS_MOVE, ((void *)0))` passed [got Too many levels of symbolic links]


test_move_mount_rejects_descendant_target: `mount("/tmp/move_mount_root", "/tmp/move_mount_root/child/target", ((void *)0), MS_MOVE, ((void *)0))` passed [got Too many levels of symbolic links]


test_move_mount_rejects_descendant_target: `umount("/tmp/move_mount_root/child")` passed [got Success]


test_move_mount_rejects_descendant_target: `umount("/tmp/move_mount_root")` passed [got Success]


test_move_mount_rejects_descendant_target summary: 8 tests passed, 0 tests failed


Creating directory: /overlay


Creating directory: /overlay/lower1


Creating directory: /overlay/lower2


Creating directory: /overlay/upper


Creating directory: /overlay/work


Creating directory: /overlay/merged


Creating directory: /overlay/lower1/d1


Writing to file: /overlay/lower1/d1/f11


Writing to file: /overlay/lower2/f2


Creating directory: /overlay/lower2/d1


Writing to file: /overlay/lower2/d1/f11


Writing to file: /overlay/lower2/d1/f12


Mounting OverlayFS


Mount options: lowerdir=/overlay/lower1:/overlay/lower2,upperdir=/overlay/upper,workdir=/overlay/work


Reading /overlay/merged/f2:


Writing '99' to /overlay/merged/f2 at offset 2


Unlinking /overlay/merged/f1 if exists


Writing to file: /overlay/merged/f1


Reading /overlay/merged/f1:


Cleaning up


test_readdir_small_buffer: `open("/ovl_readdir_test" "/merged", 00 | 0200000)` passed [got Success]


test_readdir_small_buffer: `syscall(217, fd, buf, sizeof(buf))` passed [got Success]


test_readdir_small_buffer: `syscall(217, fd, buf, sizeof(buf))` passed [got Success]


test_readdir_small_buffer: `syscall(217, fd, buf, sizeof(buf))` passed [got Success]


test_readdir_small_buffer: `close(fd)` passed [got Success]


test_readdir_small_buffer: `result.deleted` passed [got Success]


test_readdir_small_buffer: `result.whiteout` passed [got Success]


test_readdir_small_buffer: `result.normal_file` passed [got Success]


test_readdir_small_buffer: `result.normal_extra` passed [got Success]


test_readdir_small_buffer: `result.another_file` passed [got Success]


test_readdir_small_buffer: `result.another_extra` passed [got Success]


test_readdir_small_buffer: `result.total_entries` passed [got Success]


test_readdir_small_buffer summary: 12 tests passed, 0 tests failed


test_negative_cache_pid: `getpid()` passed [got Success]


test_negative_cache_pid: `fork()` passed [got Success]


test_negative_cache_pid: `access(path, 0)` passed [got Success]


test_negative_cache_pid: `fork()` passed [got Success]


test_negative_cache_pid: `wait(&status)` passed [got Success]


test_negative_cache_pid: `access(path, 0)` passed [got No such file or directory]


test_negative_cache_pid summary: 5 tests passed, 0 tests failed


test_negative_cache_fd: `access("/proc/self/fdinfo/100", 0)` passed [got No such file or directory]


test_negative_cache_fd: `dup2(0, 100)` passed [got Success]


test_negative_cache_fd: `access("/proc/self/fdinfo/100", 0)` passed [got Success]


test_negative_cache_fd: `close(100)` passed [got Success]


test_negative_cache_fd: `access("/proc/self/fdinfo/100", 0)` passed [got No such file or directory]


test_negative_cache_fd summary: 5 tests passed, 0 tests failed


test_mountstats_contains_proc_mount: `open("/proc/self/mountstats", 00)` passed [got Success]


test_mountstats_contains_proc_mount: `read(fd, buf, sizeof(buf) - 1)` passed [got Success]


test_mountstats_contains_proc_mount: `strstr(buf, "mounted on /proc with fstype proc") != ((void *)0)` passed [got Success]


test_mountstats_contains_proc_mount: `bytes_read > 0` passed [got Success]


test_mountstats_contains_proc_mount: `close(fd)` passed [got Success]


test_mountstats_contains_proc_mount summary: 5 tests passed, 0 tests failed


test_proc_mem_alien: `open("testfile", 02 | 0100 | 01000, 0600)` passed [got Success]


test_proc_mem_alien: `ftruncate(fd, 4096)` passed [got Success]


test_proc_mem_alien: `write(fd, "ORIGINAL", strlen("ORIGINAL") + 1)` passed [got Success]


test_proc_mem_alien: `close(fd)` passed [got Success]


test_proc_mem_alien: `pipe(pipe_c2p)` passed [got Success]


test_proc_mem_alien: `pipe(pipe_p2c)` passed [got Success]


test_proc_mem_alien: `fork()` passed [got Success]


test_proc_mem_alien: `close(pipe_c2p[1])` passed [got Success]


test_proc_mem_alien: `close(pipe_p2c[0])` passed [got Success]


test_proc_mem_alien: `fork()` passed [got Success]


test_proc_mem_alien: `read(pipe_c2p[0], &child_vaddr, sizeof(child_vaddr))` passed [got Success]


test_proc_mem_alien: `open(mempath, 02)` passed [got Success]


test_proc_mem_alien: `lseek(proc_mem_fd, (off_t)child_vaddr, 0)` passed [got Success]


test_proc_mem_alien: `read(proc_mem_fd, readbuf, sizeof(readbuf))` passed [got Success]


test_proc_mem_alien: `strncmp(readbuf, "ORIGINAL", strlen("ORIGINAL"))` passed [got Success]


test_proc_mem_alien: `lseek(proc_mem_fd, (off_t)child_vaddr, 0)` passed [got Success]


test_proc_mem_alien: `write(proc_mem_fd, "MODIFIED", strlen("MODIFIED") + 1)` passed [got Success]


test_proc_mem_alien: `close(proc_mem_fd)` passed [got Success]


test_proc_mem_alien: `write(pipe_p2c[1], "X", 1)` passed [got Success]


test_proc_mem_alien: `wait4(child, &status, 0, ((void *)0))` passed [got Success]


test_proc_mem_alien: `close(pipe_c2p[0])` passed [got Success]


test_proc_mem_alien: `close(pipe_p2c[1])` passed [got Success]


test_proc_mem_alien: `unlink("testfile")` passed [got Success]


test_proc_mem_alien summary: 22 tests passed, 0 tests failed


test_proc_mem_local: `open("testfile", 02 | 0100 | 01000, 0600)` passed [got Success]


test_proc_mem_local: `ftruncate(fd, 4096)` passed [got Success]


test_proc_mem_local: `write(fd, "ORIGINAL", strlen("ORIGINAL") + 1)` passed [got Success]


test_proc_mem_local: `close(fd)` passed [got Success]


test_proc_mem_local: `open("testfile", 00)` passed [got Success]


test_proc_mem_local: `mmap(((void *)0), 4096, 0x1, 0x02, fd, 0)` passed [got Success]


test_proc_mem_local: `mmap(((void *)0), 4096, 0x1 | 0x2, 0x02 | 0x20, -1, 0)` passed [got Success]


test_proc_mem_local: `open("/proc/self/mem", 02)` passed [got Success]


test_proc_mem_local: `lseek(proc_mem_fd, (off_t)addr1, 0)` passed [got Success]


test_proc_mem_local: `read(proc_mem_fd, addr2, 4096)` passed [got Success]


test_proc_mem_local: `strncmp(addr2, "ORIGINAL", strlen("ORIGINAL"))` passed [got Success]


test_proc_mem_local: `close(fd)` passed [got Success]


test_proc_mem_local: `close(proc_mem_fd)` passed [got Success]


test_proc_mem_local: `munmap(addr1, 4096)` passed [got Success]


test_proc_mem_local: `munmap(addr2, 4096)` passed [got Success]


test_proc_mem_local: `unlink("testfile")` passed [got Success]


test_proc_mem_local summary: 16 tests passed, 0 tests failed


test_proc_mem_yama_scope: `access_from_sibling(1, 1)` passed [got Success]


test_proc_mem_yama_scope: `access_from_sibling(1, 1)` passed [got Success]


test_proc_mem_yama_scope: `access_from_sibling(1, 1)` passed [got Success]


test_proc_mem_yama_scope: `access_from_sibling(1, 0)` passed [got Success]


test_proc_mem_yama_scope: `access_from_sibling(1, 0)` passed [got Success]


test_proc_mem_yama_scope: `access_from_sibling(1, 0)` passed [got Success]


test_proc_mem_yama_scope: `access_from_parent(1)` passed [got Success]


test_proc_mem_yama_scope: `access_from_parent(1)` passed [got Success]


test_proc_mem_yama_scope: `access_from_parent(1)` passed [got Success]


test_proc_mem_yama_scope: `access_from_parent(0)` passed [got Success]


test_proc_mem_yama_scope: `access_from_parent(0)` passed [got Success]


test_proc_mem_yama_scope: `access_from_parent(0)` passed [got Success]


test_proc_mem_yama_scope summary: 12 tests passed, 0 tests failed


test_proc_root_tid_entry: `getpid()` passed [got Success]


test_proc_root_tid_entry: `pipe(context.ready_pipe)` passed [got Success]


test_proc_root_tid_entry: `pipe(context.exit_pipe)` passed [got Success]


test_proc_root_tid_entry: `pthread_create(&thread, ((void *)0), thread_fn, &context)` passed [got Success]


test_proc_root_tid_entry: `read(context.ready_pipe[0], &ch, 1)` passed [got Success]


test_proc_root_tid_entry: `system(command)` passed [got Success]


test_proc_root_tid_entry: `system(command)` passed [got Success]


test_proc_root_tid_entry: `system(command)` passed [got Success]


test_proc_root_tid_entry: `write(context.exit_pipe[1], "X", 1)` passed [got Success]


test_proc_root_tid_entry: `pthread_join(thread, ((void *)0))` passed [got Success]


test_proc_root_tid_entry: `close(context.ready_pipe[0])` passed [got Success]


test_proc_root_tid_entry: `close(context.ready_pipe[1])` passed [got Success]


test_proc_root_tid_entry: `close(context.exit_pipe[0])` passed [got Success]


test_proc_root_tid_entry: `close(context.exit_pipe[1])` passed [got Success]


test_proc_root_tid_entry summary: 14 tests passed, 0 tests failed


test_path: `open(memfd_path, 010000000 | 02)` passed [got Success]


test_path: `fcntl(fd, 3)` passed [got Success]


test_path: `fcntl(fd, 1033, 0x0001)` passed [got Bad file descriptor]


test_path: `fcntl(fd, 1034)` passed [got Bad file descriptor]


test_path: `read(fd, buf, sizeof(buf))` passed [got Bad file descriptor]


test_path: `write(fd, buf, sizeof(buf))` passed [got Bad file descriptor]


test_path: `ftruncate(fd, 0)` passed [got Bad file descriptor]


test_path: `lseek(fd, 0, 0)` passed [got Bad file descriptor]


test_path: `fallocate(fd, 0, 0, 100)` passed [got Bad file descriptor]


test_path: `ioctl(fd, 0x5401)` passed [got Bad file descriptor]


test_path: `mmap(((void *)0), 4096, 0x1, 0x02, fd, 0)` passed [got Bad file descriptor]


test_path: `close(fd)` passed [got Success]


test_path summary: 12 tests passed, 0 tests failed


test_readonly: `open(memfd_path, 00)` passed [got Success]


test_readonly: `fcntl(fd, 1033, 0x0001)` passed [got Operation not permitted]


test_readonly: `fcntl(fd, 1034)` passed [got Success]


test_readonly: `read(fd, buf, sizeof(buf))` passed [got Success]


test_readonly: `write(fd, buf, sizeof(buf))` passed [got Bad file descriptor]


test_readonly: `ftruncate(fd, 0)` passed [got Invalid argument]


test_readonly: `lseek(fd, 0, 0)` passed [got Success]


test_readonly: `fallocate(fd, 0, 0, 100)` passed [got Bad file descriptor]


test_readonly: `ioctl(fd, 0x5401)` passed [got Inappropriate ioctl for device]


test_readonly: `mmap(((void *)0), 4096, 0x1, 0x02, fd, 0)` passed [got Success]


test_readonly: `close(fd)` passed [got Success]


test_readonly summary: 11 tests passed, 0 tests failed


test_writeonly: `open(memfd_path, 01)` passed [got Success]


test_writeonly: `fcntl(fd, 1033, 0x0001)` passed [got Success]


test_writeonly: `fcntl(fd, 1034)` passed [got Success]


test_writeonly: `read(fd, buf, sizeof(buf))` passed [got Bad file descriptor]


test_writeonly: `write(fd, buf, sizeof(buf))` passed [got Success]


test_writeonly: `ftruncate(fd, 0)` passed [got Success]


test_writeonly: `lseek(fd, 0, 0)` passed [got Success]


test_writeonly: `fallocate(fd, 0, 0, 100)` passed [got Success]


test_writeonly: `ioctl(fd, 0x5401)` passed [got Inappropriate ioctl for device]


test_writeonly: `mmap(((void *)0), 4096, 0x1, 0x02, fd, 0)` passed [got Permission denied]


test_writeonly: `close(fd)` passed [got Success]


test_writeonly summary: 11 tests passed, 0 tests failed


test_pseudo_dentry: `readlink_check(pipe_1[0], "pipe:[", 1)` passed [got Success]


test_pseudo_dentry: `readlink_check(pipe_1[1], "pipe:[", 1)` passed [got Success]


test_pseudo_dentry: `readlink_check(sock[0], "socket:[", 1)` passed [got Success]


test_pseudo_dentry: `readlink_check(sock[1], "socket:[", 1)` passed [got Success]


test_pseudo_dentry: `readlink_check(epoll_fd, "anon_inode:[eventpoll]", 0)` passed [got Success]


test_pseudo_dentry: `readlink_check(event_fd, "anon_inode:[eventfd]", 0)` passed [got Success]


test_pseudo_dentry: `readlink_check(timer_fd, "anon_inode:[timerfd]", 0)` passed [got Success]


test_pseudo_dentry: `readlink_check(signal_fd, "anon_inode:[signalfd]", 0)` passed [got Success]


test_pseudo_dentry: `readlink_check(inotify_fd, "anon_inode:inotify", 0)` passed [got Success]


test_pseudo_dentry: `readlink_check(pid_fd, "anon_inode:[pidfd]", 0)` passed [got Success]


test_pseudo_dentry: `readlink_check(mem_fd, "/memfd:test_memfd", 0)` passed [got Success]


test_pseudo_dentry: `readlink_check(ns_uts_fd, "uts:[", 1)` passed [got Success]


test_pseudo_dentry summary: 12 tests passed, 0 tests failed


test_pseudo_fs_dev_id_major_is_zero: `get_dev_id("/proc", &dev_id)` passed [got Success]


test_pseudo_fs_dev_id_major_is_zero: `get_dev_id("/sys", &dev_id)` passed [got Success]


test_pseudo_fs_dev_id_major_is_zero: `get_dev_id("/dev/pts", &dev_id)` passed [got Success]


test_pseudo_fs_dev_id_major_is_zero: `get_dev_id("/sys/fs/cgroup", &dev_id)` passed [got Success]


test_pseudo_fs_dev_id_major_is_zero: `get_dev_id("/sys/kernel/config", &dev_id)` passed [got Success]


test_pseudo_fs_dev_id_major_is_zero: `get_dev_id("/dev", &dev_id)` passed [got Success]


test_pseudo_fs_dev_id_major_is_zero summary: 6 tests passed, 0 tests failed


test_pseudo_fs_dev_id_minor_is_positive: `get_dev_id("/proc", &dev_id)` passed [got Success]


test_pseudo_fs_dev_id_minor_is_positive: `get_dev_id("/sys", &dev_id)` passed [got Success]


test_pseudo_fs_dev_id_minor_is_positive: `get_dev_id("/dev/pts", &dev_id)` passed [got Success]


test_pseudo_fs_dev_id_minor_is_positive: `get_dev_id("/sys/fs/cgroup", &dev_id)` passed [got Success]


test_pseudo_fs_dev_id_minor_is_positive: `get_dev_id("/sys/kernel/config", &dev_id)` passed [got Success]


test_pseudo_fs_dev_id_minor_is_positive: `get_dev_id("/dev", &dev_id)` passed [got Success]


test_pseudo_fs_dev_id_minor_is_positive summary: 6 tests passed, 0 tests failed


test_pseudo_fs_dev_id_unique_per_mount: `get_dev_id("/proc", &dev_ids[0])` passed [got Success]


test_pseudo_fs_dev_id_unique_per_mount: `get_dev_id("/sys", &dev_ids[1])` passed [got Success]


test_pseudo_fs_dev_id_unique_per_mount: `get_dev_id("/dev/pts", &dev_ids[2])` passed [got Success]


test_pseudo_fs_dev_id_unique_per_mount: `get_dev_id("/sys/fs/cgroup", &dev_ids[3])` passed [got Success]


test_pseudo_fs_dev_id_unique_per_mount: `get_dev_id("/sys/kernel/config", &dev_ids[4])` passed [got Success]


test_pseudo_fs_dev_id_unique_per_mount: `get_dev_id("/dev", &dev_ids[5])` passed [got Success]


test_pseudo_fs_dev_id_unique_per_mount: `dev_ids[i] != dev_ids[j]` passed [got Success]


test_pseudo_fs_dev_id_unique_per_mount: `dev_ids[i] != dev_ids[j]` passed [got Success]


test_pseudo_fs_dev_id_unique_per_mount: `dev_ids[i] != dev_ids[j]` passed [got Success]


test_pseudo_fs_dev_id_unique_per_mount: `dev_ids[i] != dev_ids[j]` passed [got Success]


test_pseudo_fs_dev_id_unique_per_mount: `dev_ids[i] != dev_ids[j]` passed [got Success]


test_pseudo_fs_dev_id_unique_per_mount: `dev_ids[i] != dev_ids[j]` passed [got Success]


test_pseudo_fs_dev_id_unique_per_mount: `dev_ids[i] != dev_ids[j]` passed [got Success]


test_pseudo_fs_dev_id_unique_per_mount: `dev_ids[i] != dev_ids[j]` passed [got Success]


test_pseudo_fs_dev_id_unique_per_mount: `dev_ids[i] != dev_ids[j]` passed [got Success]


test_pseudo_fs_dev_id_unique_per_mount: `dev_ids[i] != dev_ids[j]` passed [got Success]


test_pseudo_fs_dev_id_unique_per_mount: `dev_ids[i] != dev_ids[j]` passed [got Success]


test_pseudo_fs_dev_id_unique_per_mount: `dev_ids[i] != dev_ids[j]` passed [got Success]


test_pseudo_fs_dev_id_unique_per_mount: `dev_ids[i] != dev_ids[j]` passed [got Success]


test_pseudo_fs_dev_id_unique_per_mount: `dev_ids[i] != dev_ids[j]` passed [got Success]


test_pseudo_fs_dev_id_unique_per_mount: `dev_ids[i] != dev_ids[j]` passed [got Success]


test_pseudo_fs_dev_id_unique_per_mount summary: 21 tests passed, 0 tests failed


test_pseudo_fs_files_share_same_container_dev_id: `get_dev_id("/proc/self", &dev_id_proc_self)` passed [got Success]


test_pseudo_fs_files_share_same_container_dev_id: `get_dev_id("/proc/cpuinfo", &dev_id_proc_cpuinfo)` passed [got Success]


test_pseudo_fs_files_share_same_container_dev_id: `dev_id_proc_self == dev_id_proc_cpuinfo` passed [got Success]


test_pseudo_fs_files_share_same_container_dev_id: `get_dev_id("/sys/kernel", &dev_id_sys_kernel)` passed [got Success]


test_pseudo_fs_files_share_same_container_dev_id: `get_dev_id("/sys/fs", &dev_id_sys_fs)` passed [got Success]


test_pseudo_fs_files_share_same_container_dev_id: `dev_id_sys_kernel == dev_id_sys_fs` passed [got Success]


test_pseudo_fs_files_share_same_container_dev_id summary: 6 tests passed, 0 tests failed


test_pipe_ends_share_inode: `get_mode(pipe_1[0])` passed [got Success]


test_pipe_ends_share_inode: `get_mode(pipe_1[1])` passed [got Success]


test_pipe_ends_share_inode: `get_mode(pipe_2[0])` passed [got Success]


test_pipe_ends_share_inode: `get_mode(pipe_2[1])` passed [got Success]


test_pipe_ends_share_inode: `set_mode(pipe_1[0], 0000)` passed [got Success]


test_pipe_ends_share_inode: `get_mode(pipe_1[0])` passed [got Success]


test_pipe_ends_share_inode: `get_mode(pipe_1[1])` passed [got Success]


test_pipe_ends_share_inode: `get_mode(pipe_2[0])` passed [got Success]


test_pipe_ends_share_inode: `get_mode(pipe_2[1])` passed [got Success]


test_pipe_ends_share_inode summary: 9 tests passed, 0 tests failed


test_sockets_do_not_share_inode: `get_mode(sock[0])` passed [got Success]


test_sockets_do_not_share_inode: `get_mode(sock[1])` passed [got Success]


test_sockets_do_not_share_inode: `set_mode(sock[0], 0000)` passed [got Success]


test_sockets_do_not_share_inode: `get_mode(sock[0])` passed [got Success]


test_sockets_do_not_share_inode: `get_mode(sock[1])` passed [got Success]


test_sockets_do_not_share_inode summary: 5 tests passed, 0 tests failed


test_anon_inodefs_share_inode: `get_mode(fds[i].fd)` passed [got Success]


test_anon_inodefs_share_inode: `set_mode(fds[i].fd, 0600)` passed [got Operation not supported]


test_anon_inodefs_share_inode: `get_mode(fds[i].fd)` passed [got Success]


test_anon_inodefs_share_inode: `set_mode(fds[i].fd, 0600)` passed [got Operation not supported]


test_anon_inodefs_share_inode: `get_mode(fds[i].fd)` passed [got Success]


test_anon_inodefs_share_inode: `set_mode(fds[i].fd, 0600)` passed [got Operation not supported]


test_anon_inodefs_share_inode: `get_mode(fds[i].fd)` passed [got Success]


test_anon_inodefs_share_inode: `set_mode(fds[i].fd, 0600)` passed [got Operation not supported]


test_anon_inodefs_share_inode: `get_mode(fds[i].fd)` passed [got Success]


test_anon_inodefs_share_inode: `set_mode(fds[i].fd, 0600)` passed [got Operation not supported]


test_anon_inodefs_share_inode: `get_mode(fds[i].fd)` passed [got Success]


test_anon_inodefs_share_inode: `set_mode(fds[i].fd, 0600)` passed [got Operation not supported]


test_anon_inodefs_share_inode summary: 12 tests passed, 0 tests failed


test_nsfs_inode: `get_mode(ns_uts_fd)` passed [got Success]


test_nsfs_inode: `set_mode(ns_uts_fd, 0600)` passed [got Operation not permitted]


test_nsfs_inode summary: 2 tests passed, 0 tests failed


test_pseudo_mount: `read_fdinfo_mnt_id(groups[i].fds[0])` passed [got Success]


test_pseudo_mount: `read_fdinfo_mnt_id(groups[i].fds[j])` passed [got Success]


test_pseudo_mount: `read_fdinfo_mnt_id(groups[i].fds[0])` passed [got Success]


test_pseudo_mount: `read_fdinfo_mnt_id(groups[i].fds[j])` passed [got Success]


test_pseudo_mount: `read_fdinfo_mnt_id(groups[i].fds[0])` passed [got Success]


test_pseudo_mount: `read_fdinfo_mnt_id(groups[i].fds[j])` passed [got Success]


test_pseudo_mount: `read_fdinfo_mnt_id(groups[i].fds[j])` passed [got Success]


test_pseudo_mount: `read_fdinfo_mnt_id(groups[i].fds[j])` passed [got Success]


test_pseudo_mount: `read_fdinfo_mnt_id(groups[i].fds[j])` passed [got Success]


test_pseudo_mount: `read_fdinfo_mnt_id(groups[i].fds[0])` passed [got Success]


test_pseudo_mount: `read_fdinfo_mnt_id(groups[i].fds[0])` passed [got Success]


test_pseudo_mount: `read_fdinfo_mnt_id(groups[i].fds[0])` passed [got Success]


test_pseudo_mount: `0` passed [got Success]


test_pseudo_mount: `0` passed [got Success]


test_pseudo_mount: `0` passed [got Success]


test_pseudo_mount: `0` passed [got Success]


test_pseudo_mount: `0` passed [got Success]


test_pseudo_mount: `0` passed [got Success]


test_pseudo_mount: `0` passed [got Success]


test_pseudo_mount: `0` passed [got Success]


test_pseudo_mount: `0` passed [got Success]


test_pseudo_mount: `0` passed [got Success]


test_pseudo_mount: `0` passed [got Success]


test_pseudo_mount: `0` passed [got Success]


test_pseudo_mount: `0` passed [got Success]


test_pseudo_mount: `0` passed [got Success]


test_pseudo_mount: `0` passed [got Success]


test_pseudo_mount summary: 27 tests passed, 0 tests failed


test_symlink_trailing_slash_nofollow: `open("/ext2/symlink_test" "/dir_link" "/", 00 | 0400000)` passed [got Success]


test_symlink_trailing_slash_nofollow: `close(fd)` passed [got Success]


test_symlink_trailing_slash_nofollow summary: 2 tests passed, 0 tests failed


test_symlink_trailing_slash_nofollow_non_directory_returns_enotdir: `open("/ext2/symlink_test" "/file_link" "/", 00 | 0400000)` passed [got Not a directory]


test_symlink_trailing_slash_nofollow_non_directory_returns_enotdir summary: 1 tests passed, 0 tests failed


test_open_creat_excl_nofollow_symlink: `open("/ext2/symlink_test" "/dir_link", 0100 | 0200 | 0400000 | 02, 0644)` passed [got File exists]


test_open_creat_excl_nofollow_symlink summary: 1 tests passed, 0 tests failed


All test in /test/fs passed.


All regression tests passed.


